frame,monotonic_frame_gap_ms
0,16.6895
1,16.6394
2,16.6710
3,16.6733
4,16.6486
5,16.7081
6,17.0663
7,16.2976
8,16.6307
9,16.6140
10,17.1176
11,18.0334
12,14.9584
13,16.5649
14,17.2162
15,16.0799
16,16.7551
17,16.6481
18,17.2876
19,16.1165
20,17.0511
21,16.2703
22,17.7990
23,15.4051
24,16.8136
25,16.7005
26,16.5511
27,16.6841
28,16.6722
29,16.6990
30,16.6712
31,16.6009
32,16.7481
33,16.6958
34,16.5202
35,16.7565
36,16.6502
37,16.7565
38,17.0930
39,32.9944
40,16.3727
41,16.7739
42,16.7138
43,16.6850
44,17.0859
45,17.1317
46,15.7073
47,16.8077
48,16.5618
49,16.6545
50,16.6439
51,16.5933
52,16.7306
53,16.5941
54,16.7462
55,17.0951
56,16.5733
57,17.5503
58,15.3435
59,16.7162
60,16.6630
61,16.6004
62,16.7577
63,16.6634
64,16.6448
65,16.5913
66,16.7531
67,16.6327
68,16.6774
69,16.6496
70,16.8183
71,16.9554
72,16.3996
73,16.5773
74,16.6235
75,16.6633
76,16.6808
77,16.6376
78,16.7083
79,16.6295
80,16.7237
81,16.6638
82,16.5223
83,17.7980
84,15.6260
85,16.6862
86,16.6244
87,16.6293
88,16.7314
89,16.6752
90,16.6274
91,16.7786
92,16.8595
93,16.3438
94,16.6137
95,16.7933
96,16.5607
97,16.6571
98,17.2524
99,16.1520
100,16.6820
101,16.6501
102,16.7235
103,16.6367
104,16.6469
105,17.2399
106,16.0860
107,16.6984
108,16.6638
109,16.6714
110,16.5008
111,17.4135
112,15.9532
113,16.7376
114,16.7927
115,16.5220
116,16.7034
117,16.8508
118,16.4525
119,16.5584
120,16.7151
121,16.8075
122,16.5742
123,16.6906
124,17.0083
125,16.3084
126,16.7474
127,16.7192
128,16.5404
129,16.5996
130,16.7657
131,16.6002
132,16.6780
133,16.7019
134,16.6888
135,16.6102
136,16.6088
137,17.1790
138,16.1416
139,16.8039
140,16.7305
141,16.5397
142,16.5788
143,16.7685
144,16.7156
145,16.6089
146,16.5844
147,16.8090
148,16.5367
149,16.8418
150,17.2124
151,16.2936
152,16.6389
153,16.4650
154,16.6190
155,16.6571
156,16.7183
157,16.6581
158,16.6516
159,16.6966
160,16.5612
161,16.7160
162,16.6443
163,18.0074
164,16.1481
165,16.1748
166,16.3508
167,16.6764
168,16.5834
169,17.1925
170,16.1864
171,16.6305
172,16.7023
173,16.7032
174,16.6519
175,17.2050
176,17.0446
177,16.3639
178,15.9832
179,16.7097
180,16.6194
181,16.7094
182,16.6295
183,16.6198
184,16.7768
185,16.7083
186,16.7531
187,16.4925
188,16.7826
189,16.5749
190,16.9912
191,16.6337
192,16.4058
193,16.7115
194,16.6109
195,16.7461
196,16.5683
197,16.6201
198,16.7565
199,16.5535
200,16.7734
201,16.6550
202,16.6117
203,16.7414
204,16.6749
205,17.4037
206,16.4506
207,16.0045
208,16.7013
209,16.7052
210,16.6995
211,16.7255
212,16.5422
213,17.2991
214,16.0123
215,16.7268
216,16.6075
217,16.6834
218,17.4971
219,15.8613
220,16.6795
221,16.6575
222,16.6555
223,16.7792
224,16.8396
225,16.7073
226,16.3840
227,16.6197
228,16.7626
229,28.8157
230,4.3057
231,16.8496
232,16.6187
233,16.7295
234,16.5821
235,16.7791
236,16.5151
237,16.8239
238,16.5833
239,16.6348
240,16.6480
241,16.8357
242,16.5895
243,16.6382
244,16.6493
245,16.6290
246,16.8306
247,16.5936
248,17.9391
249,16.4558
250,15.4770
251,16.7590
252,16.6328
253,16.6951
254,16.6800
255,16.7528
256,16.4178
257,16.8036
258,16.5919
259,16.9033
260,16.3951
261,17.0887
262,16.6951
263,16.6636
264,16.3969
265,16.4776
266,16.7084
267,16.6394
268,16.7401
269,16.6321
270,16.7864
271,16.6562
272,16.5436
273,16.5801
274,18.6717
275,15.2005
276,16.1660
277,16.7229
278,16.6171
279,16.6270
280,16.7199
281,16.7107
282,16.6091
283,16.7094
284,16.6269
285,16.9233
286,18.9645
287,15.5105
288,15.5906
289,16.2906
290,16.7426
291,16.7045
292,16.5744
293,16.7666
294,17.2344
295,16.0322
296,18.6201
297,16.1855
298,17.2706
299,15.2952
300,16.1380
301,16.6003
302,16.5709
303,16.7364
304,16.5955
305,16.7170
306,16.5780
307,16.7903
308,16.6222
309,16.8549
310,17.8840
311,15.1917
312,18.2693
313,15.1468
314,17.7488
315,15.5853
316,16.5654
317,16.8509
318,16.6506
319,16.6031
320,16.6044
321,16.9959
322,16.3629
323,16.6204
324,16.7315
325,16.7550
326,17.0291
327,16.1236
328,16.7105
329,16.7307
330,16.6158
331,16.6230
332,16.6497
333,17.6342
334,16.6964
335,15.6702
336,16.7227
337,16.6091
338,16.7220
339,16.5733
340,18.4525
341,14.8782
342,16.7208
343,16.7705
344,16.6449
345,16.9480
346,16.5034
347,16.4422
348,16.6727
349,29.8069
350,3.4753
351,16.7411
352,16.6197
353,16.6947
354,16.6739
355,16.7328
356,16.6156
357,16.7993
358,16.5737
359,16.6882
360,16.6697
361,16.6817
362,16.5547
363,16.6789
364,16.6700
365,16.6521
366,16.6526
367,17.0147
368,17.3656
369,17.3014
370,15.5742
371,16.1089
372,17.6060
373,16.7200
374,15.7207
375,16.7942
376,16.4967
377,17.9991
378,15.3422
379,16.8818
380,17.0137
381,18.8793
382,14.5720
383,16.1455
384,16.6748
385,16.6194
386,16.6579
387,16.6183
388,16.8719
389,17.2391
390,15.8912
391,16.6810
392,16.8722
393,16.5325
394,16.4289
395,17.0466
396,16.4351
397,16.6026
398,16.6550
399,16.6850
400,16.6541
401,16.6851
402,16.8477
403,16.4887
404,17.7687
405,15.7107
406,16.5521
407,16.6597
408,16.6377
409,16.6126
410,16.7177
411,16.7092
412,16.5673
413,16.7192
414,16.8936
415,16.3006
416,17.8807
417,16.0937
418,16.7034
419,16.1110
420,16.6206
421,16.6640
422,16.6139
423,16.7540
424,16.6886
425,16.6378
426,16.8466
427,16.4534
428,16.7628
429,18.5014
430,14.7627
431,16.7102
432,16.6056
433,16.6792
434,16.6782
435,16.8579
436,16.4312
437,16.7635
438,16.5692
439,16.8677
440,17.4981
441,16.9493
442,15.3496
443,16.6629
444,16.6915
445,16.5599
446,16.7637
447,16.6652
448,16.7408
449,16.5785
450,16.7865
451,16.5370
452,16.6380
453,16.6076
454,16.8092
455,16.7200
456,16.7495
457,16.4060
458,16.7936
459,16.5871
460,30.9019
461,2.9364
462,16.1697
463,16.5974
464,17.7531
465,17.1212
466,15.1797
467,16.8096
468,16.5544
469,30.7041
470,2.4892
471,16.8746
472,16.5945
473,17.0437
474,16.2835
475,16.7422
476,16.5946
477,16.6786
478,16.6965
479,16.6360
480,16.6892
481,16.5804
482,17.0173
483,17.6458
484,15.8948
485,16.1600
486,16.6404
487,16.6911
488,16.7183
489,16.9676
490,16.8393
491,16.2400
492,16.5472
493,16.7617
494,16.6163
495,16.6936
496,16.6918
497,16.6518
498,16.5990
499,16.7504
500,16.5993
501,16.7191
502,16.5640
503,16.8131
504,16.5762
505,16.5829
506,17.0232
507,16.3035
508,16.7676
509,16.6250
510,16.6874
511,17.3826
512,15.9538
513,16.8621
514,16.7154
515,16.4254
516,16.9152
517,16.4583
518,16.6102
519,16.7036
520,16.7910
521,16.5494
522,16.7315
523,16.5028
524,16.6877
525,18.1776
526,15.4629
527,16.4135
528,16.6397
529,16.5611
530,16.8137
531,16.6501
532,16.6812
533,16.8251
534,16.5333
535,16.6442
536,17.6253
537,16.0888
538,17.0218
539,16.3053
540,17.5484
541,15.9190
542,16.1340
543,16.7995
544,16.5343
545,16.8180
546,16.5248
547,16.8881
548,16.3968
549,16.6291
550,16.7744
551,17.4698
552,16.7458
553,15.6833
554,16.7036
555,16.7398
556,16.5822
557,17.4965
558,15.8353
559,16.8969
560,16.7105
561,17.1577
562,16.7259
563,16.2168
564,17.1963
565,15.8049
566,16.5960
567,16.6725
568,16.7294
569,16.6069
570,16.7269
571,16.8284
572,16.5171
573,16.9535
574,17.4564
575,16.9975
576,15.2297
577,17.9785
578,15.3401
579,18.3045
580,15.5914
581,16.1277
582,17.0924
583,16.1906
584,16.8174
585,16.4976
586,16.6649
587,16.7094
588,16.6637
589,31.5511
590,1.5716
591,16.8951
592,16.7617
593,16.5763
594,16.8522
595,16.5372
596,16.6614
597,17.0589
598,16.6145
599,16.6574
600,16.2247
601,16.7159
602,16.8635
603,16.5982
604,16.5336
605,18.1013
606,15.2310
607,16.6262
608,16.6539
609,16.7873
610,16.6481
611,16.6345
612,16.5852
613,16.7175
614,16.6645
615,16.7421
616,16.6220
617,16.7321
618,16.5262
619,16.8315
620,16.7796
621,16.4342
622,16.7689
623,16.5320
624,18.5461
625,14.7979
626,17.1867
627,16.1101
628,16.7904
629,16.6602
630,16.7757
631,16.4919
632,18.2850
633,17.0512
634,15.5436
635,16.6169
636,16.0689
637,17.5584
638,16.1610
639,16.0090
640,16.7547
641,16.6898
642,16.6257
643,16.6332
644,16.7473
645,16.7709
646,16.4330
647,16.6091
648,16.6773
649,16.7152
650,16.6381
651,16.7366
652,16.6734
653,16.6918
654,16.6102
655,17.4900
656,17.6424
657,15.5662
658,16.4960
659,18.1941
660,15.1018
661,17.0892
662,15.7424
663,16.7331
664,16.7937
665,17.1561
666,16.0201
667,16.8489
668,16.9330
669,17.7192
670,15.1597
671,16.6642
672,16.6814
673,16.6245
674,17.8566
675,16.0760
676,16.0507
677,16.7134
678,16.7241
679,16.6069
680,16.7671
681,17.0418
682,16.2460
683,16.6035
684,16.7671
685,16.6540
686,17.4778
687,16.7876
688,15.7364
689,16.6360
690,16.6129
691,16.6824
692,16.6217
693,16.6897
694,16.6509
695,16.6794
696,16.6746
697,16.7113
698,16.5820
699,16.9351
700,16.4146
701,16.6458
702,16.6237
703,16.7710
704,17.0076
705,16.2508
706,16.6626
707,16.7413
708,16.6023
709,30.3131
710,3.2393
711,16.5794
712,16.6490
713,16.5814
714,17.1870
715,16.1648
716,17.2548
717,16.6846
718,15.9825
719,16.6656
720,16.6258
721,16.6609
722,16.6833
723,16.7469
724,16.5925
725,16.7330
726,16.6806
727,16.6848
728,16.8577
729,17.2739
730,16.6853
731,15.7403
732,16.6909
733,16.6860
734,16.6105
735,16.8238
736,16.5160
737,16.6522
738,16.7488
739,16.6619
740,16.7398
741,16.6925
742,16.9038
743,16.2657
744,16.6641
745,16.7151
746,16.7039
747,16.5765
748,16.7265
749,16.6364
750,16.7161
751,16.6395
752,17.0389
753,16.6976
754,16.2964
755,16.7990
756,16.4695
757,16.6426
758,16.7776
759,16.6267
760,16.8640
761,16.5273
762,16.8785
763,16.5913
764,16.4855
765,16.7298
766,16.8886
767,16.3626
768,17.1965
769,16.0754
770,16.6195
771,16.8199
772,16.6303
773,16.6274
774,16.6359
775,16.7316
776,17.0246
777,16.7095
778,16.2729
779,16.7502
780,16.4220
781,17.0688
782,16.3398
783,16.7270
784,16.6154
785,16.6345
786,16.7025
787,17.1150
788,16.0952
789,16.8806
790,16.6413
791,16.7758
792,16.6869
793,16.7717
794,16.5686
795,17.3088
796,15.7773
797,16.6629
798,16.6851
799,16.9880
800,16.4512
801,16.6686
802,16.6003
803,16.8294
804,16.6693
805,16.4385
806,16.8245
807,16.7556
808,16.4635
809,16.6904
810,16.8121
811,16.6740
812,16.4949
813,16.6637
814,16.6427
815,16.6960
816,16.6487
817,16.6867
818,16.5783
819,17.1269
820,16.5666
821,16.4752
822,17.9074
823,15.2826
824,16.6142
825,16.8118
826,16.6853
827,16.6120
828,16.6656
829,29.4110
830,3.7849
831,16.8541
832,16.6479
833,16.6937
834,16.8340
835,17.3992
836,15.7536
837,16.6442
838,16.6309
839,16.6696
840,16.7370
841,16.5556
842,16.6780
843,16.7742
844,16.6674
845,16.4533
846,16.8965
847,16.7494
848,16.5752
849,17.0313
850,16.1787
851,16.7016
852,16.6322
853,16.6569
854,16.6718
855,16.6608
856,16.6488
857,16.7475
858,16.6588
859,16.7804
860,16.6372
861,17.0351
862,16.4068
863,16.3950
864,16.7574
865,16.5779
866,16.6710
867,16.6978
868,16.6557
869,16.6986
870,16.5271
871,16.6443
872,16.8025
873,16.6376
874,16.6430
875,17.2747
876,15.9523
877,16.9550
878,16.5702
879,16.6375
880,16.6875
881,16.7698
882,16.5508
883,16.6679
884,16.6111
885,16.7388
886,16.5156
887,16.6775
888,17.0194
889,17.2469
890,15.8111
891,16.6588
892,16.6929
893,16.6124
894,16.7522
895,16.4993
896,17.2470
897,16.2828
898,16.6137
899,17.3575
900,16.6964
901,18.5831
902,13.9905
903,16.8980
904,16.6163
905,16.5463
906,16.5763
907,16.7960
908,16.6027
909,16.6466
910,16.6503
911,16.5862
912,16.8722
913,16.6433
914,16.9121
915,16.8890
916,17.0597
917,16.0020
918,16.4173
919,16.6257
920,16.5908
921,16.9489
922,16.4314
923,16.6917
924,16.6922
925,16.6625
926,16.6523
927,16.8769
928,16.4720
929,16.6906
930,16.8875
931,16.3936
932,16.6879
933,16.6695
934,16.6799
935,16.7875
936,16.5774
937,16.7544
938,16.4609
939,16.7906
940,16.6336
941,16.5696
942,17.0394
943,16.7397
944,17.0562
945,15.8663
946,16.6773
947,16.7586
948,16.5180
949,27.4392
950,5.9140
951,16.7354
952,16.6996
953,16.5844
954,16.9659
955,16.4296
956,16.6912
957,16.5765
958,17.2613
959,17.5121
960,15.4248
961,16.4704
962,16.8265
963,16.5365
964,16.6448
965,16.6517
966,16.7122
967,16.7046
968,16.6010
969,16.6930
970,17.4660
971,16.3632
972,17.5880
973,15.2406
974,16.5807
975,16.8003
976,16.6818
977,16.5373
978,16.7296
979,16.6160
980,16.6738
981,16.6539
982,16.7220
983,16.6784
984,16.6744
985,16.6611
986,16.5444
987,16.9881
988,17.1362
989,15.9312
990,18.9811
991,16.6424
992,14.4137
993,16.5804
994,16.7160
995,16.5510
996,16.7209
997,16.7363
998,16.6735
999,16.6762
1000,16.7002
1001,16.5923
1002,17.6943
1003,16.2556
1004,18.6147
1005,14.1457
1006,16.6095
1007,17.5008
1008,15.8845
1009,16.6478
1010,16.6497
1011,16.6851
1012,17.5955
1013,15.7372
1014,16.7639
1015,16.6029
1016,16.6351
1017,16.7180
1018,16.6145
1019,16.5353
1020,16.7858
1021,16.7325
1022,16.6487
1023,16.7167
1024,16.5474
1025,16.6756
1026,17.1296
1027,16.1654
1028,16.6080
1029,16.7472
1030,16.7744
1031,16.6222
1032,16.8541
1033,16.4778
1034,16.6253
1035,16.7661
1036,16.6131
1037,16.7994
1038,16.4069
1039,16.7684
1040,17.2485
1041,16.3886
1042,18.2309
1043,14.9036
1044,16.5594
1045,17.4752
1046,15.7697
1047,16.7551
1048,16.6873
1049,16.6200
1050,16.6510
1051,16.7089
1052,16.6649
1053,16.7723
1054,17.0022
1055,16.2166
1056,16.7165
1057,16.6081
1058,16.7497
1059,16.6951
1060,16.5121
1061,16.6540
1062,16.6877
1063,16.7724
1064,17.1290
1065,16.4686
1066,16.5833
1067,16.6680
1068,28.4158
1069,4.4431
1070,16.7589
1071,16.8148
1072,16.5810
1073,16.6501
1074,16.8185
1075,16.5240
1076,16.6340
1077,16.7980
1078,16.8198
1079,16.5271
1080,16.6476
1081,17.9676
1082,15.8329
1083,16.0683
1084,16.7812
1085,16.5470
1086,16.7868
1087,16.6601
1088,16.5626
1089,17.2970
1090,16.9843
1091,15.7073
1092,17.6568
1093,15.7147
1094,16.5509
1095,16.7783
1096,16.7935
1097,16.5773
1098,16.7224
1099,16.5402
1100,16.7483
1101,16.6896
1102,16.6837
1103,16.4374
1104,17.0324
1105,16.3629
1106,16.8370
1107,16.5531
1108,16.7525
1109,17.0828
1110,16.8934
1111,16.0983
1112,16.5948
1113,16.7199
1114,16.8302
1115,17.2655
1116,15.7205
1117,16.6776
1118,16.6503
1119,16.6865
1120,16.7024
1121,16.6998
1122,16.7061
1123,18.8737
1124,15.6724
1125,15.4123
1126,17.3404
1127,17.4430
1128,15.2318
1129,16.6052
1130,16.7091
1131,16.6429
1132,16.6848
1133,16.7070
1134,16.6171
1135,16.6745
1136,16.6553
1137,16.7204
1138,22.0553
1139,13.5405
1140,16.8996
1141,14.1954
1142,16.5895
1143,16.7022
1144,16.4983
1145,16.9525
1146,16.4812
1147,16.5811
1148,16.7438
1149,16.8379
1150,16.9819
1151,16.9504
1152,16.7094
1153,15.8963
1154,16.8164
1155,16.4635
1156,16.7096
1157,16.6232
1158,16.6925
1159,16.5723
1160,16.8353
1161,16.4640
1162,16.7332
1163,16.7376
1164,16.7416
1165,16.5650
1166,16.9996
1167,16.7904
1168,16.2863
1169,16.5824
1170,16.6337
1171,16.6251
1172,16.7247
1173,16.7149
1174,16.5714
1175,16.7209
1176,16.6054
1177,16.8387
1178,16.5989
1179,18.4644
1180,14.8214
1181,16.6505
1182,16.7470
1183,16.5853
1184,16.8965
1185,17.0415
1186,16.1003
1187,16.5885
1188,16.7096
1189,27.7014
1190,5.5556
1191,17.1970
1192,16.2524
1193,16.5700
1194,16.7994
1195,16.6268
1196,16.5992
1197,16.6242
1198,16.9887
1199,18.4649
1200,14.5083
1201,16.7975
1202,16.5853
1203,16.7865
1204,16.5624
1205,17.9449
1206,15.4685
1207,16.7335
1208,16.5376
1209,16.7516
1210,17.0235
1211,16.8890
1212,15.9821
1213,16.7073
1214,16.6424
1215,16.6254
1216,16.8012
1217,16.5971
1218,16.6644
1219,16.7811
1220,16.5474
1221,16.8602
1222,16.4786
1223,16.6969
1224,16.6260
1225,16.6126
1226,16.6791
1227,16.7894
1228,16.6081
1229,16.7609
1230,16.5907
1231,16.7212
1232,17.6667
1233,16.5610
1234,15.9361
1235,16.7857
1236,16.2614
1237,16.7738
1238,16.5207
1239,16.7466
1240,16.7988
1241,16.3841
1242,16.8672
1243,16.6173
1244,17.6696
1245,15.5473
1246,16.7409
1247,16.6296
1248,16.7247
1249,17.2044
1250,16.0974
1251,16.7270
1252,16.6314
1253,16.7356
1254,16.6346
1255,16.6327
1256,16.6943
1257,17.8323
1258,20.9766
1259,11.7358
1260,17.1328
1261,15.6782
1262,17.1711
1263,16.1316
1264,16.6596
1265,18.1991
1266,15.2658
1267,16.5041
1268,16.7446
1269,16.7291
1270,18.9273
1271,15.8531
1272,15.6708
1273,16.5168
1274,16.5838
1275,16.3168
1276,16.6971
1277,16.5676
1278,16.7758
1279,16.6470
1280,16.6302
1281,16.6631
1282,17.1451
1283,16.4973
1284,17.6958
1285,17.5394
1286,18.2164
1287,13.4928
1288,16.1297
1289,16.6271
1290,16.6942
1291,16.6343
1292,16.5876
1293,16.9268
1294,16.8393
1295,16.7195
1296,16.5463
1297,16.3529
1298,16.8581
1299,16.5061
1300,16.6173
1301,16.6612
1302,16.6401
1303,16.7214
1304,16.6567
1305,17.3773
1306,16.5341
1307,16.0197
1308,16.9017
1309,28.8434
1310,4.2330
1311,16.7393
1312,16.9923
1313,16.3497
1314,16.5775
1315,16.6970
1316,16.8219
1317,16.6552
1318,16.9708
1319,16.7383
1320,16.7005
1321,16.5587
1322,16.2626
1323,16.8543
1324,16.4969
1325,16.7091
1326,16.6187
1327,16.7248
1328,16.5484
1329,16.7244
1330,16.7542
1331,16.5666
1332,16.6247
1333,16.8952
1334,16.4497
1335,16.7349
1336,16.7470
1337,16.7871
1338,16.4706
1339,16.7221
1340,16.5057
1341,16.7060
1342,16.7308
1343,17.4643
1344,15.9653
1345,16.5917
1346,17.1738
1347,16.1569
1348,16.5554
1349,16.6501
1350,16.8206
1351,16.7752
1352,17.0289
1353,16.6754
1354,16.1245
1355,16.6501
1356,16.7709
1357,16.5598
1358,16.6214
1359,16.7265
1360,16.5847
1361,16.7222
1362,16.6321
1363,16.7076
1364,16.8297
1365,16.5379
1366,16.8475
1367,16.9000
1368,16.2059
1369,16.6455
1370,17.7661
1371,17.3603
1372,14.9509
1373,17.0897
1374,16.2453
1375,19.0408
1376,16.0483
1377,16.3722
1378,17.2558
1379,15.6222
1380,18.1101
1381,16.4476
1382,14.4158
1383,16.6743
1384,17.7974
1385,15.5505
1386,16.7067
1387,16.6253
1388,16.5013
1389,16.7806
1390,16.6302
1391,17.1283
1392,16.3917
1393,16.6134
1394,17.1662
1395,16.5740
1396,16.1109
1397,16.6098
1398,16.7658
1399,16.4767
1400,16.8100
1401,16.6347
1402,16.7898
1403,17.0436
1404,16.2331
1405,16.6317
1406,16.6238
1407,16.7153
1408,16.5646
1409,17.2614
1410,16.1675
1411,17.1898
1412,16.1406
1413,16.6607
1414,16.6686
1415,16.7080
1416,16.6645
1417,16.5898
1418,16.7688
1419,16.6042
1420,16.7607
1421,17.2986
1422,15.8984
1423,16.8084
1424,16.6426
1425,16.5683
1426,16.7883
1427,16.7141
1428,16.5904
1429,32.3097
1430,17.7668
1431,16.5318
1432,16.6757
1433,16.6276
1434,17.2314
1435,16.6356
1436,16.2384
1437,16.5695
1438,16.6538
1439,16.8026
1440,16.9549
1441,16.2416
1442,16.8556
1443,16.4778
1444,16.6826
1445,16.8071
1446,16.5214
1447,17.6260
1448,15.9126
1449,17.1044
1450,16.0154
1451,16.7016
1452,16.6282
1453,16.7109
1454,16.5680
1455,16.7696
1456,16.6437
1457,16.7587
1458,16.5680
1459,16.7178
1460,16.6778
1461,16.4865
1462,16.8444
1463,16.5370
1464,16.7044
1465,16.7608
1466,16.5207
1467,16.6506
1468,16.6730
1469,16.8392
1470,16.5614
1471,16.7014
1472,18.1460
1473,15.7942
1474,17.0434
1475,15.6919
1476,16.5658
1477,16.7356
1478,16.5699
1479,17.0776
1480,16.4170
1481,16.5448
1482,16.7688
1483,16.5699
1484,16.8077
1485,16.6267
1486,16.8333
1487,16.5886
1488,16.6114
1489,16.5608
1490,16.6140
1491,16.7180
1492,16.6703
1493,16.9628
1494,16.4181
1495,16.6354
1496,16.7100
1497,17.0167
1498,16.1986
1499,16.6705
1500,16.7073
1501,16.8272
1502,16.3968
1503,16.8319
1504,17.2650
1505,16.0076
1506,16.6773
1507,16.6815
1508,16.6287
1509,16.6032
1510,16.7185
1511,16.7679
1512,16.5604
1513,16.6529
1514,16.7748
1515,16.6124
1516,16.6046
1517,17.2853
1518,16.0671
1519,16.6859
1520,16.7496
1521,16.5264
1522,16.7688
1523,16.6073
1524,16.6999
1525,16.7043
1526,16.5737
1527,16.7552
1528,16.6026
1529,16.7714
1530,16.5922
1531,16.5452
1532,16.6840
1533,16.7887
1534,16.5769
1535,16.6704
1536,16.7794
1537,16.6002
1538,16.6542
1539,16.7300
1540,16.6895
1541,16.6323
1542,16.7576
1543,16.4660
1544,18.1137
1545,15.8424
1546,16.0536
1547,16.9420
1548,33.8550
1549,16.0237
1550,16.6045
1551,16.6525
1552,16.8224
1553,16.6424
1554,16.5410
1555,18.4958
1556,16.2121
1557,15.2545
1558,16.7050
1559,16.6749
1560,16.6891
1561,16.6186
1562,16.6949
1563,16.6098
1564,16.7978
1565,16.6096
1566,16.6458
1567,17.5391
1568,16.9581
1569,15.9094
1570,16.8869
1571,15.9842
1572,16.6161
1573,16.6608
1574,16.6995
1575,16.5861
1576,16.7054
1577,16.7306
1578,16.7243
1579,16.5427
1580,16.7200
1581,16.5972
1582,16.8450
1583,16.5777
1584,16.6360
1585,16.6222
1586,16.6778
1587,16.6326
1588,16.6601
1589,16.6860
1590,16.6559
1591,18.0225
1592,16.0597
1593,15.8666
1594,16.7605
1595,16.6801
1596,16.6085
1597,16.7861
1598,16.5802
1599,16.6094
1600,16.6486
1601,16.8290
1602,16.6309
1603,16.6161
1604,16.8612
1605,16.5277
1606,16.8648
1607,16.4565
1608,16.6342
1609,16.6397
1610,16.6652
1611,16.6003
1612,16.7844
1613,16.7249
1614,16.6014
1615,16.6022
1616,17.6259
1617,15.6621
1618,16.6832
1619,16.7075
1620,18.2431
1621,15.7501
1622,18.6197
1623,15.3526
1624,17.4223
1625,14.6494
1626,16.7557
1627,16.5323
1628,16.7125
1629,17.4083
1630,15.9306
1631,16.6480
1632,16.5937
1633,17.1173
1634,16.3316
1635,16.6113
1636,16.7366
1637,17.2407
1638,15.9151
1639,16.8484
1640,16.5308
1641,16.7486
1642,16.7102
1643,16.5961
1644,16.7135
1645,16.6119
1646,16.6784
1647,16.6124
1648,16.7245
1649,16.6749
1650,16.6656
1651,17.4157
1652,15.8711
1653,17.1709
1654,17.4082
1655,15.3457
1656,16.7615
1657,16.6936
1658,16.6889
1659,16.5547
1660,16.7387
1661,16.7943
1662,16.5036
1663,16.6197
1664,17.6890
1665,15.6000
1666,16.7332
1667,33.3993
1668,16.5703
1669,16.7474
1670,16.7272
1671,16.6173
1672,16.5384
1673,16.7636
1674,16.6826
1675,16.7574
1676,16.7777
1677,17.2590
1678,15.8344
1679,16.6494
1680,16.6667
1681,16.7180
1682,16.6551
1683,16.6215
1684,16.7172
1685,16.7623
1686,16.5418
1687,16.8869
1688,18.8419
1689,14.5218
1690,16.4477
1691,16.6137
1692,16.7303
1693,16.5580
1694,16.7562
1695,16.5842
1696,16.7340
1697,16.7404
1698,16.5662
1699,16.7013
1700,16.7034
1701,16.7040
1702,16.5896
1703,16.6811
1704,16.7035
1705,16.5868
1706,16.7908
1707,16.5671
1708,16.7031
1709,16.7290
1710,16.6535
1711,17.1513
1712,16.6160
1713,16.2675
1714,16.6334
1715,16.6507
1716,16.6049
1717,16.7083
1718,16.6578
1719,16.5594
1720,16.7664
1721,16.7335
1722,16.6218
1723,16.8381
1724,16.5070
1725,16.7660
1726,16.8531
1727,16.5380
1728,16.4965
1729,16.8343
1730,16.4938
1731,16.6797
1732,16.7199
1733,16.6625
1734,17.2687
1735,16.1025
1736,17.1858
1737,16.1854
1738,17.4196
1739,15.7514
1740,16.8398
1741,16.4893
1742,16.6407
1743,16.6873
1744,16.6201
1745,16.8182
1746,16.4994
1747,16.9413
1748,16.3917
1749,16.7003
1750,17.8080
1751,16.0966
1752,16.1004
1753,16.6642
1754,16.6215
1755,16.8735
1756,16.5211
1757,16.6358
1758,16.8090
1759,16.4901
1760,16.7431
1761,16.5845
1762,16.6815
1763,16.7544
1764,17.0863
1765,16.1774
1766,16.6832
1767,16.6720
1768,16.6799
1769,16.6803
1770,17.1018
1771,16.2205
1772,16.7103
1773,16.6246
1774,16.6544
1775,16.8590
1776,16.4946
1777,16.7523
1778,18.1751
1779,15.4072
1780,16.2591
1781,17.6114
1782,15.7797
1783,17.1604
1784,16.2572
1785,16.9852
1786,30.0345
1787,2.6544
1788,16.9326
1789,16.5889
1790,16.7394
1791,17.5091
1792,16.8704
1793,15.6622
1794,16.6133
1795,16.5602
1796,16.6784
1797,16.6556
1798,16.7195
1799,16.6267
1800,16.8213
1801,16.7509
1802,16.6955
1803,16.4095
1804,16.8341
1805,17.2259
1806,15.9722
1807,17.0810
1808,16.3350
1809,16.6492
1810,16.6215
1811,16.7840
1812,16.5396
1813,16.6125
1814,16.7419
1815,16.6277
1816,16.7008
1817,17.5118
1818,16.7545
1819,15.7265
1820,16.7172
1821,16.5254
1822,16.7774
1823,16.5850
1824,16.6619
1825,16.7161
1826,16.6896
1827,16.7573
1828,16.7540
1829,16.5124
1830,16.6543
1831,17.7810
1832,16.1817
1833,15.9333
1834,16.7661
1835,16.5614
1836,16.7640
1837,16.6433
1838,16.6519
1839,16.7113
1840,16.6424
1841,16.6329
1842,16.6980
1843,16.6423
1844,17.3660
1845,16.0121
1846,16.5142
1847,16.9102
1848,16.4574
1849,16.8978
1850,16.5644
1851,16.6404
1852,16.9319
1853,16.7833
1854,16.3695
1855,19.8498
1856,14.6979
1857,17.0624
1858,16.9790
1859,14.6953
1860,16.5740
1861,16.7203
1862,16.5524
1863,16.7225
1864,16.8797
1865,16.4491
1866,16.7126
1867,16.8376
1868,16.6062
1869,17.9356
1870,15.6350
1871,16.3629
1872,16.6472
1873,16.6154
1874,16.6613
1875,16.5685
1876,16.7645
1877,16.7423
1878,16.5555
1879,16.7173
1880,16.6356
1881,16.6609
1882,17.3879
1883,16.9496
1884,15.6754
1885,16.6070
1886,16.7640
1887,16.6648
1888,16.5979
1889,16.8210
1890,16.5132
1891,16.6404
1892,16.7218
1893,16.6334
1894,17.2559
1895,16.2222
1896,16.5994
1897,16.6175
1898,16.6997
1899,16.6087
1900,16.6801
1901,16.6784
1902,16.6965
1903,17.2693
1904,17.0096
1905,17.6719
1906,30.1830
1907,2.1773
1908,15.6439
1909,16.6554
1910,16.7381
1911,16.5615
1912,16.7522
1913,16.7048
1914,16.6764
1915,16.6839
1916,16.5747
1917,16.6729
1918,16.7296
1919,16.5994
1920,17.2307
1921,18.2435
1922,14.4723
1923,16.7508
1924,16.5888
1925,16.5993
1926,16.9777
1927,16.4431
1928,16.6780
1929,16.6101
1930,16.7391
1931,16.5733
1932,16.7865
1933,16.7893
1934,16.5804
1935,16.5993
1936,16.6936
1937,16.5965
1938,16.7724
1939,16.5500
1940,16.6134
1941,16.8304
1942,16.5617
1943,16.7084
1944,16.7420
1945,16.6790
1946,17.7191
1947,17.0622
1948,15.1616
1949,16.7034
1950,16.5222
1951,16.6896
1952,16.6674
1953,16.7042
1954,16.5775
1955,16.7272
1956,16.7103
1957,16.6465
1958,16.8951
1959,16.3379
1960,19.6630
1961,15.0118
1962,17.9531
1963,14.0549
1964,17.8196
1965,15.5371
1966,16.6774
1967,16.7078
1968,16.6277
1969,16.7000
1970,17.1315
1971,16.3023
1972,16.6479
1973,16.5532
1974,18.3352
1975,17.7440
1976,13.9033
1977,16.7865
1978,16.5662
1979,16.7282
1980,16.6403
1981,16.6532
1982,16.5935
1983,16.6900
1984,16.6749
1985,17.1113
1986,16.2870
1987,16.7362
1988,16.6332
1989,16.4841
1990,16.7401
1991,16.5883
1992,16.7065
1993,16.7179
1994,16.6874
1995,16.7418
1996,16.6901
1997,16.6765
1998,16.5309
1999,18.3855
2000,15.0030
2001,16.6397
2002,16.7554
2003,16.5418
2004,16.6788
2005,16.6198
2006,16.6963
2007,16.8277
2008,17.1945
2009,16.5566
2010,16.7867
2011,16.1097
2012,16.6248
2013,17.4612
2014,15.7094
2015,16.6934
2016,16.7973
2017,16.5082
2018,16.7196
2019,16.5960
2020,16.8671
2021,16.7300
2022,16.5356
2023,19.9839
2024,13.7971
2025,16.1688
2026,16.5621
2027,16.7223
2028,16.7226
2029,16.7640
2030,16.5884
2031,19.7767
2032,13.4726
2033,18.6378
2034,14.8229
2035,16.5445
2036,17.7543
2037,16.2739
2038,18.2010
2039,14.3614
2040,16.7207
2041,16.8462
2042,16.5338
2043,16.6541
2044,16.6682
2045,16.6824
2046,17.8149
2047,16.4506
2048,17.2785
2049,16.1202
2050,15.6460
2051,16.6845
2052,16.6136
2053,16.7360
2054,16.7226
2055,16.7958
2056,16.5281
2057,16.7294
2058,16.7973
2059,17.2532
2060,16.5191
2061,16.8544
2062,15.7241
2063,16.6907
2064,19.2985
2065,14.2074
2066,16.4944
2067,32.8755
2068,17.1631
2069,16.6288
2070,16.6242
2071,17.5038
2072,17.3268
2073,18.5656
2074,13.2909
2075,19.6611
2076,13.6162
2077,16.6723
2078,16.8577
2079,16.6201
2080,17.3088
2081,17.6625
2082,15.4747
2083,17.0236
2084,16.1883
2085,17.1668
2086,16.4392
2087,15.9784
2088,16.6545
2089,16.6658
2090,16.7649
2091,16.7777
2092,16.4818
2093,17.9406
2094,16.4855
2095,15.6323
2096,17.8314
2097,15.4273
2098,16.7531
2099,16.5897
2100,16.7104
2101,16.6844
2102,16.6845
2103,16.7207
2104,16.6975
2105,16.5900
2106,16.6107
2107,17.0219
2108,16.6504
2109,16.2365
2110,16.7503
2111,18.6217
2112,14.7017
2113,16.6672
2114,17.0282
2115,17.4217
2116,15.5459
2117,16.6292
2118,16.6326
2119,17.1433
2120,16.2624
2121,17.6708
2122,16.1332
2123,16.0912
2124,16.7709
2125,16.6312
2126,16.6073
2127,16.6897
2128,16.7217
2129,17.0537
2130,16.2684
2131,17.0166
2132,16.7182
2133,16.1766
2134,16.7261
2135,17.4448
2136,15.8760
2137,16.6716
2138,16.6402
2139,16.6600
2140,16.7146
2141,16.9725
2142,16.4114
2143,17.7516
2144,15.6835
2145,16.5547
2146,16.6307
2147,16.6138
2148,16.7099
2149,16.5615
2150,16.7161
2151,16.8004
2152,17.0625
2153,16.2060
2154,16.5973
2155,16.6882
2156,16.7021
2157,16.6169
2158,16.6657
2159,16.6687
2160,16.6888
2161,17.6211
2162,15.6145
2163,16.7682
2164,16.6386
2165,16.7080
2166,17.1384
2167,16.6273
2168,16.2235
2169,16.7349
2170,16.7118
2171,16.5152
2172,16.6412
2173,16.7838
2174,16.7081
2175,16.7792
2176,16.3859
2177,16.7601
2178,16.6587
2179,16.6033
2180,16.6712
2181,16.7403
2182,16.6397
2183,16.7094
2184,16.9825
2185,16.3384
2186,16.7149
2187,16.6480
2188,16.4925
2189,17.0388
2190,16.3557
2191,16.7800
2192,16.5708
2193,16.6192
2194,16.6248
2195,16.7556
2196,16.7797
2197,16.4459
2198,16.9561
2199,17.9787
2200,15.1402
2201,16.6851
2202,16.6629
2203,17.4186
2204,17.3241
2205,15.1669
2206,16.7428
2207,16.6929
2208,16.6474
2209,16.6237
2210,19.4673
2211,16.4728
2212,14.9735
2213,17.6000
2214,16.1296
2215,15.8960
2216,16.6519
2217,16.2542
2218,16.5846
2219,17.0417
2220,16.3174
2221,16.6966
2222,16.6689
2223,16.5956
2224,16.6894
2225,16.6788
2226,16.6490
2227,16.7848
2228,17.6537
2229,16.4107
2230,15.7089
2231,16.7485
2232,16.7146
2233,16.6502
2234,16.6778
2235,16.5795
2236,16.6851
2237,17.1161
2238,17.9455
2239,15.0027
2240,16.9738
2241,16.3644
2242,17.1470
2243,16.1541
2244,16.6727
2245,16.6627
2246,16.7560
2247,16.5740
2248,16.6625
2249,16.6961
2250,16.6013
2251,16.7242
2252,16.5875
2253,16.7095
2254,16.7644
2255,16.5557
2256,16.6491
2257,16.6624
2258,16.7545
2259,16.6652
2260,16.6718
2261,16.6207
2262,17.6495
2263,15.9289
2264,16.4411
2265,17.6836
2266,15.6333
2267,16.6846
2268,16.7219
2269,16.6346
2270,17.1654
2271,16.2606
2272,16.5594
2273,18.5568
2274,14.9123
2275,16.8287
2276,16.9266
2277,16.2064
2278,18.6180
2279,15.1710
2280,16.5509
2281,17.3637
2282,16.8229
2283,15.3764
2284,16.6194
2285,17.1306
2286,16.9790
2287,16.1631
2288,16.4918
2289,16.6004
2290,16.6920
2291,17.5583
2292,15.7762
2293,16.6664
2294,16.5713
2295,16.7094
2296,16.7509
2297,16.5422
2298,16.7572
2299,16.6260
2300,17.7018
2301,17.2232
2302,15.1249
2303,16.6000
2304,16.6132
2305,17.1311
2306,16.2360
2307,16.7508
2308,17.2174
2309,15.9951
2310,16.8386
2311,16.5467
2312,16.7004
2313,16.6263
2314,16.6328
2315,16.6885
2316,16.6615
2317,16.6407
2318,16.6990
2319,16.5717
2320,17.2023
2321,16.1505
2322,17.0016
2323,16.5438
2324,16.9626
2325,16.7752
2326,16.0764
2327,16.6690
2328,16.7435
2329,16.6235
2330,16.7306
2331,16.6641
2332,17.0124
2333,16.3076
2334,17.0348
2335,16.3396
2336,16.9064
2337,16.2977
2338,16.6403
2339,16.6499
2340,16.7475
2341,16.6818
2342,16.5917
2343,16.8050
2344,16.5823
2345,16.7113
2346,16.7217
2347,16.6002
2348,19.1025
2349,15.1830
2350,16.8071
2351,15.4080
2352,16.8249
2353,16.6047
2354,16.6406
2355,16.6844
2356,16.7901
2357,16.5039
2358,16.6825
2359,16.7333
2360,17.2720
2361,16.1012
2362,16.5441
2363,16.6961
2364,16.7565
2365,16.8471
2366,16.4485
2367,16.7233
2368,16.6129
2369,16.7644
2370,16.7220
2371,16.5070
2372,18.9563
2373,16.9826
2374,14.6329
2375,19.4580
2376,14.9820
2377,15.0330
2378,16.6721
2379,16.7019
2380,16.6559
2381,16.5458
2382,17.2709
2383,16.4132
2384,16.7014
2385,16.3340
2386,17.0149
2387,16.2153
2388,16.6770
2389,16.8012
2390,16.5092
2391,16.6606
2392,16.7274
2393,16.7144
2394,16.6436
2395,16.8009
2396,17.2721
2397,16.7391
2398,16.5179
2399,15.9075
2400,16.6702
2401,16.7118
2402,16.6298
2403,16.7286
2404,16.6533
2405,16.6718
2406,17.7860
2407,17.1692
2408,15.2609
2409,16.3622
2410,16.6816
2411,16.7000
2412,16.7286
2413,16.6741
2414,16.7246
2415,16.5544
2416,16.6361
2417,16.7324
2418,16.7485
2419,16.7257
2420,16.4361
2421,17.4814
2422,15.9322
2423,16.6927
2424,16.7044
2425,16.5321
2426,16.7541
2427,16.7681
2428,17.7672
2429,15.3865
2430,16.8262
2431,16.7084
2432,17.8586
2433,15.3566
2434,16.8075
2435,16.4475
2436,16.8660
2437,16.5372
2438,17.5713
2439,16.5056
2440,17.3308
2441,15.1783
2442,16.7855
2443,16.6972
2444,17.1855
2445,16.0913
2446,16.7019
2447,18.1432
2448,15.2266
2449,16.7995
2450,16.4982
2451,17.7398
2452,16.8406
2453,16.7712
2454,17.2245
2455,15.5556
2456,16.2890
2457,16.5613
2458,16.3539
2459,16.5972
2460,16.6201
2461,16.7291
2462,16.6114
2463,17.8370
2464,15.5319
2465,16.6499
2466,16.7971
2467,16.6105
2468,16.7788
2469,16.4812
2470,17.8566
2471,18.9147
2472,16.1510
2473,14.4976
2474,16.9165
2475,16.1076
2476,16.2994
2477,16.7262
2478,16.5707
2479,16.8293
2480,16.8570
2481,16.6620
2482,16.1904
2483,17.4756
2484,15.8824
2485,16.7013
2486,16.6927
2487,16.7129
2488,16.5851
2489,16.7548
2490,16.5949
2491,16.6572
2492,16.7897
2493,17.5613
2494,15.6578
2495,16.6201
2496,16.6905
2497,16.6782
2498,16.7446
2499,18.5713
2500,14.6263
2501,17.2307
2502,16.2203
2503,16.5970
2504,16.6445
2505,16.7171
2506,16.6580
2507,16.7267
2508,16.6221
2509,16.6983
2510,16.6577
2511,17.1077
2512,16.5910
2513,16.2815
2514,16.5304
2515,16.7920
2516,16.8307
2517,16.7241
2518,16.3206
2519,16.7330
2520,16.6421
2521,16.7568
2522,16.5868
2523,16.6908
2524,16.7350
2525,16.5856
2526,16.6916
2527,16.5944
2528,17.4270
2529,17.1651
2530,15.4022
2531,16.6596
2532,16.6617
2533,16.7276
2534,16.6797
2535,16.7596
2536,16.5625
2537,16.6630
2538,16.6607
2539,16.6931
2540,16.6661
2541,16.6253
2542,16.6739
2543,16.6515
2544,17.0401
2545,16.3177
2546,31.8306
2547,1.6845
2548,16.3376
2549,16.8477
2550,16.6290
2551,16.9759
2552,16.6461
2553,16.7475
2554,16.3180
2555,16.6616
2556,16.6221
2557,17.2454
2558,16.3286
2559,16.4175
2560,16.6236
2561,16.7609
2562,17.1545
2563,16.1309
2564,16.7339
2565,16.6277
2566,16.7386
2567,16.6770
2568,17.1338
2569,16.0720
2570,16.6891
2571,16.6800
2572,16.6665
2573,16.6521
2574,16.8210
2575,17.1943
2576,19.2518
2577,13.7143
2578,16.3956
2579,16.7748
2580,16.5788
2581,16.5887
2582,16.6371
2583,16.9848
2584,16.3309
2585,16.7228
2586,16.6251
2587,16.7594
2588,16.5616
2589,16.7037
2590,16.6681
2591,16.7215
2592,16.6382
2593,18.2376
2594,15.3643
2595,16.4524
2596,16.8318
2597,16.3724
2598,17.4668
2599,16.1486
2600,16.4450
2601,18.7670
2602,14.5010
2603,17.0051
2604,16.4461
2605,16.7662
2606,16.5175
2607,16.7406
2608,17.0937
2609,16.0671
2610,16.7836
2611,16.5256
2612,16.7569
2613,16.6106
2614,16.6376
2615,16.7999
2616,16.6231
2617,17.4754
2618,16.6110
2619,15.9301
2620,16.6403
2621,16.6486
2622,16.7618
2623,17.2181
2624,16.0518
2625,16.6037
2626,16.7685
2627,16.5410
2628,16.6700
2629,16.7653
2630,16.6263
2631,16.7262
2632,16.5505
2633,16.8053
2634,16.6493
2635,16.6592
2636,16.6062
2637,17.0469
2638,16.3100
2639,16.7117
2640,16.6742
2641,16.7103
2642,16.8874
2643,16.3425
2644,16.6077
2645,16.7291
2646,16.6888
2647,17.2622
2648,15.9694
2649,16.6468
2650,16.7906
2651,16.6873
2652,16.5552
2653,16.7698
2654,16.8233
2655,16.5405
2656,16.5961
2657,16.7220
2658,16.5654
2659,16.6629
2660,17.0796
2661,16.7595
2662,16.1804
2663,16.6301
2664,16.6938
2665,16.6303
2666,16.6468
2667,16.7706
2668,16.6315
2669,16.6812
2670,16.7238
2671,16.5977
2672,17.0151
2673,16.8872
2674,16.1173
2675,16.5563
2676,16.8859
2677,16.6051
2678,17.5728
2679,15.5975
2680,16.8285
2681,16.6056
2682,16.6830
2683,16.6666
2684,16.5781
2685,16.6885
2686,16.7875
2687,16.7676
2688,16.6264
2689,16.4706
2690,16.7030
2691,16.7762
2692,17.0172
2693,16.2002
2694,16.6686
2695,16.7054
2696,16.5995
2697,16.6239
2698,16.7771
2699,16.6980
2700,16.5598
2701,16.6920
2702,16.5662
2703,17.1375
2704,16.3476
2705,16.9193
2706,16.7326
2707,16.2650
2708,16.6815
2709,16.6870
2710,16.6778
2711,16.6391
2712,16.7222
2713,16.6666
2714,16.6775
2715,16.6487
2716,16.7444
2717,16.6735
2718,17.1206
2719,16.0670
2720,16.7395
2721,16.5814
2722,16.7269
2723,16.6809
2724,16.6605
2725,16.6074
2726,16.6253
2727,16.7566
2728,16.6783
2729,16.7136
2730,17.3357
2731,15.8727
2732,16.6689
2733,16.6713
2734,16.7619
2735,16.5174
2736,16.7536
2737,16.7049
2738,16.5779
2739,16.6572
2740,16.7305
2741,16.8269
2742,17.2878
2743,16.6159
2744,15.8672
2745,16.8250
2746,16.5469
2747,16.5732
2748,16.7239
2749,16.6399
2750,16.6928
2751,16.6392
2752,16.8190
2753,16.6273
2754,16.6235
2755,16.8342
2756,16.7918
2757,16.9553
2758,16.0325
2759,16.9953
2760,16.3161
2761,16.6885
2762,16.6638
2763,16.7411
2764,16.7231
2765,16.5393
2766,16.6340
2767,17.5437
2768,16.8104
2769,15.8639
2770,17.1459
2771,15.9732
2772,16.6812
2773,16.6875
2774,16.6192
2775,16.9307
2776,16.4219
2777,16.7908
2778,16.6127
2779,16.7391
2780,16.5717
2781,16.6001
2782,16.7746
2783,16.6089
2784,16.6045
2785,17.1617
2786,16.2731
2787,16.5823
2788,16.6689
2789,16.6994
2790,16.6651
2791,16.6610
2792,16.5494
2793,16.7333
2794,16.6253
2795,16.8787
2796,16.6846
2797,17.3094
2798,16.6033
2799,15.8663
2800,16.7131
2801,16.6992
2802,16.6701
2803,16.6605
2804,16.6410
2805,16.6042
2806,16.8746
2807,16.5137
2808,16.6892
2809,16.6866
2810,16.5305
2811,17.1374
2812,16.3649
2813,16.5714
2814,17.1612
2815,16.6514
2816,16.6220
2817,16.7727
2818,16.1674
2819,16.6791
2820,16.8361
2821,16.5187
2822,16.5702
2823,16.7870
2824,16.7617
2825,16.4188
2826,16.7667
2827,16.6699
2828,17.0184
2829,17.5990
2830,15.8848
2831,16.1230
2832,16.6759
2833,16.6812
2834,16.6457
2835,16.6833
2836,16.6822
2837,16.5720
2838,16.9351
2839,16.9074
2840,16.6847
2841,16.5921
2842,16.2998
2843,16.6960
2844,16.6150
2845,16.6543
2846,16.6915
2847,16.6660
2848,16.6758
2849,16.5525
2850,16.8068
2851,16.6306
2852,16.9867
2853,16.5791
2854,16.4680
2855,16.5258
2856,16.7383
2857,16.6901
2858,16.6095
2859,16.7591
2860,16.6413
2861,16.6764
2862,16.6406
2863,17.0305
2864,16.5087
2865,16.4654
2866,16.8588
2867,16.4908
2868,16.5387
2869,16.7608
2870,16.6221
2871,16.7070
2872,16.7392
2873,16.6006
2874,16.6587
2875,16.6997
2876,16.5913
2877,16.7863
2878,16.7423
2879,16.7322
2880,17.4144
2881,16.9204
2882,16.1518
2883,17.8698
2884,15.2332
2885,16.3664
2886,16.6426
2887,16.9816
2888,17.3424
2889,16.0803
2890,16.6798
2891,16.0271
2892,16.7071
2893,16.6705
2894,16.8785
2895,16.9643
2896,16.6690
2897,16.1106
2898,16.6655
2899,17.3626
2900,16.2033
2901,16.7306
2902,16.3865
2903,16.6708
2904,16.7165
2905,16.6530
2906,16.7063
2907,16.6690
2908,16.6449
2909,16.6206
2910,16.6658
2911,16.6899
2912,16.9679
2913,16.9722
2914,16.0630
2915,16.6654
2916,16.6719
2917,16.8146
2918,16.5350
2919,17.0648
2920,16.6848
2921,16.2444
2922,16.6218
2923,16.7434
2924,16.8104
2925,16.8131
2926,16.3954
2927,16.5795
2928,16.7457
2929,16.6953
2930,16.6838
2931,16.5670
2932,16.6109
2933,16.7346
2934,16.8046
2935,17.2684
2936,16.2433
2937,16.7789
2938,16.5877
2939,16.3195
2940,16.9061
2941,16.5035
2942,16.4997
2943,16.8086
2944,16.8416
2945,16.4361
2946,16.7704
2947,16.6162
2948,17.1920
2949,16.6159
2950,16.1033
2951,16.6957
2952,16.7126
2953,16.6947
2954,16.4922
2955,16.7962
2956,16.6573
2957,16.6327
2958,16.9203
2959,16.4190
2960,17.2008
2961,16.6447
2962,16.1359
2963,16.9143
2964,16.3440
2965,16.7552
2966,16.5849
2967,16.7317
2968,16.6956
2969,16.6314
2970,16.7130
2971,16.7377
2972,16.9752
2973,17.7031
2974,15.6580
2975,16.1693
2976,16.7811
2977,16.5924
2978,16.6643
2979,16.7512
2980,16.6000
2981,16.6200
2982,16.7188
2983,16.6863
2984,16.9896
2985,31.8908
2986,3.6910
2987,17.4711
2988,14.6512
2989,15.8137
2990,16.2023
2991,16.5764
2992,16.6856
2993,16.8601
2994,16.4987
2995,16.6030
2996,17.2530
2997,16.1174
2998,16.6549
2999,17.7565
3000,15.4876
3001,16.7581
3002,17.0436
3003,16.3082
3004,16.6661
3005,16.6796
3006,17.1646
3007,16.6549
3008,16.1229
3009,16.7287
3010,16.7857
3011,16.6216
3012,16.5379
3013,16.6788
3014,16.7214
3015,16.6875
3016,16.5895
3017,16.6746
3018,16.6536
3019,16.6108
3020,16.8562
3021,16.4981
3022,16.6468
3023,16.7990
3024,16.6034
3025,16.7134
3026,18.5346
3027,19.0611
3028,13.0506
3029,17.0628
3030,16.4576
3031,16.9130
3032,16.0982
3033,16.5685
3034,16.5076
3035,16.9259
3036,16.2353
3037,16.6544
3038,16.6139
3039,20.1644
3040,13.5635
3041,16.3972
3042,17.4578
3043,16.3069
3044,15.9369
3045,17.0999
3046,16.3242
3047,17.8214
3048,17.6507
3049,32.4912
3050,15.3041
3051,16.8221
3052,18.7669
3053,14.4735
3054,16.6455
3055,16.9965
3056,16.8052
3057,16.1193
3058,16.6279
3059,16.7130
3060,16.6598
3061,16.7389
3062,16.7776
3063,16.4922
3064,16.8589
3065,16.5118
3066,16.5622
3067,16.8108
3068,17.0838
3069,16.3390
3070,18.3075
3071,14.7585
3072,16.7435
3073,16.6540
3074,16.6419
3075,16.6727
3076,17.1442
3077,16.2183
3078,17.3513
3079,15.9905
3080,16.7589
3081,16.6216
3082,16.5683
3083,16.7229
3084,16.6069
3085,16.7448
3086,16.7357
3087,16.5041
3088,16.7764
3089,16.6164
3090,16.5991
3091,16.7146
3092,16.7040
3093,16.8793
3094,16.7480
3095,16.2754
3096,16.7096
3097,16.6496
3098,16.7179
3099,16.7117
3100,16.5173
3101,17.2113
3102,16.1502
3103,17.2074
3104,16.2232
3105,17.0023
3106,16.2837
3107,17.4780
3108,15.9258
3109,16.8146
3110,16.5747
3111,16.6929
3112,16.6776
3113,16.5953
3114,17.0110
3115,20.0853
3116,12.9298
3117,16.7569
3118,16.7245
3119,16.4981
3120,17.1327
3121,16.8531
3122,16.8274
3123,16.0997
3124,17.4059
3125,16.1229
3126,17.2431
3127,15.9350
3128,17.3624
3129,16.4259
3130,16.6314
3131,16.3770
3132,16.2631
3133,16.6242
3134,16.7942
3135,16.5446
3136,16.5859
3137,16.8331
3138,16.5661
3139,16.6175
3140,17.6006
3141,15.7131
3142,16.7976
3143,18.0518
3144,15.2384
3145,16.6548
3146,16.6302
3147,16.6876
3148,16.9061
3149,16.3765
3150,16.7352
3151,16.9747
3152,16.9758
3153,16.6119
3154,16.3802
3155,16.4497
3156,17.5396
3157,16.1789
3158,16.8615
3159,16.9904
3160,15.6186
3161,16.7632
3162,16.5717
3163,16.7038
3164,16.6469
3165,16.7779
3166,16.6664
3167,16.7139
3168,16.6220
3169,16.6550
3170,18.0834
3171,15.7807
3172,16.8183
3173,15.8784
3174,17.2093
3175,16.4676
3176,16.8410
3177,16.1450
3178,16.7377
3179,16.5331
3180,16.7367
3181,16.9262
3182,16.4608
3183,16.7002
3184,16.5820
3185,16.7341
3186,16.6284
3187,16.6276
3188,16.7830
3189,16.5325
3190,16.7010
3191,16.6299
3192,16.6899
3193,16.7310
3194,16.6637
3195,17.2400
3196,16.5443
3197,16.3075
3198,17.0205
3199,16.0954
3200,16.7832
3201,16.6300
3202,16.6279
3203,16.6788
3204,16.6533
3205,16.6830
3206,16.6156
3207,16.6680
3208,16.7762
3209,16.5653
3210,17.0557
3211,16.2619
3212,16.7249
3213,16.6814
3214,16.5809
3215,16.7336
3216,16.5529
3217,16.9055
3218,16.6020
3219,16.6861
3220,16.5906
3221,16.6390
3222,17.7843
3223,16.4038
3224,15.9552
3225,16.4667
3226,17.0812
3227,16.2699
3228,16.6272
3229,16.6578
3230,16.8246
3231,16.7081
3232,16.5807
3233,16.7545
3234,16.6146
3235,16.7074
3236,16.6797
3237,16.4542
3238,16.8967
3239,16.4839
3240,16.7498
3241,16.5601
3242,16.7754
3243,16.6241
3244,16.7962
3245,16.7194
3246,16.6627
3247,17.1285
3248,16.0910
3249,16.6954
3250,16.4914
3251,16.7131
3252,16.6487
3253,16.7120
3254,16.7145
3255,16.5398
3256,16.7231
3257,16.6466
3258,16.6633
3259,16.6930
3260,16.6562
3261,16.7496
3262,16.7639
3263,17.5514
3264,16.1346
3265,16.0768
3266,16.7347
3267,16.6208
3268,16.6939
3269,16.6922
3270,16.8880
3271,16.3744
3272,16.6805
3273,16.7400
3274,16.6199
3275,16.7143
3276,16.6257
3277,17.3406
3278,18.4433
3279,15.0301
3280,16.4820
3281,16.2499
3282,16.6020
3283,17.0138
3284,17.3459
3285,15.4955
3286,17.6991
3287,15.6549
3288,16.6771
3289,16.6172
3290,18.0631
3291,15.2710
3292,16.7174
3293,16.6477
3294,16.8185
3295,16.8589
3296,16.7716
3297,16.1754
3298,16.7124
3299,16.7334
3300,16.5042
3301,16.7060
3302,16.7234
3303,16.7765
3304,16.4785
3305,16.8668
3306,16.4765
3307,16.5956
3308,16.7229
3309,16.7723
3310,16.5264
3311,16.7336
3312,16.9322
3313,16.4329
3314,16.6573
3315,16.7578
3316,17.0475
3317,16.2522
3318,16.9854
3319,16.3053
3320,17.1663
3321,16.1709
3322,16.6716
3323,16.5916
3324,16.7856
3325,16.6547
3326,16.5720
3327,16.6540
3328,16.7630
3329,17.3018
3330,16.0209
3331,16.6624
3332,16.5977
3333,16.6798
3334,16.5533
3335,16.7598
3336,16.5950
3337,16.9407
3338,16.4646
3339,16.6701
3340,16.7488
3341,16.6862
3342,17.1831
3343,16.1970
3344,16.9980
3345,16.7987
3346,16.1872
3347,17.0639
3348,16.2141
3349,16.5688
3350,16.7291
3351,16.6771
3352,16.5892
3353,16.6454
3354,16.7581
3355,16.7429
3356,16.9649
3357,16.6566
3358,17.8022
3359,15.0920
3360,16.9997
3361,16.2650
3362,18.0968
3363,15.8352
3364,16.1632
3365,16.7320
3366,16.6069
3367,17.1810
3368,16.1944
3369,17.2039
3370,15.9844
3371,16.8129
3372,16.6246
3373,16.6760
3374,16.6341
3375,16.7068
3376,16.8027
3377,16.5831
3378,16.6051
3379,16.7158
3380,16.6206
3381,16.7868
3382,17.7179
3383,15.8571
3384,16.2706
3385,16.6366
3386,16.6938
3387,16.7067
3388,17.1859
3389,16.7419
3390,16.2312
3391,16.5729
3392,16.7279
3393,16.5289
3394,16.7400
3395,17.1706
3396,17.1630
3397,17.3638
3398,14.9615
3399,17.3718
3400,15.8448
3401,16.6890
3402,16.6926
3403,16.6086
3404,16.6470
3405,16.7142
3406,16.7239
3407,16.5776
3408,16.8401
3409,16.6039
3410,16.5344
3411,16.6723
3412,17.5738
3413,16.3293
3414,16.4141
3415,17.7347
3416,15.2371
3417,16.7129
3418,16.6418
3419,17.9829
3420,15.4159
3421,16.9040
3422,16.4883
3423,16.6111
3424,16.6236
3425,16.6893
3426,16.7753
3427,16.6846
3428,17.2138
3429,15.9945
3430,16.6633
3431,16.6204
3432,16.5669
3433,16.9158
3434,16.5657
3435,16.6177
3436,16.9567
3437,17.5299
3438,15.6627
3439,16.5215
3440,17.3934
3441,16.0844
3442,16.5566
3443,16.6335
3444,16.7104
3445,16.6020
3446,16.6976
3447,16.6592
3448,16.6894
3449,16.7339
3450,16.5819
3451,16.7541
3452,16.5685
3453,16.7022
3454,16.6120
3455,16.7202
3456,16.6814
3457,16.8114
3458,16.5498
3459,16.7134
3460,16.6199
3461,16.7168
3462,16.5636
3463,16.8488
3464,17.7593
3465,15.4361
3466,17.3147
3467,16.3442
3468,16.3940
3469,16.5499
3470,16.6200
3471,16.7460
3472,16.7141
3473,16.6464
3474,16.5345
3475,16.7151
3476,16.6468
3477,16.6844
3478,16.6723
3479,16.9697
3480,16.5514
3481,17.4462
3482,15.7857
3483,16.5657
3484,16.6704
3485,16.7853
3486,16.5866
3487,17.2395
3488,16.5376
3489,16.2121
3490,16.6726
3491,16.8425
3492,16.5449
3493,16.6126
3494,16.9568
3495,16.3711
3496,16.6885
3497,16.5458
3498,16.7524
3499,16.6922
3500,16.8206
3501,16.4600
3502,16.5978
3503,16.8050
3504,16.6912
3505,16.6238
3506,16.6379
3507,17.3903
3508,15.8784
3509,16.6395
3510,16.8646
3511,16.5163
3512,16.6569
3513,16.6481
3514,16.7644
3515,16.6223
3516,16.6738
3517,16.7051
3518,16.6842
3519,16.6181
3520,17.2921
3521,16.3812
3522,16.2606
3523,16.6929
3524,16.6987
3525,16.6856
3526,16.5756
3527,16.7645
3528,16.6746
3529,16.7090
3530,16.5691
3531,16.9262
3532,16.3583
3533,16.7913
3534,17.4790
3535,16.1415
3536,16.8326
3537,16.2766
3538,16.4964
3539,16.7367
3540,16.6171
3541,16.6502
3542,16.7723
3543,16.5984
3544,16.7130
3545,16.6877
3546,16.6387
3547,16.5856
3548,16.9362
3549,16.6511
3550,16.4089
3551,16.8022
3552,16.5934
3553,16.6644
3554,16.7208
3555,16.6806
3556,16.4704
3557,16.7867
3558,16.7433
3559,16.9049
3560,16.4160
3561,17.0208
3562,17.4189
3563,15.4230
3564,16.7149
3565,16.7078
3566,16.6423
3567,16.5981
3568,16.7610
3569,16.9656
3570,16.2724
3571,16.6164
3572,16.6658
3573,16.7760
3574,16.7326
3575,16.7715
3576,16.7363
3577,17.1367
3578,15.9919
3579,16.6347
3580,16.7086
3581,16.5528
3582,16.9928
3583,18.7123
3584,14.3931
3585,16.5524
3586,16.6675
3587,16.6771
3588,16.6548
3589,16.7560
3590,16.5932
3591,16.7321
3592,16.6641
3593,16.7605
3594,16.6252
3595,16.5884
3596,16.6147
3597,16.7383
3598,16.7036
3599,16.5810
3600,16.6185
3601,16.8771
3602,16.5907
3603,17.2049
3604,16.0760
3605,16.6791
3606,16.7063
3607,17.0908
3608,16.5480
3609,16.2812
3610,16.7692
3611,16.6808
3612,16.7121
3613,16.6845
3614,16.5520
3615,17.1349
3616,16.1887
3617,16.6163
3618,16.6789
3619,17.3811
3620,15.9196
3621,16.7557
3622,16.6383
3623,16.6163
3624,16.5663
3625,16.7029
3626,16.7140
3627,16.6974
3628,16.7483
3629,17.1808
3630,16.4749
3631,16.5400
3632,16.3954
3633,16.6089
3634,16.7784
3635,16.5354
3636,16.6763
3637,16.7562
3638,16.7448
3639,16.4664
3640,16.7638
3641,16.5821
3642,18.1584
3643,15.2121
3644,16.6855
3645,16.7451
3646,16.5295
3647,16.6925
3648,16.6742
3649,16.7457
3650,16.6515
3651,16.6389
3652,16.6410
3653,16.7099
3654,17.6609
3655,17.6467
3656,14.9575
3657,16.2951
3658,16.6245
3659,16.7719
3660,16.6552
3661,16.6808
3662,16.6833
3663,16.5913
3664,16.7855
3665,16.6361
3666,16.7621
3667,16.4999
3668,16.8123
3669,16.7015
3670,17.1344
3671,16.6442
3672,16.1169
3673,16.6718
3674,16.5780
3675,16.8520
3676,16.5199
3677,16.6802
3678,16.6765
3679,16.8022
3680,16.4533
3681,16.6895
3682,16.7236
3683,16.5689
3684,17.4474
3685,15.9626
3686,16.7207
3687,16.5563
3688,16.7653
3689,16.5482
3690,16.6830
3691,16.6931
3692,16.7580
3693,16.5012
3694,16.6215
3695,16.7712
3696,16.5767
3697,17.2215
3698,16.2968
3699,16.5536
3700,16.5938
3701,16.7071
3702,16.8367
3703,16.5688
3704,16.6465
3705,16.7192
3706,16.6251
3707,16.6627
3708,16.6250
3709,16.6392
3710,16.7576
3711,16.6284
3712,16.6810
3713,16.7205
3714,16.6214
3715,16.6329
3716,16.6752
3717,16.6703
3718,16.7095
3719,16.6647
3720,16.6162
3721,16.7686
3722,16.5527
3723,16.7926
3724,17.1116
3725,16.2699
3726,16.5816
3727,16.7152
3728,16.6118
3729,16.5796
3730,16.8119
3731,16.6377
3732,16.5610
3733,16.7104
3734,16.6419
3735,16.6343
3736,16.6733
3737,17.1995
3738,16.1302
3739,16.7760
3740,16.6508
3741,16.6075
3742,16.5962
3743,16.6900
3744,16.6583
3745,16.7919
3746,16.6413
3747,16.6972
3748,16.5315
3749,16.8034
3750,17.1723
3751,15.9626
3752,16.6661
3753,16.8168
3754,16.6273
3755,16.6398
3756,16.8291
3757,16.4769
3758,16.6346
3759,16.8224
3760,16.5031
3761,16.7669
3762,16.7385
3763,16.5382
3764,16.7796
3765,16.5419
3766,16.6617
3767,16.6913
3768,16.7380
3769,16.5400
3770,16.7139
3771,16.7778
3772,16.5094
3773,16.7741
3774,16.8146
3775,17.6198
3776,16.5561
3777,15.7005
3778,16.5370
3779,16.6768
3780,16.6315
3781,16.7391
3782,16.7055
3783,16.6105
3784,16.6801
3785,16.7448
3786,16.6407
3787,16.5598
3788,16.6898
3789,16.9623
3790,16.3311
3791,16.9159
3792,16.6643
3793,17.7177
3794,15.4498
3795,16.7420
3796,16.6224
3797,16.7492
3798,16.4462
3799,16.7970
3800,16.6316
3801,16.6837
3802,16.6424
3803,16.6780
3804,16.5878
3805,16.6715
3806,16.8381
3807,16.6063
3808,16.5456
3809,16.5943
3810,16.6873
3811,16.8121
3812,16.6285
3813,16.6230
3814,16.6903
3815,16.7158
3816,16.6249
3817,16.7137
3818,16.6412
3819,16.5762
3820,16.7629
3821,16.7845
3822,17.7460
3823,15.4323
3824,17.2066
3825,16.0549
3826,16.6518
3827,16.7196
3828,16.6746
3829,16.6898
3830,16.6896
3831,16.6153
3832,16.6738
3833,16.6503
3834,17.8769
3835,15.7083
3836,16.4093
3837,16.7076
3838,16.5911
3839,16.7839
3840,16.6943
3841,16.6697
3842,16.6320
3843,16.6877
3844,16.6290
3845,16.5861
3846,16.7762
3847,17.8501
3848,16.2691
3849,15.8773
3850,16.6845
3851,16.5952
3852,16.7947
3853,16.5413
3854,16.6102
3855,16.6918
3856,16.8163
3857,16.4982
3858,16.7254
3859,16.7131
3860,16.6450
3861,16.6046
3862,16.8252
3863,16.4699
3864,16.7437
3865,16.5805
3866,16.8781
3867,16.4490
3868,16.7721
3869,16.5904
3870,16.8277
3871,17.3294
3872,16.5680
3873,16.5473
3874,16.0116
3875,16.8012
3876,16.5574
3877,16.6222
3878,16.8123
3879,16.5967
3880,16.6754
3881,16.8966
3882,16.5538
3883,16.5672
3884,16.7702
3885,16.5135
3886,17.0439
3887,16.2594
3888,16.7349
3889,16.5818
3890,16.7308
3891,16.7252
3892,16.6002
3893,16.7672
3894,16.8200
3895,17.5208
3896,15.9471
3897,16.7929
3898,16.2260
3899,16.5873
3900,16.7089
3901,16.6571
3902,16.6882
3903,16.6505
3904,16.6212
3905,16.7560
3906,17.3777
3907,15.8649
3908,16.7399
3909,16.6382
3910,17.8670
3911,16.8788
3912,15.2563
3913,16.7928
3914,16.5681
3915,16.5617
3916,16.6794
3917,16.6746
3918,16.6791
3919,17.0335
3920,16.2268
3921,16.7240
3922,17.6848
3923,15.5741
3924,16.6445
3925,16.6803
3926,16.7370
3927,16.7667
3928,16.6599
3929,16.5457
3930,16.6724
3931,16.6453
3932,16.6928
3933,17.3820
3934,15.9887
3935,16.6421
3936,16.6587
3937,19.0772
3938,14.2214
3939,16.7375
3940,16.6372
3941,16.6926
3942,16.5682
3943,16.7518
3944,16.6666
3945,16.8112
3946,16.4613
3947,16.6663
3948,17.1105
3949,16.3140
3950,16.6669
3951,16.6061
3952,16.6944
3953,16.5668
3954,16.7335
3955,16.6940
3956,16.7461
3957,17.2026
3958,17.8644
3959,14.7971
3960,16.6662
3961,16.6876
3962,16.6779
3963,16.7857
3964,16.6865
3965,16.5306
3966,16.7516
3967,17.1563
3968,16.1212
3969,16.6451
3970,17.1263
3971,16.3022
3972,16.5794
3973,16.9704
3974,16.5019
3975,18.1057
3976,15.1620
3977,17.4163
3978,17.0686
3979,15.4173
3980,16.7634
3981,17.1693
3982,16.0811
3983,16.7354
3984,16.5480
3985,16.7946
3986,16.5757
3987,16.6468
3988,16.7750
3989,16.6122
3990,16.6107
3991,17.2109
3992,16.2358
3993,16.8314
3994,16.8164
3995,16.2406
3996,16.6053
3997,16.6937
3998,16.7190
3999,16.7999
4000,16.7908
4001,16.3960
4002,16.7966
4003,16.4448
4004,17.2390
4005,16.1883
4006,16.7106
4007,16.8194
4008,16.3940
4009,16.7808
4010,16.6156
4011,16.7027
4012,16.5791
4013,16.7415
4014,16.6273
4015,16.6088
4016,17.3924
4017,16.8037
4018,16.3338
4019,16.2541
4020,16.6328
4021,16.6490
4022,16.7114
4023,16.5703
4024,16.7342
4025,16.6694
4026,16.5631
4027,16.7538
4028,16.6770
4029,17.2792
4030,17.1555
4031,16.1403
4032,16.7634
4033,15.9529
4034,16.8314
4035,16.4131
4036,16.7274
4037,16.6899
4038,16.7276
4039,16.6248
4040,16.7952
4041,16.5859
4042,16.5400
4043,17.3487
4044,16.0570
4045,16.7231
4046,16.5435
4047,16.7739
4048,16.6699
4049,16.7409
4050,16.5752
4051,16.6415
4052,16.6476
4053,16.9201
4054,16.7407
4055,16.2897
4056,16.8769
4057,17.5386
4058,15.6212
4059,16.6621
4060,16.6994
4061,16.6276
4062,16.8151
4063,16.5514
4064,16.6908
4065,17.0748
4066,16.2280
4067,16.6398
4068,16.7116
4069,16.5570
4070,16.9008
4071,16.5476
4072,16.6418
4073,16.7008
4074,16.6251
4075,16.6648
4076,16.7482
4077,16.6010
4078,16.6313
4079,16.6607
4080,16.9737
4081,16.3675
4082,16.8281
4083,16.5430
4084,16.6306
4085,16.9021
4086,16.4175
4087,17.2937
4088,16.0486
4089,16.8677
4090,16.4241
4091,16.7138
4092,16.6525
4093,16.6843
4094,16.6427
4095,16.7626
4096,16.5745
4097,16.8567
4098,16.5270
4099,16.5504
4100,16.7328
4101,17.4814
4102,16.3352
4103,17.3076
4104,15.5719
4105,16.5863
4106,16.8323
4107,16.4921
4108,16.7828
4109,16.6349
4110,16.5403
4111,17.7022
4112,16.4564
4113,16.9658
4114,15.5956
4115,16.7995
4116,16.5717
4117,17.5666
4118,16.7775
4119,15.7990
4120,16.6306
4121,16.7235
4122,16.4325
4123,16.8582
4124,16.5572
4125,16.8289
4126,16.4217
4127,16.7809
4128,16.5416
4129,16.7447
4130,16.6402
4131,16.7165
4132,16.7228
4133,16.6128
4134,16.6006
4135,17.4381
4136,16.5404
4137,16.2314
4138,17.2071
4139,16.3696
4140,16.3901
4141,16.4444
4142,16.9656
4143,16.4202
4144,16.6944
4145,16.7344
4146,16.6958
4147,16.6558
4148,16.6353
4149,17.0652
4150,16.8368
4151,16.8020
4152,15.9515
4153,16.6267
4154,16.7168
4155,16.8163
4156,16.5235
4157,16.6374
4158,16.7125
4159,16.7301
4160,16.5870
4161,17.2823
4162,16.0495
4163,16.7437
4164,16.5893
4165,16.6659
4166,16.6961
4167,16.5996
4168,17.7904
4169,15.6429
4170,16.5919
4171,16.6008
4172,16.6281
4173,16.7739
4174,16.7598
4175,16.5028
4176,16.8121
4177,16.5508
4178,16.7554
4179,16.6732
4180,16.4692
4181,17.6817
4182,15.6867
4183,16.8994
4184,16.4754
4185,16.9312
4186,17.1754
4187,15.9239
4188,16.6754
4189,16.6766
4190,16.6993
4191,16.5580
4192,16.7899
4193,16.6520
4194,16.5881
4195,16.7675
4196,17.3343
4197,15.9158
4198,17.1304
4199,16.1840
4200,16.6444
4201,16.6913
4202,16.6900
4203,16.6555
4204,16.6279
4205,16.7430
4206,16.7747
4207,16.5777
4208,16.9652
4209,16.9252
4210,16.8056
4211,15.8891
4212,16.6773
4213,16.6698
4214,16.6498
4215,16.6777
4216,16.8481
4217,16.5120
4218,16.6166
4219,16.6253
4220,16.6955
4221,16.9148
4222,18.5098
4223,16.8961
4224,15.8790
4225,16.8458
4226,16.2348
4227,17.1083
4228,16.4147
4229,17.2669
4230,14.6868
4231,16.5530
4232,16.8716
4233,16.4958
4234,16.6557
4235,16.9504
4236,16.6118
4237,16.4741
4238,16.6622
4239,16.9848
4240,16.4318
4241,16.5680
4242,16.6655
4243,16.7555
4244,16.6007
4245,16.5972
4246,16.7231
4247,16.7068
4248,16.7462
4249,16.5614
4250,16.8989
4251,16.3534
4252,16.8133
4253,16.4904
4254,17.4698
4255,15.9494
4256,16.5357
4257,16.7309
4258,16.9050
4259,16.5143
4260,16.7191
4261,16.5982
4262,16.6844
4263,16.5056
4264,16.8697
4265,16.6315
4266,16.6435
4267,16.6516
4268,16.7727
4269,16.6691
4270,17.2310
4271,15.9848
4272,16.5942
4273,16.7444
4274,16.6506
4275,16.6166
4276,16.9742
4277,16.3134
4278,16.9781
4279,16.6066
4280,16.5774
4281,16.5168
4282,18.0475
4283,15.3630
4284,17.6411
4285,15.6600
4286,16.7543
4287,16.5769
4288,16.7707
4289,16.6498
4290,16.6160
4291,16.8281
4292,20.3022
4293,14.0682
4294,16.3253
4295,16.9058
4296,17.3769
4297,15.9428
4298,17.3264
4299,17.7891
4300,13.7937
4301,16.6432
4302,16.6972
4303,16.6827
4304,16.5346
4305,16.7491
4306,17.9176
4307,15.4996
4308,18.0322
4309,16.1125
4310,16.6331
4311,16.6936
4312,16.8215
4313,16.6066
4314,15.9697
4315,16.3588
4316,16.7042
4317,16.6330
4318,16.7283
4319,16.6790
4320,17.8930
4321,16.5240
4322,16.3409
4323,16.7161
4324,16.8403
4325,15.6589
4326,18.8983
4327,14.9677
4328,16.2232
4329,17.3732
4330,16.8264
4331,16.5694
4332,16.6083
4333,16.6950
4334,16.6376
4335,16.7180
4336,16.8324
4337,16.8804
4338,16.8831
4339,16.2693
4340,17.2020
4341,18.1408
4342,16.1453
4343,14.8934
4344,15.8576
4345,16.6924
4346,17.5047
4347,15.7181
4348,16.7919
4349,16.7640
4350,16.5346
4351,17.2820
4352,16.3135
4353,16.9754
4354,15.9952
4355,16.8133
4356,16.6136
4357,16.8188
4358,16.5364
4359,16.6278
4360,16.6596
4361,16.6175
4362,16.7736
4363,16.5437
4364,16.7091
4365,17.0033
4366,16.4500
4367,16.8374
4368,16.5165
4369,16.5698
4370,16.7145
4371,16.5548
4372,16.8588
4373,16.5102
4374,16.6775
4375,17.9280
4376,15.8574
4377,16.2632
4378,16.6302
4379,16.7333
4380,16.5990
4381,16.8062
4382,16.5787
4383,16.5622
4384,16.6664
4385,56.5029
4386,10.1645
4387,16.6960
4388,16.6522
4389,16.7092
4390,18.5372
4391,15.8632
4392,17.5792
4393,15.1314
4394,17.0824
4395,19.0137
4396,14.4782
4397,16.0116
4398,16.3549
4399,16.6569
4400,16.6185
4401,17.0042
4402,16.3195
4403,16.6134
4404,16.6611
4405,16.6318
4406,16.7884
4407,16.6603
4408,17.8419
4409,16.4201
4410,15.7192
4411,17.0905
4412,16.1598
4413,17.3153
4414,16.0274
4415,16.6221
4416,16.8588
4417,16.5695
4418,16.6721
4419,16.5431
4420,16.9701
4421,16.6218
4422,17.1032
4423,16.1168
4424,17.5663
4425,15.6303
4426,16.7727
4427,16.7030
4428,16.5389
4429,17.3182
4430,16.1391
4431,16.5735
4432,16.6957
4433,16.6554
4434,16.6114
4435,17.1986
4436,16.6707
4437,16.6720
4438,16.1318
4439,16.6507
4440,16.7797
4441,16.5784
4442,16.6911
4443,16.6100
4444,16.7060
4445,17.7131
4446,16.3077
4447,16.5328
4448,16.4665
4449,16.3671
4450,16.6458
4451,16.6998
4452,16.6365
4453,16.6217
4454,16.7320
4455,16.6408
4456,16.6507
4457,16.6840
4458,16.6308
4459,17.5957
4460,15.7415
4461,17.1469
4462,16.1863
4463,16.6317
4464,16.6588
4465,16.7436
4466,16.6380
4467,16.8072
4468,16.5309
4469,16.6388
4470,16.6454
4471,16.7250
4472,16.5679
4473,16.7110
4474,16.6411
4475,16.6246
4476,16.7404
4477,16.6997
4478,16.6926
4479,16.5790
4480,16.7498
4481,16.5899
4482,16.6934
4483,16.9877
4484,17.2278
4485,17.6602
4486,15.3361
4487,18.9925
4488,15.0160
4489,16.5721
4490,16.3706
4491,16.5118
4492,17.8110
4493,14.9729
4494,17.0484
4495,16.7790
4496,16.7288
4497,15.9521
4498,16.7118
4499,16.6376
4500,16.7549
4501,17.3194
4502,15.8742
4503,16.7773
4504,16.6929
4505,16.6251
4506,16.6087
4507,17.0399
4508,16.2979
4509,16.7560
4510,16.5155
4511,16.9641
4512,17.1337
4513,16.7741
4514,15.8782
4515,16.6830
4516,16.5960
4517,16.9015
4518,16.4444
4519,16.7247
4520,16.6833
4521,16.6728
4522,16.6000
4523,16.6245
4524,16.7187
4525,16.6239
4526,16.6986
4527,17.0643
4528,16.3482
4529,16.6127
4530,16.6296
4531,17.0416
4532,16.7082
4533,16.2331
4534,16.6928
4535,16.6656
4536,16.6884
4537,16.6914
4538,16.6956
4539,16.6500
4540,17.0714
4541,16.1319
4542,16.7236
4543,16.6681
4544,16.7524
4545,16.5663
4546,16.6144
4547,16.7326
4548,16.6449
4549,16.7585
4550,16.6258
4551,16.6319
4552,16.7614
4553,16.7031
4554,16.9488
4555,16.2358
4556,16.6467
4557,16.7647
4558,16.5351
4559,16.6952
4560,16.8597
4561,16.4863
4562,16.6637
4563,16.6888
4564,16.7061
4565,16.7749
4566,17.5027
4567,15.8572
4568,17.0240
4569,16.1622
4570,16.6791
4571,16.6067
4572,16.6404
4573,16.6901
4574,16.6837
4575,16.6776
4576,16.6652
4577,16.8499
4578,16.4926
4579,16.7038
4580,16.6381
4581,16.6389
4582,16.7282
4583,17.3809
4584,15.8793
4585,16.6752
4586,16.7386
4587,16.6973
4588,16.6197
4589,16.6735
4590,16.5525
4591,16.6717
4592,16.7785
4593,16.5857
4594,16.7536
4595,16.7043
4596,17.5245
4597,15.6233
4598,16.8461
4599,16.5772
4600,16.5572
4601,16.8113
4602,16.6219
4603,16.9281
4604,16.9139
4605,16.1308
4606,16.8217
4607,16.6789
4608,16.5866
4609,16.5341
4610,17.5771
4611,15.7052
4612,16.7199
4613,16.7045
4614,16.6637
4615,16.5857
4616,16.6540
4617,16.6537
4618,17.4081
4619,18.1702
4620,17.0596
4621,14.1455
4622,16.6859
4623,16.6267
4624,16.9506
4625,19.3270
4626,15.3546
4627,17.8612
4628,13.8859
4629,19.3850
4630,15.7743
4631,14.9382
4632,17.1839
4633,17.6756
4634,14.9770
4635,16.7178
4636,16.6426
4637,16.8612
4638,16.4393
4639,17.2078
4640,16.1355
4641,16.7399
4642,16.6389
4643,16.6937
4644,16.6231
4645,16.6202
4646,16.7395
4647,16.6926
4648,16.6221
4649,16.6550
4650,17.5290
4651,15.8594
4652,17.3681
4653,16.3538
4654,17.6940
4655,15.2084
4656,16.7235
4657,16.5821
4658,16.6862
4659,16.7563
4660,16.5872
4661,16.6713
4662,16.7335
4663,16.8053
4664,16.4451
4665,16.6481
4666,16.6594
4667,16.6473
4668,16.7106
4669,16.6115
4670,16.6941
4671,16.7052
4672,16.6252
4673,16.7233
4674,16.6784
4675,17.2487
4676,16.0100
4677,16.8441
4678,16.6660
4679,16.6424
4680,17.7453
4681,15.3881
4682,16.7001
4683,16.6515
4684,16.6573
4685,16.7523
4686,16.5679
4687,17.2789
4688,16.0902
4689,16.7177
4690,16.5774
4691,16.7708
4692,16.6165
4693,16.5138
4694,16.7842
4695,16.6701
4696,16.8214
4697,16.5726
4698,16.7738
4699,16.4952
4700,16.7490
4701,16.6162
4702,16.7027
4703,16.5919
4704,16.7631
4705,16.5759
4706,16.6708
4707,17.5772
4708,15.9765
4709,16.4565
4710,16.6484
4711,16.6803
4712,16.6482
4713,16.7127
4714,16.6478
4715,16.6459
4716,16.7058
4717,16.7162
4718,16.5587
4719,16.6492
4720,16.6932
4721,16.6950
4722,16.6124
4723,16.8021
4724,16.5368
4725,16.7809
4726,16.6323
4727,16.5658
4728,16.6772
4729,16.7212
4730,16.7277
4731,16.5694
4732,16.7157
4733,16.7453
4734,16.5061
4735,17.1101
4736,16.1791
4737,16.7971
4738,16.7877
4739,16.6370
4740,16.6811
4741,16.5112
4742,16.6321
4743,16.6624
4744,16.6958
4745,16.6992
4746,16.6076
4747,16.7317
4748,17.5035
4749,15.7841
4750,16.6424
4751,16.7186
4752,16.6331
4753,16.6521
4754,16.7221
4755,16.6691
4756,16.6666
4757,16.6865
4758,16.9149
4759,16.3358
4760,16.8208
4761,16.8216
4762,16.3819
4763,16.7193
4764,16.5959
4765,16.6859
4766,16.7238
4767,16.5401
4768,16.6539
4769,16.7120
4770,16.6642
4771,16.6709
4772,16.7547
4773,16.6925
4774,16.8225
4775,16.3561
4776,16.9646
4777,17.1783
4778,16.5765
4779,15.9617
4780,16.6729
4781,16.6712
4782,16.6528
4783,16.6133
4784,16.7568
4785,16.6331
4786,16.6462
4787,16.7575
4788,16.6423
4789,16.7282
4790,16.8228
4791,16.3997
4792,16.7396
4793,17.1476
4794,16.1654
4795,16.6207
4796,16.7808
4797,16.6779
4798,16.7149
4799,16.4896
4800,16.8243
4801,16.5924
4802,16.6570
4803,16.6306
4804,16.6981
4805,16.8465
4806,18.2726
4807,16.6738
4808,17.4277
4809,14.1112
4810,18.7799
4811,14.6246
4812,16.5936
4813,18.3686
4814,15.0507
4815,16.4989
4816,16.6369
4817,16.7926
4818,17.8550
4819,15.3530
4820,16.6746
4821,16.8063
4822,16.6320
4823,16.6683
4824,16.5382
4825,16.7499
4826,16.6911
4827,16.7093
4828,16.5703
4829,16.7700
4830,17.6068
4831,16.1940
4832,16.6672
4833,16.1327
4834,16.6913
4835,16.6071
4836,16.6719
4837,16.6368
4838,16.6741
4839,16.6479
4840,16.6983
4841,16.6696
4842,16.9059
4843,16.3989
4844,17.0003
4845,17.0724
4846,16.4961
4847,16.0909
4848,16.7295
4849,16.5766
4850,16.7245
4851,16.6322
4852,16.8628
4853,16.4729
4854,17.4371
4855,16.6365
4856,17.1674
4857,15.7445
4858,16.3196
4859,16.8075
4860,16.5620
4861,16.8339
4862,16.4838
4863,16.9692
4864,16.3774
4865,16.7888
4866,16.5526
4867,16.6643
4868,16.8135
4869,16.5276
4870,16.6813
4871,16.6807
4872,16.8361
4873,17.7537
4874,16.1793
4875,15.8901
4876,16.6913
4877,16.6760
4878,16.5933
4879,17.0912
4880,20.3012
4881,12.9524
4882,16.4329
4883,17.1822
4884,15.9971
4885,16.6466
4886,16.7079
4887,16.7729
4888,16.5747
4889,16.7179
4890,16.6938
4891,17.0827
4892,16.9004
4893,16.6605
4894,15.9348
4895,16.7101
4896,16.7639
4897,16.5809
4898,17.8541
4899,15.3864
4900,16.7021
4901,17.0449
4902,17.2691
4903,16.2346
4904,16.0318
4905,16.7999
4906,16.6846
4907,16.6080
4908,16.7939
4909,16.9094
4910,20.6564
4911,12.3039
4912,16.8505
4913,19.4699
4914,14.7417
4915,15.4973
4916,17.1430
4917,16.3359
4918,16.5717
4919,16.6705
4920,16.7533
4921,16.5970
4922,16.6982
4923,16.7661
4924,16.5370
4925,16.7081
4926,18.0416
4927,15.8512
4928,16.5651
4929,16.2488
4930,16.5707
4931,16.7118
4932,16.6569
4933,16.6357
4934,16.6632
4935,16.9768
4936,16.4430
4937,16.6252
4938,16.6979
4939,16.7077
4940,17.3136
4941,16.0174
4942,16.5749
4943,16.6478
4944,16.6637
4945,16.6683
4946,16.7943
4947,16.6006
4948,16.6086
4949,16.7262
4950,18.1327
4951,15.8178
4952,15.9339
4953,17.4603
4954,16.6041
4955,16.0798
4956,16.5815
4957,16.6082
4958,16.6383
4959,16.7723
4960,16.7265
4961,16.6364
4962,16.5889
4963,16.6990
4964,17.8017
4965,15.5590
4966,16.6100
4967,16.6408
4968,16.6481
4969,16.7390
4970,16.7320
4971,16.7140
4972,16.5025
4973,16.8390
4974,17.7000
4975,16.0542
4976,17.1624
4977,16.2325
4978,16.0980
4979,16.5459
4980,16.7534
4981,16.6061
4982,16.7212
4983,16.7917
4984,16.5542
4985,16.9853
4986,16.3582
4987,16.6371
4988,16.6800
4989,19.4183
4990,15.4064
4991,16.2503
4992,17.1913
4993,15.0258
4994,16.6331
4995,16.7241
4996,16.6460
4997,16.6901
4998,16.7113
4999,16.5621
5000,16.9579
5001,16.9790
5002,16.5342
5003,16.2386
5004,16.6579
5005,16.6130
5006,17.3074
5007,16.6819
5008,16.0974
5009,16.6095
5010,16.7608
5011,16.6035
5012,16.6136
5013,16.7877
5014,18.1210
5015,19.2134
5016,12.8182
5017,16.4026
5018,16.8496
5019,16.4690
5020,16.6531
5021,16.7218
5022,16.6719
5023,16.8751
5024,16.4054
5025,16.7131
5026,16.6798
5027,16.6368
5028,16.7312
5029,16.5980
5030,16.6974
5031,16.5958
5032,16.7345
5033,16.7074
5034,16.5828
5035,16.5867
5036,17.0526
5037,16.8205
5038,16.6993
5039,16.1884
5040,16.8765
5041,16.5234
5042,16.5328
5043,16.7297
5044,16.6327
5045,16.7081
5046,16.6493
5047,16.6305
5048,17.7929
5049,16.3693
5050,15.8498
5051,16.7241
5052,16.7462
5053,16.5270
5054,16.6523
5055,16.7583
5056,16.5800
5057,16.7543
5058,16.5810
5059,16.7210
5060,17.0494
5061,17.0709
5062,16.3510
5063,16.5664
5064,16.2299
5065,16.6551
5066,16.7005
5067,16.6788
5068,16.6987
5069,16.5525
5070,16.7447
5071,16.5527
5072,16.7100
5073,16.7631
5074,16.6070
5075,17.0071
5076,16.5033
5077,16.5606
5078,16.9237
5079,16.5608
5080,16.4393
5081,16.6713
5082,16.7552
5083,16.9732
5084,19.8875
5085,16.1945
5086,15.3454
5087,15.9711
5088,15.5157
5089,16.7493
5090,16.9657
5091,16.9180
5092,16.9506
5093,16.7053
5094,15.7741
5095,16.8625
5096,16.4394
5097,16.8024
5098,16.6381
5099,16.5580
5100,16.7718
5101,18.3845
5102,18.5622
5103,15.0082
5104,14.7525
5105,22.3086
5106,12.9409
5107,16.0198
5108,15.2801
5109,16.6497
5110,16.6757
5111,17.3982
5112,15.9204
5113,16.7119
5114,16.5664
5115,16.7407
5116,16.7089
5117,16.5975
5118,16.9317
5119,16.9209
5120,16.1481
5121,17.5983
5122,16.8594
5123,15.5435
5124,17.1663
5125,16.0976
5126,16.7852
5127,16.6608
5128,16.7061
5129,16.5004
5130,16.7503
5131,16.8332
5132,16.4622
5133,16.6669
5134,17.3747
5135,15.9105
5136,16.7068
5137,16.7963
5138,16.6283
5139,17.4326
5140,15.8829
5141,16.6614
5142,16.6690
5143,17.2642
5144,16.4046
5145,16.2673
5146,16.6638
5147,16.6874
5148,16.8110
5149,16.4352
5150,16.6886
5151,16.6232
5152,16.7468
5153,16.6702
5154,16.6904
5155,16.5564
5156,16.7307
5157,16.7721
5158,16.5982
5159,17.1819
5160,16.1078
5161,16.6428
5162,16.6481
5163,16.6831
5164,16.7461
5165,16.6912
5166,16.5721
5167,17.5019
5168,15.9172
5169,17.7081
5170,15.5647
5171,17.1166
5172,16.2885
5173,16.5528
5174,16.7010
5175,16.6948
5176,16.7425
5177,16.5116
5178,16.6927
5179,16.6110
5180,17.1773
5181,17.3739
5182,16.0806
5183,16.1487
5184,17.4188
5185,15.8908
5186,16.6134
5187,16.6879
5188,16.7340
5189,16.5515
5190,16.6864
5191,17.0357
5192,16.3399
5193,16.8249
5194,16.4257
5195,16.7638
5196,17.0562
5197,16.9492
5198,15.9597
5199,16.5898
5200,16.7309
5201,16.6890
5202,16.7557
5203,16.5820
5204,16.6584
5205,16.6734
5206,16.9257
5207,16.4226
5208,16.8803
5209,16.3395
5210,18.8277
5211,15.4504
5212,15.8630
5213,16.6183
5214,17.0564
5215,16.9756
5216,16.0676
5217,16.5659
5218,16.7019
5219,16.5233
5220,16.8364
5221,16.5301
5222,16.7341
5223,16.7202
5224,16.6866
5225,16.5904
5226,16.6762
5227,16.5377
5228,17.0912
5229,17.4245
5230,16.3741
5231,15.9442
5232,16.5246
5233,17.2678
5234,16.1737
5235,16.7090
5236,16.5732
5237,16.7185
5238,16.6669
5239,16.6807
5240,16.6800
5241,16.6252
5242,16.6573
5243,16.6770
5244,16.6821
5245,16.6800
5246,16.6685
5247,16.5612
5248,16.7162
5249,16.6246
5250,16.6746
5251,17.6495
5252,15.7302
5253,16.7791
5254,16.5522
5255,16.6615
5256,16.6088
5257,18.4900
5258,20.0812
5259,14.4258
5260,14.1558
5261,17.6814
5262,16.5588
5263,15.4245
5264,16.6397
5265,16.7850
5266,16.4075
5267,16.7177
5268,16.7012
5269,16.6523
5270,16.6508
5271,16.7184
5272,17.5463
5273,15.9688
5274,16.4373
5275,16.6842
5276,17.0534
5277,16.4779
5278,16.8465
5279,16.1883
5280,16.6649
5281,16.6635
5282,16.9069
5283,16.4429
5284,16.8595
5285,16.5411
5286,17.9489
5287,16.2778
5288,15.9519
5289,17.7880
5290,15.2829
5291,16.7333
5292,16.5727
5293,16.7818
5294,16.6413
5295,16.5932
5296,16.6814
5297,16.7347
5298,16.5435
5299,16.7774
5300,17.9655
5301,16.1523
5302,16.0875
5303,16.5409
5304,16.5747
5305,16.6867
5306,16.5453
5307,16.6796
5308,16.8523
5309,16.5255
5310,16.8316
5311,16.4819
5312,17.0674
5313,16.3603
5314,16.6260
5315,16.6671
5316,16.7577
5317,16.5352
5318,16.6954
5319,16.6611
5320,16.6576
5321,16.7109
5322,16.6419
5323,16.6809
5324,16.7691
5325,16.5482
5326,16.8459
5327,16.5070
5328,16.6540
5329,16.7336
5330,16.5912
5331,16.7126
5332,16.6985
5333,16.6509
5334,16.5978
5335,17.8610
5336,15.8390
5337,16.3034
5338,16.5962
5339,16.9594
5340,16.5231
5341,16.6859
5342,16.6462
5343,16.5986
5344,16.6411
5345,16.6450
5346,16.6936
5347,16.6580
5348,16.6463
5349,16.7195
5350,16.6794
5351,16.5835
5352,17.6017
5353,15.8527
5354,17.0441
5355,16.2679
5356,16.6607
5357,16.6891
5358,16.7132
5359,16.5564
5360,16.6575
5361,16.7484
5362,16.6004
5363,16.8783
5364,16.4554
5365,16.6256
5366,16.6338
5367,16.8056
5368,16.6294
5369,16.6892
5370,16.6319
5371,16.7075
5372,16.6459
5373,16.5645
5374,16.7752
5375,16.6955
5376,16.6304
5377,16.6856
5378,16.5542
5379,16.6741
5380,16.9770
5381,16.3483
5382,16.6670
5383,17.1427
5384,16.2460
5385,16.6670
5386,16.8974
5387,17.0856
5388,16.0554
5389,16.7093
5390,16.6533
5391,16.6146
5392,16.7819
5393,16.6646
5394,16.9001
5395,17.4250
5396,16.1651
5397,16.3860
5398,16.4793
5399,16.5227
5400,16.6662
5401,16.7237
5402,16.5442
5403,16.7060
5404,16.7490
5405,16.8523
5406,16.5212
5407,17.5491
5408,16.5616
5409,15.7550
5410,17.3887
5411,15.9145
5412,16.7466
5413,16.5526
5414,16.7770
5415,16.6896
5416,16.5328
5417,16.7460
5418,16.8257
5419,16.5921
5420,16.6799
5421,16.5064
5422,16.8934
5423,17.7119
5424,15.5061
5425,16.6371
5426,16.6932
5427,17.2060
5428,16.0789
5429,16.6219
5430,16.6870
5431,16.7125
5432,16.6681
5433,16.5793
5434,16.7340
5435,16.7574
5436,16.5417
5437,17.5484
5438,15.7254
5439,16.8018
5440,16.6293
5441,16.6087
5442,16.6154
5443,16.6841
5444,16.6349
5445,16.7742
5446,16.7383
5447,16.4975
5448,16.7245
5449,16.7317
5450,16.5723
5451,17.2589
5452,16.1974
5453,16.5631
5454,16.7704
5455,16.9887
5456,16.8243
5457,16.1975
5458,16.6452
5459,16.6273
5460,16.8020
5461,16.4295
5462,16.7937
5463,16.5421
5464,16.7728
5465,16.5957
5466,16.6299
5467,16.6836
5468,16.7886
5469,16.5280
5470,16.7244
5471,16.7746
5472,16.6643
5473,16.6875
5474,16.6752
5475,16.6879
5476,17.2975
5477,16.4107
5478,16.1372
5479,16.9301
5480,16.4050
5481,16.7385
5482,16.5957
5483,16.7250
5484,16.7950
5485,16.4450
5486,17.0459
5487,16.4429
5488,16.6451
5489,16.6252
5490,16.7210
5491,16.5737
5492,16.7546
5493,17.0070
5494,16.2642
5495,16.7590
5496,16.6262
5497,16.5404
5498,16.8242
5499,16.5606
5500,16.6979
5501,17.5781
5502,15.9826
5503,16.4416
5504,16.5930
5505,16.7330
5506,16.6085
5507,16.7529
5508,16.6246
5509,16.6354
5510,16.6467
5511,16.5829
5512,17.8607
5513,15.8227
5514,16.4638
5515,16.5298
5516,16.8234
5517,16.5798
5518,16.7600
5519,16.5781
5520,16.6969
5521,16.5565
5522,16.7369
5523,16.6812
5524,16.6386
5525,16.9230
5526,16.5679
5527,16.5942
5528,17.1595
5529,17.7501
5530,18.1262
5531,13.7942
5532,16.4387
5533,16.6803
5534,16.7073
5535,16.7134
5536,16.5493
5537,16.6666
5538,16.7191
5539,16.7543
5540,16.5798
5541,17.1477
5542,16.1286
5543,16.6288
5544,16.6733
5545,16.7643
5546,16.5560
5547,16.7051
5548,16.7103
5549,16.7052
5550,16.5070
5551,16.9689
5552,16.8607
5553,16.4935
5554,16.4056
5555,17.5442
5556,16.2778
5557,16.1336
5558,16.6428
5559,16.6732
5560,16.6756
5561,16.7829
5562,16.7825
5563,16.4192
5564,16.6869
5565,16.7196
5566,16.5571
5567,16.7268
5568,16.6556
5569,16.6781
5570,16.7473
5571,16.6652
5572,16.5960
5573,16.7208
5574,16.5851
5575,17.8396
5576,16.1617
5577,16.0226
5578,16.6598
5579,16.6996
5580,16.7019
5581,16.6361
5582,16.7131
5583,16.6192
5584,16.7460
5585,16.6231
5586,16.5482
5587,16.8815
5588,16.5018
5589,17.7472
5590,15.6789
5591,16.5972
5592,16.6042
5593,16.6655
5594,16.8341
5595,16.6392
5596,16.5915
5597,16.6238
5598,16.8303
5599,16.5054
5600,16.7742
5601,17.0570
5602,16.2736
5603,16.5254
5604,16.7557
5605,16.8134
5606,16.8372
5607,18.5604
5608,14.5181
5609,16.5393
5610,16.6838
5611,16.6756
5612,16.9354
5613,16.4895
5614,17.3236
5615,15.9361
5616,16.7776
5617,16.4348
5618,16.7962
5619,16.7421
5620,16.4728
5621,16.6661
5622,16.7165
5623,16.6694
5624,17.0448
5625,16.6298
5626,16.3875
5627,16.6095
5628,16.9554
5629,16.3791
5630,16.7064
5631,16.6372
5632,16.7225
5633,16.6773
5634,16.6000
5635,16.5711
5636,17.0994
5637,16.7590
5638,17.1167
5639,15.7745
5640,16.6878
5641,16.5917
5642,16.7301
5643,16.5938
5644,16.7794
5645,16.6219
5646,16.7134
5647,17.1543
5648,16.6536
5649,16.2213
5650,16.5129
5651,16.6963
5652,16.7019
5653,16.6125
5654,16.6527
5655,16.6625
5656,16.7730
5657,16.6351
5658,16.6591
5659,16.6119
5660,16.7093
5661,16.7360
5662,16.8957
5663,16.3188
5664,16.6990
5665,16.6349
5666,16.8067
5667,16.5300
5668,17.4386
5669,15.9780
5670,16.5739
5671,16.6912
5672,16.6187
5673,16.7069
5674,16.6471
5675,16.7254
5676,17.1946
5677,17.3118
5678,15.6448
5679,16.4270
5680,17.7066
5681,19.3479
5682,13.0307
5683,16.8920
5684,16.3467
5685,16.6820
5686,16.6964
5687,16.7254
5688,16.6105
5689,16.7187
5690,16.7358
5691,17.7655
5692,15.9105
5693,16.1606
5694,16.7880
5695,16.6892
5696,16.6427
5697,16.6527
5698,16.7216
5699,16.6256
5700,16.6827
5701,16.5823
5702,16.6901
5703,16.7060
5704,16.6943
5705,16.7408
5706,16.8364
5707,16.2724
5708,16.7913
5709,16.5953
5710,16.7775
5711,16.6096
5712,16.6477
5713,16.8496
5714,16.6505
5715,16.4382
5716,16.8431
5717,16.5835
5718,16.6983
5719,16.7631
5720,16.4630
5721,16.6845
5722,17.4523
5723,15.8666
5724,16.7071
5725,16.6629
5726,16.6626
5727,16.7821
5728,16.4997
5729,16.7404
5730,16.5744
5731,16.7139
5732,16.7098
5733,17.1872
5734,16.4750
5735,16.3452
5736,16.6262
5737,16.6355
5738,16.7154
5739,16.6424
5740,16.7631
5741,16.5292
5742,16.6717
5743,17.4572
5744,15.9056
5745,17.3730
5746,16.1881
5747,17.4233
5748,16.6127
5749,16.6959
5750,16.3757
5751,16.8471
5752,16.4157
5753,16.8954
5754,16.6532
5755,16.6178
5756,16.9585
5757,16.7134
5758,17.0272
5759,15.2891
5760,16.5177
5761,16.7077
5762,17.3939
5763,15.9128
5764,16.6466
5765,16.7627
5766,16.5596
5767,16.7617
5768,16.5845
5769,16.7367
5770,17.5327
5771,16.9335
5772,16.5728
5773,16.4402
5774,15.9188
5775,16.4542
5776,16.7614
5777,16.6191
5778,16.7166
5779,16.6762
5780,16.6844
5781,18.0410
5782,15.2166
5783,16.6948
5784,17.2182
5785,16.2931
5786,17.5014
5787,16.8239
5788,16.0815
5789,16.9527
5790,16.8540
5791,17.0170
5792,16.2854
5793,16.4513
5794,17.3111
5795,17.2668
5796,16.9143
5797,15.1130
5798,16.6636
5799,16.0463
5800,17.6939
5801,15.4906
5802,16.6968
5803,16.7605
5804,16.5734
5805,16.6581
5806,16.7205
5807,16.5690
5808,16.6801
5809,16.7485
5810,18.3467
5811,15.6651
5812,16.5291
5813,16.8920
5814,16.5154
5815,16.3489
5816,16.6342
5817,17.4453
5818,15.6202
5819,16.7595
5820,16.6398
5821,16.5945
5822,16.6243
5823,17.8897
5824,15.5728
5825,22.7770
5826,16.8973
5827,11.0808
5828,18.5103
5829,15.1987
5830,16.1556
5831,16.6576
5832,16.5632
5833,16.6569
5834,17.4487
5835,16.0182
5836,16.8505
5837,16.4359
5838,16.7773
5839,17.5945
5840,15.6743
5841,17.5208
5842,16.0746
5843,16.3122
5844,17.3139
5845,16.0863
5846,17.0386
5847,17.2161
5848,15.6801
5849,16.7759
5850,16.5400
5851,16.9312
5852,16.4282
5853,17.1626
5854,16.3601
5855,16.3788
5856,16.7383
5857,16.7739
5858,15.9053
5859,16.6302
5860,16.7906
5861,16.8554
5862,16.4061
5863,16.5757
5864,16.6299
5865,17.6442
5866,15.9736
5867,16.4371
5868,16.6348
5869,16.7407
5870,16.6352
5871,16.6585
5872,16.6486
5873,18.5818
5874,14.8352
5875,16.6340
5876,20.2986
5877,13.9624
5878,17.0670
5879,15.4655
5880,17.6759
5881,15.4251
5882,16.8368
5883,16.6994
5884,16.5526
5885,16.7442
5886,17.2175
5887,16.0826
5888,16.6133
5889,16.6833
5890,16.7240
5891,16.5731
5892,16.6232
5893,16.7189
5894,16.6539
5895,16.6471
5896,16.7311
5897,16.7455
5898,16.5530
5899,18.5806
5900,14.7161
5901,17.8564
5902,16.3442
5903,15.7744
5904,16.6885
5905,16.6325
5906,16.7387
5907,16.5678
5908,18.4348
5909,15.8663
5910,16.6261
5911,17.5002
5912,16.0842
5913,16.4008
5914,15.7778
5915,17.5251
5916,16.4817
5917,16.7571
5918,16.0015
5919,17.5292
5920,15.7879
5921,16.5926
5922,16.7855
5923,16.5531
5924,16.8743
5925,16.4868
5926,16.6401
5927,16.6833
5928,16.8143
5929,16.4704
5930,16.6918
5931,16.7395
5932,16.5957
5933,16.6910
5934,16.7439
5935,17.2969
5936,16.7573
5937,17.4717
5938,15.2509
5939,17.3936
5940,15.8856
5941,16.5079
5942,16.6348
5943,16.7804
5944,16.5915
5945,16.7578
5946,16.5947
5947,16.6553
5948,16.5646
5949,16.7225
5950,17.4286
5951,16.0244
5952,16.6821
5953,16.5485
5954,16.5789
5955,16.9766
5956,16.5477
5957,16.5636
5958,16.8120
5959,16.4966
5960,16.7534
5961,16.5358
5962,16.7831
5963,16.6781
5964,16.5928
5965,16.7214
5966,16.6840
5967,17.2219
5968,16.1111
5969,16.7940
5970,16.5052
5971,16.6843
5972,16.6298
5973,16.6796
5974,16.6449
5975,16.6235
5976,16.7212
5977,16.9654
5978,16.4830
5979,16.6356
5980,18.4913
5981,15.4991
5982,16.5615
5983,16.9566
5984,16.3879
5985,17.0983
5986,16.2510
5987,17.3827
5988,16.7994
5989,15.8198
5990,16.5717
5991,17.9986
5992,16.5814
5993,15.3751
5994,23.2163
5995,9.5527
5996,16.7090
5997,17.1942
5998,16.1841
5999,16.7544
6000,17.2226
6001,16.6399
6002,16.7252
6003,16.7005
6004,16.6961
6005,16.9881
6006,16.3046
6007,17.0705
6008,19.3299
6009,14.3180
6010,17.4453
6011,15.0872
6012,16.5796
6013,17.4737
6014,16.6937
6015,16.2794
6016,17.9137
6017,14.4098
6018,59.8846
6019,6.6479
6020,16.7532
6021,16.6555
6022,18.0086
6023,15.4182
6024,23.3847
6025,9.8625
6026,18.1256
6027,16.3902
6028,16.1727
6029,16.5166
6030,16.5355
6031,16.2849
6032,16.6667
6033,16.6261
6034,16.6758
6035,17.3157
6036,16.0371
6037,16.6066
6038,16.6328
6039,16.6855
6040,16.6520
6041,16.8219
6042,16.5351
6043,17.1410
6044,17.7653
6045,15.0332
6046,16.7343
6047,16.5953
6048,16.8957
6049,16.5785
6050,16.5494
6051,17.2059
6052,16.0969
6053,16.8247
6054,17.2800
6055,16.3849
6056,17.2917
6057,16.5876
6058,15.6838
6059,16.6834
6060,16.6089
6061,16.9038
6062,16.5871
6063,16.6256
6064,16.5867
6065,16.7064
6066,16.5996
6067,16.8046
6068,16.6001
6069,16.7044
6070,16.5630
6071,16.7069
6072,16.7099
6073,16.7069
6074,16.5522
6075,16.7571
6076,16.6262
6077,16.7505
6078,16.6934
6079,16.8431
6080,16.5876
6081,16.3819
6082,16.7203
6083,16.6748
6084,16.6903
6085,16.6314
6086,16.6483
6087,16.7595
6088,16.6932
6089,16.6534
6090,16.6399
6091,16.7769
6092,17.0714
6093,16.0849
6094,16.6603
6095,16.6311
6096,16.6958
6097,16.7292
6098,16.5115
6099,16.7101
6100,16.7723
6101,16.5900
6102,16.9490
6103,16.3398
6104,16.7835
6105,16.6498
6106,16.6893
6107,16.6564
6108,16.7459
6109,16.5745
6110,16.5606
6111,16.7501
6112,16.5947
6113,16.7196
6114,16.6006
6115,17.3987
6116,15.9960
6117,16.6949
6118,16.6789
6119,16.6625
6120,16.6452
6121,16.7181
6122,16.6569
6123,16.6765
6124,17.7581
6125,16.8492
6126,16.4109
6127,17.3680
6128,15.4347
6129,17.1413
6130,15.5841
6131,16.6786
6132,17.1110
6133,16.5265
6134,16.7050
6135,16.3633
6136,16.7053
6137,16.6166
6138,16.6798
6139,17.2416
6140,16.9503
6141,16.1816
6142,16.2627
6143,16.6309
6144,17.6407
6145,16.1293
6146,17.8320
6147,15.1555
6148,16.5099
6149,16.9263
6150,16.4610
6151,16.7584
6152,16.5594
6153,17.0858
6154,16.8707
6155,16.0715
6156,16.7087
6157,16.6877
6158,16.6662
6159,16.6392
6160,16.6653
6161,16.6890
6162,16.7059
6163,16.6658
6164,16.5894
6165,16.8432
6166,16.6114
6167,16.6215
6168,16.5301
6169,16.7100
6170,16.6637
6171,16.6823
6172,16.7902
6173,16.5154
6174,16.6144
6175,17.3754
6176,16.0749
6177,16.6113
6178,16.6641
6179,17.1050
6180,16.3292
6181,16.6661
6182,16.6709
6183,17.8433
6184,15.3289
6185,16.7223
6186,16.8279
6187,16.4954
6188,16.7180
6189,16.6977
6190,16.5952
6191,16.5610
6192,17.3810
6193,16.1098
6194,16.7391
6195,16.5256
6196,16.6982
6197,16.6364
6198,16.6789
6199,16.5923
6200,17.7435
6201,16.3362
6202,15.9858
6203,16.6572
6204,16.6102
6205,16.7403
6206,16.6044
6207,16.7699
6208,16.6116
6209,16.6396
6210,16.7801
6211,16.5403
6212,16.7688
6213,16.6553
6214,16.6365
6215,16.7202
6216,16.6786
6217,16.7604
6218,17.4108
6219,15.7704
6220,16.6154
6221,16.6747
6222,16.6596
6223,16.6957
6224,16.6659
6225,16.6256
6226,16.6499
6227,16.6657
6228,16.7084
6229,16.6985
6230,16.6264
6231,17.6836
6232,15.5940
6233,16.6520
6234,16.7234
6235,16.7840
6236,16.5008
6237,16.7459
6238,16.6224
6239,16.6240
6240,16.6931
6241,16.8255
6242,16.5548
6243,16.7137
6244,17.0612
6245,16.2045
6246,17.3061
6247,16.0882
6248,16.7745
6249,16.5347
6250,16.5901
6251,16.6870
6252,16.7018
6253,16.6324
6254,16.7134
6255,16.5975
6256,17.5208
6257,15.8361
6258,16.6497
6259,16.6807
6260,16.7171
6261,16.6240
6262,16.6570
6263,16.6303
6264,16.7913
6265,16.7411
6266,16.6306
6267,16.6832
6268,16.5306
6269,16.7546
6270,17.6345
6271,15.5583
6272,16.6323
6273,16.8604
6274,16.5605
6275,16.6774
6276,16.6466
6277,16.6853
6278,16.7319
6279,16.9795
6280,16.3219
6281,17.9441
6282,15.2738
6283,16.7480
6284,16.6568
6285,16.6646
6286,16.8025
6287,16.5886
6288,16.5912
6289,16.6645
6290,16.6804
6291,16.7810
6292,16.7030
6293,16.5905
6294,16.7170
6295,17.6218
6296,16.3041
6297,15.8954
6298,16.7296
6299,16.6130
6300,16.8757
6301,16.5624
6302,16.8967
6303,16.3920
6304,16.6468
6305,16.6030
6306,16.8878
6307,16.5816
6308,16.6081
6309,19.1696
6310,15.3337
6311,15.5547
6312,16.6496
6313,16.5894
6314,16.6150
6315,16.7355
6316,16.6746
6317,16.7161
6318,16.4998
6319,16.9339
6320,16.4685
6321,16.9810
6322,16.3591
6323,16.6782
6324,16.6497
6325,16.6883
6326,16.6658
6327,16.6857
6328,16.5624
6329,16.8704
6330,16.6877
6331,16.7468
6332,16.6058
6333,16.6409
6334,16.5270
6335,17.1707
6336,16.1794
6337,16.6580
6338,16.7428
6339,16.5886
6340,16.6039
6341,16.7363
6342,16.5552
6343,17.1189
6344,17.1411
6345,15.8499
6346,16.9680
6347,16.3251
6348,16.6513
6349,16.6987
6350,16.6873
6351,16.5981
6352,16.6930
6353,16.6506
6354,16.6419
6355,16.7667
6356,17.7923
6357,15.7174
6358,17.0571
6359,16.0863
6360,16.6149
6361,16.7504
6362,16.6495
6363,16.7417
6364,16.5565
6365,16.7154
6366,17.7213
6367,16.0668
6368,16.5018
6369,16.2652
6370,16.7026
6371,16.6667
6372,16.6987
6373,16.5934
6374,16.9919
6375,16.6833
6376,16.4511
6377,16.5055
6378,16.7905
6379,16.6121
6380,17.0130
6381,16.6532
6382,17.1006
6383,15.8717
6384,16.6412
6385,16.7195
6386,16.6502
6387,16.7016
6388,16.6539
6389,17.1146
6390,16.2634
6391,16.9988
6392,17.1200
6393,16.5767
6394,15.8651
6395,16.6725
6396,16.6521
6397,16.7751
6398,16.6238
6399,16.7726
6400,16.6488
6401,16.4960
6402,16.8034
6403,16.7882
6404,16.7374
6405,16.4022
6406,16.7836
6407,16.5941
6408,16.5060
6409,16.8063
6410,16.6964
6411,16.6202
6412,16.6571
6413,16.6261
6414,16.8157
6415,16.9065
6416,16.5888
6417,16.3770
6418,16.7348
6419,17.0002
6420,16.2989
6421,16.6796
6422,16.5348
6423,16.7911
6424,16.6332
6425,16.6884
6426,16.6234
6427,16.7408
6428,16.6255
6429,16.6728
6430,18.7561
6431,14.8427
6432,19.2516
6433,14.0865
6434,19.8544
6435,13.9073
6436,15.9843
6437,16.6076
6438,17.2606
6439,16.3592
6440,16.3604
6441,16.7845
6442,16.5816
6443,16.6201
6444,16.7384
6445,16.6415
6446,16.6448
6447,16.6852
6448,16.6363
6449,17.8499
6450,16.1593
6451,16.1380
6452,16.6600
6453,16.5253
6454,16.8684
6455,18.1794
6456,15.2173
6457,16.4531
6458,17.0673
6459,16.2097
6460,16.6736
6461,16.6848
6462,17.1955
6463,16.5488
6464,16.7348
6465,16.1714
6466,17.3089
6467,15.9663
6468,16.7593
6469,16.6990
6470,16.6207
6471,16.7238
6472,16.5267
6473,16.7226
6474,16.7302
6475,16.6019
6476,16.8191
6477,16.6868
6478,16.6734
6479,17.2005
6480,15.8869
6481,16.8259
6482,16.5614
6483,16.7867
6484,16.4816
6485,16.6727
6486,16.7126
6487,16.7405
6488,16.5776
6489,16.7097
6490,16.6421
6491,16.7808
6492,16.5743
6493,16.9724
6494,16.3833
6495,16.6621
6496,17.0983
6497,16.2556
6498,16.5819
6499,16.6884
6500,16.6739
6501,16.6982
6502,16.7835
6503,16.5591
6504,16.6048
6505,16.6221
6506,16.7494
6507,16.6334
6508,16.6166
6509,16.6809
6510,17.2308
6511,16.1166
6512,16.7248
6513,16.7964
6514,16.5224
6515,16.5781
6516,16.6984
6517,16.6547
6518,16.6621
6519,16.7513
6520,16.6086
6521,16.6621
6522,16.6633
6523,16.8253
6524,16.5099
6525,16.7278
6526,16.5795
6527,16.9962
6528,16.4149
6529,16.6703
6530,16.7173
6531,16.4842
6532,16.7979
6533,16.6650
6534,16.6041
6535,17.4547
6536,16.2654
6537,17.0390
6538,15.8952
6539,16.7346
6540,16.6335
6541,16.7913
6542,16.4956
6543,16.7219
6544,16.6689
6545,16.6567
6546,16.6771
6547,17.6949
6548,16.4953
6549,15.8530
6550,16.8823
6551,19.0278
6552,14.7031
6553,16.0349
6554,17.1731
6555,16.5668
6556,16.1700
6557,16.6828
6558,17.3320
6559,16.6500
6560,16.0522
6561,17.8050
6562,15.5565
6563,16.6786
6564,16.8680
6565,16.6544
6566,16.5377
6567,16.5789
6568,17.0557
6569,16.2737
6570,16.7862
6571,16.5441
6572,17.0454
6573,16.4333
6574,16.6508
6575,16.6064
6576,16.6830
6577,16.5570
6578,16.6656
6579,16.6796
6580,16.7294
6581,16.5599
6582,16.6996
6583,16.7759
6584,16.6142
6585,16.6299
6586,16.6799
6587,16.7703
6588,17.9758
6589,15.4826
6590,17.9337
6591,18.1467
6592,13.8392
6593,16.6175
6594,18.6968
6595,14.6891
6596,16.7638
6597,16.5822
6598,16.4750
6599,16.7203
6600,16.5512
6601,16.8407
6602,16.6588
6603,16.6469
6604,17.0468
6605,17.0638
6606,16.4821
6607,16.3972
6608,16.5996
6609,16.4145
6610,16.5728
6611,16.6629
6612,16.7205
6613,16.6267
6614,16.6671
6615,16.8620
6616,16.5560
6617,16.5504
6618,16.9191
6619,16.6057
6620,16.6030
6621,16.5459
6622,16.7005
6623,16.6950
6624,16.8228
6625,16.3683
6626,16.7332
6627,16.7912
6628,16.5496
6629,16.8098
6630,16.8934
6631,16.3498
6632,16.8574
6633,16.4360
6634,16.7272
6635,16.6877
6636,16.6149
6637,16.6273
6638,16.6603
6639,16.7703
6640,16.6138
6641,16.6671
6642,16.5856
6643,16.7907
6644,17.4211
6645,15.8201
6646,16.7145
6647,16.6675
6648,16.6922
6649,16.7348
6650,16.5194
6651,16.6449
6652,16.7997
6653,16.5147
6654,16.9633
6655,17.3788
6656,16.2525
6657,16.0617
6658,16.7297
6659,16.5765
6660,16.6649
6661,16.7028
6662,16.7240
6663,16.7391
6664,16.5875
6665,16.6402
6666,16.6615
6667,16.8253
6668,16.6356
6669,16.7091
6670,16.8630
6671,16.2544
6672,16.6927
6673,16.6776
6674,17.7902
6675,15.5961
6676,16.7432
6677,16.5321
6678,16.9062
6679,16.3802
6680,16.7501
6681,16.6462
6682,16.6880
6683,16.6441
6684,16.6518
6685,16.6962
6686,16.9094
6687,16.4926
6688,16.5613
6689,16.6418
6690,16.7330
6691,16.6494
6692,16.6637
6693,16.6880
6694,16.6026
6695,16.8537
6696,16.6234
6697,16.8826
6698,16.4004
6699,16.5392
6700,16.7224
6701,16.5824
6702,17.0252
6703,16.3729
6704,16.6127
6705,16.7205
6706,16.8576
6707,16.8301
6708,16.4640
6709,16.5187
6710,16.6642
6711,16.6927
6712,16.7394
6713,16.5788
6714,16.6460
6715,16.7288
6716,16.6852
6717,16.6151
6718,16.7422
6719,16.6034
6720,16.7455
6721,16.6574
6722,16.6062
6723,16.6596
6724,16.6442
6725,16.7073
6726,16.6962
6727,17.1745
6728,16.3321
6729,16.7742
6730,16.3186
6731,16.5831
6732,16.7623
6733,16.7367
6734,16.7255
6735,16.5520
6736,16.6777
6737,16.5668
6738,16.7318
6739,16.6059
6740,16.7150
6741,16.8008
6742,16.9890
6743,16.2298
6744,16.5764
6745,16.7489
6746,16.6421
6747,16.6794
6748,16.7382
6749,16.5935
6750,16.6256
6751,16.7087
6752,16.8700
6753,17.2456
6754,15.8175
6755,16.6460
6756,16.7921
6757,16.6841
6758,16.6485
6759,16.6437
6760,17.2255
6761,16.0453
6762,16.7493
6763,16.5628
6764,16.9371
6765,17.7095
6766,15.3261
6767,16.7227
6768,16.6216
6769,16.7810
6770,16.5490
6771,16.7108
6772,16.6779
6773,17.1573
6774,16.8407
6775,16.0345
6776,16.9790
6777,16.6719
6778,16.2937
6779,16.7818
6780,16.5287
6781,16.6797
6782,16.7080
6783,16.7121
6784,16.4970
6785,17.2914
6786,16.1500
6787,16.6805
6788,16.7902
6789,16.4859
6790,17.1415
6791,16.1633
6792,16.6022
6793,16.7447
6794,17.0443
6795,18.1874
6796,15.5761
6797,15.9877
6798,16.7628
6799,26.8502
6800,9.6132
6801,13.9965
6802,16.5040
6803,16.3026
6804,16.6336
6805,16.6071
6806,16.5974
6807,16.7491
6808,16.6216
6809,17.5241
6810,15.8900
6811,16.6907
6812,16.5838
6813,16.6507
6814,16.5983
6815,16.6928
6816,16.7201
6817,16.8288
6818,16.5776
6819,16.7601
6820,16.6295
6821,16.5027
6822,16.6932
6823,16.6086
6824,16.7383
6825,17.0073
6826,16.3788
6827,16.6424
6828,16.6074
6829,16.6657
6830,16.7274
6831,16.7578
6832,16.5575
6833,16.6172
6834,16.7463
6835,16.6276
6836,17.7530
6837,16.1728
6838,16.2583
6839,16.4782
6840,16.5811
6841,16.6714
6842,16.9709
6843,16.3989
6844,16.6607
6845,16.6373
6846,16.6633
6847,17.4100
6848,16.2373
6849,16.3770
6850,17.5221
6851,15.7087
6852,16.7680
6853,16.6800
6854,16.6610
6855,17.0345
6856,16.2925
6857,16.6786
6858,16.6760
6859,16.6336
6860,16.7824
6861,16.5862
6862,17.6482
6863,15.6267
6864,17.7754
6865,15.8626
6866,16.5028
6867,16.4389
6868,16.7452
6869,16.6639
6870,16.6346
6871,16.8740
6872,16.5213
6873,16.6617
6874,16.6449
6875,16.6650
6876,16.6999
6877,16.7313
6878,16.9282
6879,16.3725
6880,16.6584
6881,16.6429
6882,16.7203
6883,16.5885
6884,16.7499
6885,16.6704
6886,16.6131
6887,16.6410
6888,16.7719
6889,16.5462
6890,22.5444
6891,14.5562
6892,13.1979
6893,19.4267
6894,13.5020
6895,16.7659
6896,18.0241
6897,15.3096
6898,16.6420
6899,16.7242
6900,16.7135
6901,16.7217
6902,16.6096
6903,16.6907
6904,16.6696
6905,16.5690
6906,16.8602
6907,16.5031
6908,17.6779
6909,16.2166
6910,16.3129
6911,16.4156
6912,16.6862
6913,16.6504
6914,16.6529
6915,16.7482
6916,16.5977
6917,16.6830
6918,16.6611
6919,16.8581
6920,16.9082
6921,16.4121
6922,16.8751
6923,16.2108
6924,16.7398
6925,16.8106
6926,16.5350
6927,16.6453
6928,16.5546
6929,16.6989
6930,16.7048
6931,16.6482
6932,16.7578
6933,16.6395
6934,16.6059
6935,16.5812
6936,16.8564
6937,16.6543
6938,16.6068
6939,16.9498
6940,16.3571
6941,16.6070
6942,18.3292
6943,15.0625
6944,16.6331
6945,16.6593
6946,16.6768
6947,16.7348
6948,16.6245
6949,16.6131
6950,16.7558
6951,16.6155
6952,16.9304
6953,16.4261
6954,16.6656
6955,17.3059
6956,16.0611
6957,16.5848
6958,16.7231
6959,16.5712
6960,16.7153
6961,16.7526
6962,16.7880
6963,16.5607
6964,16.6612
6965,16.5692
6966,16.7423
6967,17.2359
6968,16.3642
6969,16.6600
6970,17.5191
6971,15.4922
6972,16.7180
6973,16.5746
6974,16.7846
6975,16.5849
6976,16.6713
6977,16.6954
6978,16.6609
6979,16.6531
6980,17.3028
6981,17.1349
6982,16.0576
6983,16.1130
6984,16.7471
6985,16.6521
6986,16.6725
6987,16.6795
6988,16.6327
6989,16.6681
6990,17.3388
6991,15.9794
6992,16.9836
6993,16.3166
6994,16.7116
6995,16.8522
6996,16.4780
6997,16.7695
6998,16.5300
6999,16.7184
7000,16.7384
7001,16.4927
7002,16.7868
7003,16.5939
7004,16.6999
7005,16.6053
7006,16.6811
7007,16.7151
7008,16.6666
7009,16.8359
7010,16.4712
7011,17.5761
7012,16.3616
7013,16.0320
7014,16.7107
7015,16.6924
7016,16.7295
7017,16.6296
7018,16.6430
7019,16.6406
7020,16.6635
7021,16.6569
7022,16.6332
7023,16.6871
7024,17.6786
7025,16.0123
7026,16.3074
7027,16.7440
7028,16.5382
7029,16.7044
7030,16.7295
7031,16.6359
7032,16.7081
7033,16.6217
7034,16.5917
7035,16.8256
7036,16.4964
7037,17.0447
7038,16.4783
7039,16.5874
7040,16.6079
7041,16.6402
7042,16.6880
7043,16.6452
7044,16.7747
7045,16.5193
7046,16.7355
7047,16.6947
7048,16.6549
7049,16.7061
7050,16.7626
7051,16.5963
7052,16.5271
7053,16.7300
7054,16.6587
7055,16.6184
7056,16.7639
7057,16.6154
7058,16.7190
7059,16.7518
7060,16.5831
7061,16.7430
7062,18.0560
7063,16.1163
7064,16.1351
7065,16.1853
7066,16.6837
7067,16.6925
7068,16.6890
7069,16.5737
7070,16.7728
7071,16.6676
7072,16.6584
7073,16.5962
7074,16.7289
7075,16.6677
7076,16.6734
7077,16.5851
7078,16.7280
7079,16.7156
7080,18.1350
7081,15.1221
7082,16.7058
7083,16.6169
7084,16.7145
7085,16.6686
7086,16.6150
7087,17.0338
7088,16.6169
7089,16.2652
7090,16.7486
7091,16.6324
7092,17.5839
7093,15.8744
7094,16.6712
7095,16.5555
7096,16.6161
7097,16.8800
7098,16.5473
7099,16.6295
7100,16.9873
7101,16.4012
7102,16.6822
7103,16.7189
7104,16.6635
7105,16.6136
7106,16.9353
7107,16.3422
7108,16.6369
7109,16.6839
7110,16.6448
7111,16.7405
7112,16.7144
7113,16.5921
7114,16.7034
7115,16.6138
7116,16.7242
7117,16.6049
7118,16.7031
7119,16.5878
7120,17.8452
7121,15.4750
7122,16.7916
7123,16.5845
7124,16.6765
7125,16.5642
7126,16.7328
7127,16.7500
7128,16.7134
7129,16.5605
7130,16.6999
7131,16.7910
7132,16.4789
7133,16.7384
7134,18.0677
7135,15.3915
7136,16.4483
7137,16.7606
7138,16.6557
7139,16.6250
7140,16.6488
7141,16.5950
7142,16.6807
7143,16.6907
7144,16.7335
7145,16.6900
7146,16.6294
7147,16.6700
7148,17.3308
7149,15.9853
7150,16.6551
7151,16.7226
7152,16.6424
7153,16.6254
7154,16.7012
7155,16.7443
7156,16.6464
7157,16.6381
7158,16.6743
7159,16.8557
7160,16.3984
7161,16.7345
7162,17.1234
7163,16.1551
7164,16.7025
7165,16.6504
7166,16.6865
7167,16.6901
7168,16.5554
7169,16.7639
7170,16.6407
7171,16.6729
7172,16.5970
7173,17.6439
7174,16.0274
7175,16.3648
7176,16.6875
7177,16.6584
7178,16.7267
7179,16.6140
7180,16.6335
7181,16.7108
7182,16.6171
7183,17.2281
7184,16.1217
7185,17.1300
7186,16.5917
7187,16.3048
7188,16.6332
7189,16.7061
7190,16.6752
7191,16.5642
7192,16.7164
7193,16.7023
7194,16.7600
7195,16.5485
7196,16.7662
7197,16.5761
7198,16.7462
7199,16.5960
7200,16.6487
7201,17.9674
7202,19.4411
7203,15.0245
7204,14.8952
7205,18.3756
7206,14.3168
7207,17.6058
7208,16.2582
7209,16.7865
7210,16.0403
7211,16.6643
7212,16.5681
7213,17.7318
7214,16.8746
7215,15.4388
7216,16.7456
7217,16.8572
7218,16.3996
7219,18.1580
7220,18.3264
7221,13.7019
7222,16.5477
7223,18.3221
7224,16.6189
7225,14.9709
7226,17.0455
7227,16.2901
7228,16.7918
7229,16.8936
7230,16.2490
7231,16.8347
7232,16.5773
7233,17.0933
7234,16.5415
7235,16.2671
7236,16.8533
7237,16.6072
7238,16.7020
7239,16.6566
7240,16.6057
7241,16.6965
7242,16.6256
7243,16.6812
7244,16.8452
7245,16.7085
7246,16.3503
7247,16.6894
7248,16.7271
7249,16.6831
7250,16.9871
7251,16.8328
7252,16.6759
7253,16.0706
7254,16.7823
7255,16.6272
7256,16.6436
7257,17.2974
7258,15.9354
7259,16.7783
7260,16.5551
7261,16.6962
7262,16.7858
7263,16.6302
7264,16.8536
7265,16.6119
7266,17.1189
7267,16.6967
7268,16.0349
7269,17.5449
7270,15.7819
7271,16.6014
7272,16.7198
7273,16.7137
7274,16.6628
7275,16.6686
7276,16.6508
7277,16.6238
7278,16.6460
7279,17.3378
7280,16.7078
7281,15.9750
7282,16.6492
7283,16.7079
7284,16.7592
7285,16.5147
7286,16.6818
7287,16.7369
7288,16.6867
7289,16.6125
7290,16.6874
7291,16.6964
7292,16.8046
7293,16.4752
7294,16.6646
7295,16.6342
7296,16.7484
7297,16.6145
7298,16.6915
7299,16.5789
7300,16.9746
7301,16.4070
7302,16.6350
7303,17.0291
7304,17.0640
7305,16.0052
7306,16.5426
7307,16.7187
7308,16.7444
7309,16.6528
7310,16.6354
7311,16.5824
7312,16.7289
7313,16.5362
7314,16.7962
7315,16.6681
7316,16.6606
7317,17.6218
7318,16.4511
7319,15.9027
7320,16.6820
7321,16.6408
7322,16.6350
7323,16.6768
7324,16.7088
7325,16.6439
7326,16.6489
7327,17.5255
7328,16.7766
7329,15.6730
7330,16.8037
7331,16.6770
7332,16.5864
7333,17.0250
7334,16.3120
7335,16.6190
7336,16.6801
7337,16.6696
7338,16.6556
7339,16.6619
7340,16.7152
7341,16.7870
7342,16.7726
7343,16.3287
7344,17.5885
7345,16.0648
7346,16.4544
7347,16.7170
7348,16.6141
7349,16.6634
7350,16.8493
7351,16.5071
7352,16.6276
7353,16.8964
7354,16.4670
7355,16.6006
7356,16.6706
7357,17.3338
7358,15.9897
7359,16.7054
7360,16.6138
7361,18.0538
7362,16.5708
7363,15.9194
7364,16.4205
7365,16.7671
7366,16.2978
7367,16.6696
7368,16.9210
7369,16.7969
7370,18.8823
7371,14.0663
7372,16.7264
7373,16.6242
7374,16.7038
7375,17.2489
7376,17.0444
7377,15.6089
7378,16.7996
7379,16.5643
7380,16.6961
7381,16.6612
7382,16.6468
7383,16.8689
7384,16.4604
7385,16.6426
7386,16.7042
7387,16.6521
7388,16.6438
7389,16.7637
7390,16.7339
7391,16.5694
7392,16.8113
7393,17.1669
7394,15.9954
7395,16.6574
7396,16.6020
7397,16.6594
7398,16.7350
7399,16.8700
7400,17.6087
7401,16.1875
7402,16.9338
7403,15.6416
7404,16.6776
7405,16.8070
7406,16.6168
7407,16.6805
7408,16.6723
7409,17.3154
7410,16.0087
7411,16.5706
7412,16.8135
7413,16.5860
7414,16.7115
7415,18.5106
7416,14.8060
7417,16.5768
7418,19.4944
7419,13.9814
7420,17.6529
7421,15.5437
7422,16.6920
7423,16.8717
7424,16.4541
7425,16.8046
7426,16.8498
7427,16.3780
7428,16.7113
7429,16.6107
7430,16.8370
7431,16.6763
7432,17.3917
7433,16.0277
7434,16.3565
7435,16.6828
7436,16.7145
7437,16.6852
7438,16.7443
7439,16.5360
7440,16.7007
7441,16.8924
7442,16.3687
7443,16.8236
7444,16.4937
7445,16.8535
7446,17.0703
7447,16.2054
7448,16.6542
7449,16.5428
7450,17.9101
7451,15.4828
7452,16.6310
7453,16.6969
7454,16.8060
7455,16.6258
7456,16.5185
7457,16.6038
7458,16.9074
7459,16.4400
7460,17.8923
7461,16.2365
7462,15.9441
7463,16.6868
7464,16.6605
7465,16.6206
7466,16.6323
7467,16.8094
7468,16.7294
7469,16.5597
7470,16.7630
7471,16.4776
7472,17.0467
7473,16.3752
7474,16.6623
7475,16.5720
7476,16.8974
7477,16.3951
7478,16.8169
7479,16.6300
7480,16.6603
7481,16.6290
7482,16.6999
7483,16.6617
7484,16.6858
7485,16.7089
7486,16.6165
7487,16.7382
7488,16.5348
7489,16.7022
7490,16.8556
7491,16.5165
7492,16.6792
7493,16.6579
7494,16.6764
7495,16.6242
7496,17.1738
7497,16.1580
7498,16.6893
7499,16.5851
7500,16.6677
7501,16.7592
7502,16.6328
7503,16.6875
7504,16.6673
7505,16.6125
7506,16.6942
7507,16.6136
7508,16.8769
7509,16.7047
7510,16.4393
7511,16.6804
7512,16.6988
7513,16.5589
7514,17.7428
7515,16.4182
7516,15.8983
7517,16.6677
7518,16.6896
7519,16.6375
7520,16.6437
7521,16.9230
7522,16.3934
7523,16.6250
7524,16.7280
7525,16.7414
7526,16.6687
7527,16.7423
7528,16.5573
7529,16.6690
7530,16.6349
7531,16.7548
7532,16.5282
7533,16.7626
7534,17.2754
7535,16.4559
7536,16.1850
7537,16.7506
7538,16.6364
7539,16.6535
7540,17.0280
7541,17.4815
7542,15.4353
7543,16.7538
7544,16.6744
7545,16.6727
7546,16.5831
7547,16.6471
7548,16.8579
7549,16.4770
7550,16.6658
7551,17.3065
7552,16.0159
7553,16.8563
7554,16.4595
7555,17.1979
7556,16.8992
7557,15.9662
7558,16.7631
7559,16.6329
7560,17.1645
7561,16.1338
7562,16.6421
7563,16.6931
7564,16.7021
7565,16.6314
7566,16.7599
7567,17.3459
7568,16.2064
7569,16.3988
7570,16.6098
7571,16.5993
7572,16.7424
7573,16.7029
7574,16.6001
7575,17.4809
7576,15.9294
7577,16.5717
7578,16.6639
7579,17.0231
7580,16.3862
7581,17.3000
7582,16.8054
7583,15.9534
7584,16.5876
7585,16.6016
7586,16.6505
7587,16.6633
7588,16.9523
7589,16.5436
7590,16.8772
7591,17.1560
7592,16.1157
7593,16.5643
7594,16.4251
7595,17.2221
7596,16.7795
7597,16.0186
7598,16.7867
7599,16.5071
7600,16.7520
7601,16.6205
7602,16.7164
7603,16.6311
7604,16.7814
7605,16.6091
7606,16.5414
7607,16.7712
7608,16.6903
7609,16.7957
7610,16.4572
7611,16.6992
7612,16.7220
7613,16.9655
7614,16.3673
7615,16.6360
7616,16.7360
7617,16.5832
7618,16.7360
7619,17.4342
7620,15.8570
7621,16.5075
7622,16.7875
7623,17.8338
7624,15.5755
7625,16.8259
7626,16.4487
7627,16.6003
7628,16.6477
7629,16.8792
7630,16.5817
7631,16.5787
7632,16.8747
7633,16.7848
7634,16.5456
7635,16.5214
7636,16.6239
7637,16.6797
7638,16.7147
7639,16.6162
7640,17.0285
7641,16.5175
7642,16.4229
7643,17.2954
7644,16.0499
7645,17.4886
7646,15.8392
7647,16.6746
7648,16.7719
7649,16.5746
7650,16.6522
7651,16.6200
7652,16.7439
7653,16.6501
7654,16.6692
7655,16.5413
7656,16.9120
7657,16.7532
7658,16.3769
7659,17.0129
7660,17.3221
7661,15.7075
7662,16.6746
7663,16.7571
7664,16.8270
7665,16.4286
7666,16.6535
7667,16.6275
7668,16.7078
7669,16.9169
7670,16.4552
7671,16.6332
7672,17.1667
7673,16.0875
7674,17.8554
7675,15.7334
7676,16.4301
7677,16.7335
7678,16.6507
7679,16.6991
7680,16.6232
7681,16.6254
7682,16.7912
7683,16.5896
7684,16.8137
7685,16.4316
7686,16.8964
7687,16.6034
7688,17.4346
7689,15.7955
7690,17.0722
7691,16.2530
7692,16.7580
7693,16.6085
7694,16.6625
7695,16.7214
7696,16.6272
7697,16.5364
7698,17.0605
7699,16.2644
7700,16.7804
7701,16.6542
7702,17.0378
7703,16.7775
7704,16.2353
7705,16.5924
7706,16.6653
7707,16.6258
7708,16.7600
7709,16.6251
7710,16.6535
7711,16.6640
7712,16.8167
7713,17.1690
7714,18.1188
7715,15.6480
7716,16.5439
7717,17.3052
7718,15.3910
7719,16.3356
7720,16.6399
7721,16.6900
7722,17.1635
7723,16.1486
7724,16.6826
7725,16.7273
7726,16.6904
7727,16.6376
7728,16.7858
7729,16.6718
7730,16.7210
7731,16.4367
7732,16.7030
7733,16.5314
7734,16.6683
7735,16.7368
7736,16.8937
7737,17.0775
7738,16.0738
7739,16.5946
7740,16.6237
7741,16.8025
7742,16.5994
7743,16.6946
7744,17.2325
7745,16.0679
7746,16.7181
7747,16.6506
7748,16.7505
7749,16.5625
7750,16.6599
7751,16.7757
7752,16.5592
7753,16.6772
7754,16.7439
7755,16.6450
7756,16.7145
7757,16.5409
7758,16.7714
7759,16.5881
7760,17.1744
7761,16.8007
7762,15.9474
7763,16.6907
7764,16.6385
7765,16.6924
7766,16.6950
7767,16.6598
7768,16.6535
7769,16.6546
7770,16.7100
7771,16.7132
7772,16.6891
7773,16.5861
7774,16.7477
7775,16.5692
7776,16.9131
7777,16.8958
7778,16.3293
7779,16.5526
7780,16.8626
7781,16.6933
7782,17.3471
7783,15.7786
7784,17.4384
7785,17.1864
7786,15.6933
7787,17.7320
7788,15.9694
7789,16.0533
7790,16.5677
7791,16.8361
7792,16.4939
7793,16.6397
7794,16.6661
7795,16.7372
7796,16.8498
7797,16.4834
7798,16.6704
7799,17.5748
7800,15.7484
7801,16.6553
7802,16.7724
7803,16.5448
7804,16.7711
7805,16.5440
7806,16.7483
7807,16.5864
7808,17.2387
7809,17.0837
7810,15.7217
7811,16.7027
7812,16.6172
7813,16.6554
7814,16.6054
7815,16.8083
7816,16.6973
7817,16.5358
7818,16.6289
7819,16.7361
7820,16.8265
7821,16.6594
7822,16.6942
7823,16.6749
7824,17.2446
7825,16.8367
7826,15.7866
7827,16.5472
7828,16.6670
7829,16.6791
7830,16.6583
7831,16.7645
7832,16.5828
7833,16.6385
7834,16.6527
7835,16.8536
7836,16.8566
7837,16.9063
7838,16.0559
7839,16.8129
7840,16.5105
7841,16.7289
7842,16.7733
7843,16.5982
7844,16.6247
7845,16.6538
7846,16.9563
7847,16.4439
7848,16.6890
7849,16.6934
7850,16.5732
7851,17.4146
7852,16.8795
7853,15.6508
7854,16.7792
7855,16.7103
7856,16.5385
7857,16.7167
7858,16.9388
7859,16.3331
7860,16.6638
7861,16.8419
7862,16.5049
7863,16.6950
7864,16.6103
7865,16.7172
7866,16.6987
7867,16.6303
7868,16.6251
7869,16.8197
7870,16.6500
7871,16.5294
7872,16.6497
7873,17.0498
7874,16.4631
7875,16.4856
7876,17.3894
7877,15.9415
7878,16.6680
7879,16.7241
7880,17.2551
7881,16.2670
7882,16.4796
7883,16.8170
7884,16.5322
7885,16.7923
7886,18.1293
7887,15.0890
7888,16.6618
7889,16.6543
7890,17.1314
7891,16.9398
7892,16.0132
7893,16.5798
7894,17.6591
7895,16.3399
7896,15.9615
7897,17.2891
7898,16.7420
7899,16.1064
7900,17.2917
7901,15.9226
7902,16.7534
7903,16.5579
7904,18.7799
7905,15.2655
7906,16.4999
7907,16.2169
7908,16.6230
7909,16.7094
7910,16.5794
7911,16.7208
7912,16.8113
7913,16.4961
7914,16.6671
7915,17.0985
7916,16.2868
7917,16.5615
7918,17.0649
7919,16.2267
7920,16.8137
7921,16.6057
7922,16.5962
7923,16.7499
7924,16.6634
7925,16.7246
7926,16.6587
7927,16.7541
7928,19.2799
7929,13.7607
7930,16.9103
7931,16.5000
7932,16.6463
7933,16.7418
7934,16.6455
7935,16.6587
7936,16.7572
7937,16.5590
7938,16.6603
7939,16.6828
7940,16.7007
7941,16.5988
7942,16.7324
7943,16.5884
7944,16.7073
7945,16.6854
7946,16.6243
7947,16.7604
7948,16.5232
7949,16.8522
7950,16.5213
7951,16.6162
7952,16.8121
7953,17.1029
7954,16.0303
7955,16.7254
7956,16.8138
7957,16.6044
7958,16.8690
7959,16.4816
7960,16.6226
7961,16.7767
7962,16.5814
7963,16.6521
7964,16.7611
7965,17.0999
7966,16.0503
7967,16.6913
7968,16.7834
7969,16.6297
7970,17.3470
7971,15.9367
7972,16.6447
7973,16.8812
7974,16.6023
7975,16.5113
7976,16.7485
7977,16.6741
7978,17.4944
7979,15.7838
7980,16.7152
7981,16.5821
7982,16.6750
7983,16.6845
7984,16.7049
7985,16.6462
7986,16.7027
7987,16.7310
7988,16.5958
7989,16.5689
7990,17.1844
7991,17.1690
7992,16.4422
7993,15.9358
7994,16.6987
7995,16.6616
7996,16.6127
7997,16.6381
7998,16.8006
7999,16.6693
8000,16.5356
8001,17.0432
8002,17.2141
8003,17.7031
8004,14.6949
8005,16.6523
8006,16.7972
8007,16.6413
8008,17.1437
8009,16.1648
8010,16.6611
8011,16.6024
8012,16.9016
8013,16.4733
8014,16.7004
8015,16.6342
8016,17.1041
8017,16.1762
8018,16.6263
8019,16.6311
8020,16.7319
8021,16.7297
8022,16.7504
8023,16.4676
8024,16.7410
8025,17.3035
8026,16.0260
8027,16.6241
8028,16.5795
8029,16.7660
8030,16.6741
8031,16.7866
8032,16.6106
8033,16.5669
8034,16.8123
8035,16.5974
8036,16.6190
8037,17.4974
8038,15.8395
8039,16.6645
8040,16.6537
8041,16.6744
8042,17.1971
8043,16.1534
8044,16.6300
8045,16.8290
8046,16.8425
8047,16.3840
8048,16.6812
8049,17.1302
8050,16.4559
8051,18.3226
8052,14.6352
8053,16.7524
8054,16.6763
8055,16.6921
8056,16.5562
8057,16.8476
8058,17.2257
8059,16.0835
8060,16.8622
8061,16.5171
8062,17.1951
8063,16.2035
8064,16.3965
8065,16.7424
8066,16.6244
8067,16.6697
8068,16.6951
8069,16.6884
8070,16.6674
8071,16.7196
8072,17.6402
8073,19.1760
8074,14.4864
8075,15.4286
8076,16.8030
8077,17.0324
8078,16.4049
8079,16.7519
8080,16.4075
8081,16.8267
8082,16.5194
8083,16.4570
8084,16.6935
8085,16.7972
8086,17.7889
8087,15.4267
8088,16.7551
8089,16.5883
8090,16.6534
8091,16.7027
8092,16.6281
8093,18.0113
8094,15.4130
8095,16.5636
8096,16.5491
8097,16.6893
8098,16.7730
8099,16.5842
8100,16.7708
8101,16.6603
8102,16.5569
8103,16.7362
8104,16.7447
8105,16.5509
8106,16.9797
8107,16.7126
8108,16.3383
8109,16.6909
8110,17.1361
8111,16.3738
8112,16.4618
8113,16.7390
8114,16.5249
8115,16.8370
8116,16.5514
8117,16.5977
8118,16.6668
8119,16.7152
8120,17.7362
8121,15.6920
8122,16.5740
8123,16.7148
8124,16.6426
8125,16.5298
8126,16.8013
8127,17.4803
8128,15.9235
8129,16.6405
8130,16.7938
8131,16.5999
8132,16.5883
8133,16.5456
8134,16.7227
8135,16.7369
8136,16.6398
8137,16.5529
8138,16.8031
8139,16.7759
8140,16.5253
8141,16.6127
8142,16.6525
8143,16.8602
8144,16.6662
8145,18.1237
8146,15.1124
8147,17.0053
8148,16.3345
8149,16.9590
8150,16.2843
8151,16.7242
8152,16.6824
8153,16.7127
8154,17.0028
8155,16.3934
8156,16.4764
8157,16.8261
8158,17.7693
8159,17.9415
8160,15.7365
8161,15.0861
8162,16.6689
8163,16.6886
8164,16.8595
8165,16.4572
8166,16.9835
8167,16.2911
8168,16.7360
8169,17.1700
8170,16.1091
8171,16.7465
8172,16.5498
8173,16.7011
8174,16.6121
8175,16.8036
8176,16.5262
8177,16.7439
8178,16.7666
8179,16.5575
8180,16.7228
8181,16.6873
8182,16.6644
8183,16.6562
8184,17.8737
8185,15.5185
8186,20.4821
8187,13.1200
8188,16.2194
8189,17.9488
8190,15.5614
8191,18.1017
8192,16.7563
8193,15.0219
8194,16.6840
8195,16.8443
8196,16.5324
8197,19.2056
8198,14.3384
8199,17.4281
8200,17.3601
8201,15.5091
8202,16.2002
8203,16.7417
8204,16.6790
8205,16.5513
8206,16.7304
8207,16.6294
8208,16.7121
8209,16.5927
8210,16.7231
8211,16.6580
8212,16.6862
8213,16.6093
8214,16.5453
8215,16.8721
8216,17.0844
8217,16.7550
8218,16.1208
8219,17.5345
8220,16.4390
8221,15.9106
8222,16.5773
8223,17.6822
8224,15.7612
8225,16.8451
8226,16.5349
8227,16.5101
8228,16.8581
8229,16.4595
8230,17.0235
8231,16.3674
8232,16.6126
8233,17.8508
8234,15.7091
8235,16.8451
8236,17.5782
8237,15.4226
8238,16.7269
8239,16.6591
8240,16.6757
8241,17.1122
8242,16.5832
8243,16.3146
8244,16.6660
8245,16.6600
8246,16.4942
8247,16.7809
8248,17.0618
8249,16.2173
8250,16.8728
8251,16.5427
8252,16.6668
8253,16.6667
8254,16.5702
8255,16.7047
8256,16.6057
8257,16.7780
8258,16.5557
8259,16.7696
8260,16.5469
8261,16.6927
8262,16.9704
8263,16.4899
8264,16.5446
8265,16.7591
8266,17.4107
8267,16.8676
8268,15.6704
8269,16.5956
8270,16.7573
8271,16.5252
8272,16.8227
8273,16.5625
8274,16.6699
8275,16.9660
8276,16.4463
8277,16.7654
8278,17.7278
8279,15.4990
8280,16.6682
8281,16.5840
8282,16.6229
8283,16.7572
8284,16.5679
8285,16.7021
8286,16.8299
8287,16.8429
8288,16.3770
8289,17.7906
8290,16.0027
8291,16.9951
8292,15.8440
8293,16.6351
8294,16.8971
8295,16.5308
8296,16.6642
8297,16.6481
8298,16.6609
8299,16.5623
8300,16.9475
8301,16.6089
8302,16.5795
8303,17.7808
8304,16.2928
8305,15.8727
8306,16.5830
8307,16.8485
8308,16.5237
8309,16.6997
8310,16.7084
8311,16.7365
8312,16.5253
8313,16.7752
8314,16.7884
8315,16.8989
8316,16.2932
8317,16.7513
8318,16.9078
8319,16.2502
8320,16.6867
8321,16.6269
8322,16.7228
8323,16.7238
8324,16.6655
8325,16.5633
8326,16.9454
8327,16.6657
8328,16.4625
8329,16.6351
8330,16.8452
8331,17.2009
8332,16.5157
8333,16.1931
8334,16.5659
8335,16.6790
8336,16.7730
8337,16.5613
8338,17.5671
8339,17.5293
8340,14.9248
8341,16.6349
8342,16.6206
8343,16.7518
8344,16.6227
8345,16.6439
8346,16.6976
8347,16.7302
8348,16.6304
8349,16.7340
8350,16.5628
8351,16.7131
8352,16.8500
8353,16.6050
8354,16.5804
8355,16.6016
8356,16.6145
8357,21.1038
8358,12.2533
8359,16.7067
8360,16.6480
8361,16.6941
8362,16.9889
8363,16.3657
8364,16.6169
8365,16.5929
8366,16.6561
8367,16.7685
8368,16.6687
8369,16.5187
8370,16.7447
8371,16.7161
8372,16.5750
8373,16.7385
8374,16.7826
8375,16.8513
8376,16.4127
8377,17.3592
8378,15.9751
8379,16.6697
8380,16.5665
8381,16.7924
8382,18.7750
8383,14.4870
8384,16.9480
8385,17.7504
8386,17.1347
8387,16.9357
8388,15.4913
8389,16.1784
8390,16.2926
8391,16.7942
8392,16.6062
8393,16.5697
8394,16.5845
8395,16.6783
8396,18.1942
8397,15.5722
8398,17.4554
8399,15.9347
8400,16.3204
8401,16.9909
8402,16.3075
8403,16.6520
8404,16.4999
8405,16.7029
8406,16.6993
8407,16.9182
8408,17.2292
8409,16.8526
8410,16.1970
8411,16.1973
8412,16.6074
8413,16.8649
8414,16.3992
8415,16.6887
8416,16.7538
8417,16.6852
8418,19.1150
8419,14.1756
8420,16.7521
8421,16.6414
8422,17.1582
8423,18.1026
8424,14.6244
8425,17.6452
8426,15.6860
8427,17.0815
8428,16.2740
8429,16.7020
8430,16.7185
8431,16.6010
8432,16.7079
8433,16.5846
8434,16.7841
8435,16.6412
8436,16.5602
8437,17.4079
8438,17.2252
8439,15.3796
8440,16.6461
8441,16.7226
8442,16.6462
8443,16.6852
8444,16.5902
8445,16.6905
8446,16.7991
8447,16.6130
8448,16.6274
8449,16.7417
8450,16.9213
8451,16.9381
8452,16.4717
8453,16.1914
8454,16.6949
8455,17.2682
8456,16.8439
8457,16.0504
8458,16.5333
8459,16.6575
8460,16.6035
8461,17.1273
8462,16.2256
8463,16.6552
8464,16.6957
8465,16.9010
8466,17.1732
8467,16.0152
8468,16.6483
8469,16.5986
8470,17.0908
8471,16.6502
8472,16.2604
8473,16.5985
8474,16.7738
8475,16.6921
8476,16.6401
8477,16.6072
8478,16.7146
8479,17.2402
8480,16.0657
8481,18.6824
8482,14.7804
8483,16.7574
8484,16.4254
8485,16.8563
8486,16.4988
8487,16.6274
8488,16.7111
8489,16.6650
8490,16.6208
8491,16.7094
8492,17.3174
8493,17.2416
8494,15.5021
8495,16.5128
8496,16.7238
8497,16.8815
8498,17.1419
8499,16.1783
8500,16.4170
8501,17.0078
8502,16.4043
8503,16.7257
8504,16.5787
8505,16.7335
8506,16.6735
8507,17.2595
8508,16.0411
8509,17.1235
8510,16.2033
8511,17.2020
8512,15.9580
8513,16.8264
8514,16.6178
8515,16.7954
8516,16.5237
8517,16.6635
8518,16.9255
8519,16.5070
8520,16.6105
8521,18.2814
8522,16.3953
8523,15.9581
8524,16.1539
8525,16.5075
8526,16.6689
8527,16.6854
8528,17.0875
8529,16.4843
8530,16.7828
8531,16.7488
8532,16.3346
8533,16.4915
8534,16.7341
8535,16.7911
8536,16.6085
8537,16.6726
8538,17.4423
8539,15.7823
8540,16.7386
8541,17.0133
8542,16.3168
8543,16.6610
8544,16.7182
8545,16.6922
8546,16.4753
8547,16.8894
8548,16.5585
8549,16.7674
8550,16.5178
8551,17.4896
8552,15.7578
8553,17.6390
8554,15.7357
8555,16.6904
8556,16.6913
8557,16.6283
8558,16.6209
8559,16.7604
8560,16.7107
8561,16.5938
8562,16.8099
8563,16.5498
8564,16.6128
8565,16.6908
8566,16.7047
8567,16.6392
8568,16.7671
8569,16.4759
8570,16.7821
8571,16.7146
8572,16.6066
8573,16.7033
8574,16.8793
8575,16.4947
8576,16.5783
8577,17.4389
8578,15.9191
8579,16.7930
8580,16.5555
8581,16.6798
8582,16.5931
8583,16.6861
8584,16.6632
8585,16.7910
8586,16.5687
8587,16.7788
8588,16.6246
8589,16.6432
8590,16.8007
8591,17.0571
8592,16.7948
8593,16.3009
8594,16.2713
8595,16.7112
8596,16.6282
8597,16.6952
8598,16.7056
8599,16.6301
8600,16.6541
8601,17.1872
8602,16.1558
8603,17.2579
8604,16.1025
8605,16.9641
8606,16.2895
8607,16.7496
8608,16.6483
8609,16.6075
8610,16.7253
8611,17.1905
8612,16.4898
8613,16.2418
8614,16.7518
8615,16.7404
8616,16.5702
8617,16.9464
8618,17.0960
8619,16.2496
8620,16.3385
8621,18.4741
8622,14.8315
8623,16.6079
8624,16.7820
8625,16.6117
8626,17.7258
8627,15.6138
8628,16.7138
8629,16.6097
8630,16.6868
8631,16.6680
8632,16.6540
8633,17.2124
8634,16.7818
8635,16.0123
8636,16.6041
8637,16.7366
8638,16.9056
8639,16.6356
8640,16.5420
8641,16.6784
8642,17.1500
8643,16.0679
8644,16.7069
8645,16.7363
8646,16.5655
8647,16.6655
8648,16.6628
8649,17.1000
8650,16.4586
8651,16.4832
8652,16.6554
8653,16.6141
8654,16.6197
8655,16.8803
8656,16.5697
8657,16.6659
8658,16.5642
8659,16.7201
8660,16.6877
8661,17.0350
8662,17.0323
8663,15.9881
8664,16.6794
8665,16.6910
8666,16.5276
8667,16.6656
8668,16.8552
8669,16.6710
8670,17.3699
8671,15.7720
8672,17.7999
8673,15.5254
8674,16.6752
8675,16.6678
8676,16.8404
8677,16.4641
8678,16.6973
8679,16.6237
8680,16.7704
8681,16.5660
8682,16.6136
8683,16.7564
8684,16.6620
8685,16.6243
8686,16.7237
8687,16.7808
8688,16.5760
8689,16.6596
8690,16.6948
8691,16.5443
8692,17.0497
8693,17.7301
8694,15.4220
8695,16.5616
8696,16.6526
8697,16.6096
8698,17.8262
8699,15.6222
8700,18.6233
8701,14.6064
8702,16.6799
8703,16.5927
8704,16.7036
8705,16.6519
8706,16.7319
8707,16.7005
8708,16.6132
8709,16.5998
8710,17.7051
8711,17.0847
8712,15.2208
8713,16.7063
8714,16.7394
8715,16.6750
8716,16.5781
8717,16.6374
8718,16.7073
8719,16.8325
8720,16.5035
8721,17.4642
8722,16.3686
8723,16.6954
8724,16.1067
8725,16.7591
8726,16.6022
8727,16.5794
8728,16.7227
8729,16.7559
8730,16.6012
8731,16.6377
8732,17.0649
8733,16.4582
8734,16.5626
8735,17.0004
8736,16.8083
8737,16.3010
8738,16.6254
8739,16.6838
8740,16.5498
8741,16.6009
8742,16.6775
8743,16.7264
8744,16.7304
8745,16.5854
8746,17.6960
8747,15.6460
8748,16.6653
8749,16.6980
8750,16.6493
8751,16.5598
8752,16.7324
8753,16.6123
8754,16.7371
8755,16.6744
8756,16.7323
8757,16.5187
8758,16.7641
8759,16.6001
8760,16.6721
8761,17.1932
8762,16.1168
8763,16.8311
8764,16.6036
8765,16.5872
8766,16.6525
8767,16.8371
8768,16.4956
8769,17.4340
8770,17.1065
8771,15.4005
8772,16.7076
8773,16.6532
8774,16.6984
8775,16.7628
8776,16.6441
8777,16.6251
8778,16.6826
8779,16.6894
8780,16.6415
8781,16.8820
8782,16.3981
8783,16.6287
8784,16.8807
8785,16.6351
8786,16.4730
8787,17.7011
8788,16.1424
8789,16.1765
8790,16.7142
8791,16.6200
8792,16.7032
8793,16.7605
8794,16.5943
8795,16.6244
8796,16.7927
8797,16.5241
8798,16.8469
8799,16.4543
8800,17.4855
8801,16.0828
8802,16.5200
8803,16.7698
8804,16.6281
8805,16.7031
8806,16.5240
8807,16.7663
8808,16.5346
8809,16.6908
8810,16.7311
8811,17.2466
8812,16.0841
8813,16.6322
8814,16.6392
8815,17.4037
8816,15.9012
8817,16.7017
8818,16.6581
8819,16.7462
8820,16.6319
8821,16.6630
8822,16.7957
8823,16.5545
8824,16.6236
8825,16.6860
8826,16.6641
8827,16.7124
8828,16.5767
8829,16.7631
8830,17.1571
8831,16.1959
8832,17.0095
8833,16.1773
8834,16.7073
8835,16.7658
8836,16.5034
8837,16.8941
8838,17.2510
8839,16.2261
8840,16.3555
8841,16.7169
8842,17.7863
8843,15.5384
8844,16.6773
8845,16.6887
8846,16.6351
8847,16.7272
8848,16.6079
8849,16.6404
8850,16.7398
8851,16.6176
8852,17.1485
8853,16.1468
8854,16.7231
8855,16.5724
8856,16.6917
8857,16.6909
8858,16.6568
8859,16.7237
8860,16.5735
8861,17.3872
8862,16.0067
8863,17.3450
8864,16.0439
8865,18.4212
8866,16.1056
8867,15.6772
8868,16.9208
8869,16.3094
8870,16.4711
8871,16.7046
8872,16.6172
8873,16.7394
8874,16.8124
8875,16.6273
8876,16.4165
8877,16.7304
8878,16.8778
8879,16.4985
8880,16.6271
8881,16.5744
8882,16.7477
8883,16.8510
8884,16.5034
8885,16.8116
8886,16.5018
8887,16.6692
8888,16.7584
8889,17.7230
8890,16.2555
8891,16.0340
8892,17.4535
8893,16.3253
8894,17.5811
8895,17.4678
8896,14.4393
8897,16.6619
8898,17.3639
8899,15.9850
8900,16.6788
8901,16.6214
8902,16.6559
8903,16.6320
8904,16.8559
8905,16.5504
8906,16.7432
8907,16.5385
8908,16.6043
8909,17.7913
8910,16.1665
8911,16.0792
8912,16.7202
8913,16.6872
8914,16.5689
8915,16.7306
8916,16.6602
8917,16.6048
8918,17.2628
8919,16.1300
8920,17.3611
8921,15.9413
8922,16.6216
8923,16.6295
8924,17.1218
8925,16.3152
8926,17.3644
8927,16.6166
8928,17.0731
8929,17.2010
8930,14.9917
8931,16.8166
8932,16.5749
8933,16.6801
8934,16.6344
8935,16.6404
8936,16.7698
8937,16.9308
8938,16.3724
8939,16.9026
8940,16.3486
8941,16.7894
8942,16.6087
8943,16.5826
8944,17.1656
8945,16.6297
8946,16.3111
8947,16.6155
8948,16.7701
8949,16.5121
8950,16.7304
8951,17.1311
8952,18.0529
8953,15.0796
8954,17.3295
8955,15.9025
8956,16.5804
8957,16.7637
8958,16.9638
8959,17.1139
8960,15.7143
8961,17.3147
8962,16.4446
8963,16.8957
8964,16.0367
8965,16.6400
8966,16.7000
8967,17.8407
8968,15.6104
8969,19.0690
8970,14.6991
8971,17.2135
8972,15.9862
8973,16.2538
8974,16.7025
8975,16.6682
8976,16.7784
8977,16.5364
8978,16.5867
8979,16.6399
8980,16.7115
8981,16.6419
8982,16.6492
8983,16.8261
8984,16.5964
8985,16.6948
8986,16.5237
8987,17.4346
8988,16.9631
8989,15.6589
8990,16.6150
8991,16.6627
8992,16.6601
8993,16.8248
8994,16.6227
8995,16.6575
8996,16.6167
8997,16.6764
8998,16.7084
8999,17.2033
9000,16.7925
9001,16.2861
9002,18.1710
9003,14.8213
9004,16.6807
9005,16.8864
9006,16.5864
9007,16.6205
9008,16.5169
9009,17.1191
9010,16.7476
9011,16.6579
9012,16.4171
9013,16.7559
9014,16.2845
9015,18.6196
9016,16.4419
9017,15.8836
9018,15.9516
9019,16.5925
9020,16.6578
9021,17.0098
9022,16.3600
9023,16.6503
9024,16.9100
9025,16.3532
9026,17.9463
9027,15.9625
9028,16.1677
9029,16.5902
9030,16.7487
9031,17.8105
9032,15.3204
9033,16.7355
9034,17.7822
9035,15.5958
9036,16.6287
9037,16.7253
9038,16.7411
9039,16.8345
9040,16.3657
9041,16.7008
9042,16.6193
9043,16.8361
9044,16.5621
9045,16.6222
9046,16.8403
9047,16.5267
9048,16.6479
9049,16.7028
9050,16.6665
9051,16.6540
9052,16.7141
9053,16.8134
9054,16.5742
9055,16.5644
9056,16.7306
9057,18.0345
9058,15.4754
9059,17.4253
9060,15.6951
9061,16.5892
9062,16.6961
9063,16.7686
9064,16.5064
9065,16.6844
9066,16.8663
9067,16.4643
9068,16.6514
9069,16.6938
9070,16.7712
9071,16.5797
9072,16.6331
9073,16.7981
9074,17.7428
9075,15.4318
9076,16.8324
9077,16.5422
9078,16.6509
9079,16.7634
9080,16.5960
9081,16.8012
9082,16.5086
9083,17.3219
9084,16.1120
9085,16.5843
9086,16.6299
9087,17.0158
9088,16.3180
9089,17.8734
9090,15.5823
9091,16.6178
9092,16.6043
9093,16.6208
9094,16.6920
9095,17.2481
9096,16.5761
9097,16.2414
9098,16.5599
9099,16.8346
9100,18.8763
9101,14.9520
9102,17.7581
9103,15.3041
9104,18.4502
9105,14.6474
9106,16.7318
9107,16.5049
9108,16.8465
9109,16.5356
9110,16.6519
9111,18.0363
9112,16.4728
9113,16.9117
9114,15.2568
9115,18.2511
9116,14.9605
9117,16.7017
9118,16.7796
9119,16.7216
9120,16.7816
9121,16.5663
9122,16.5204
9123,17.0239
9124,16.8320
9125,16.1702
9126,16.9349
9127,16.4139
9128,16.6451
9129,16.7368
9130,16.9964
9131,16.2303
9132,16.6940
9133,16.7164
9134,16.6401
9135,16.7472
9136,16.6652
9137,16.5293
9138,16.6704
9139,16.6765
9140,16.6711
9141,16.7045
9142,16.6318
9143,16.6193
9144,16.6554
9145,16.8927
9146,16.9508
9147,16.2966
9148,16.8264
9149,16.2709
9150,17.2069
9151,16.2788
9152,16.6353
9153,16.7245
9154,16.8296
9155,16.4404
9156,16.7443
9157,16.6319
9158,16.6198
9159,16.6957
9160,16.7185
9161,16.6023
9162,16.6831
9163,17.0830
9164,16.2265
9165,16.8209
9166,16.5345
9167,16.6395
9168,16.7141
9169,16.5886
9170,16.7114
9171,16.8556
9172,16.4578
9173,16.8974
9174,16.4299
9175,16.8759
9176,17.1093
9177,16.9815
9178,18.1250
9179,14.3517
9180,16.9545
9181,16.8232
9182,16.0964
9183,17.3448
9184,16.0485
9185,16.6059
9186,16.7160
9187,16.8245
9188,16.7480
9189,16.4195
9190,16.8422
9191,17.0821
9192,16.8108
9193,15.7848
9194,16.7081
9195,16.7543
9196,16.6491
9197,16.7255
9198,16.6152
9199,18.5127
9200,15.7304
9201,16.6011
9202,17.1382
9203,15.8945
9204,17.8746
9205,14.8680
9206,16.6811
9207,17.3932
9208,16.0801
9209,16.6276
9210,16.5288
9211,16.7496
9212,16.6184
9213,16.7452
9214,16.6034
9215,16.6905
9216,16.7016
9217,16.7018
9218,16.5606
9219,16.6501
9220,17.4786
9221,16.5913
9222,15.9231
9223,16.7196
9224,16.6251
9225,16.6888
9226,16.6098
9227,16.6207
9228,16.8293
9229,16.6144
9230,16.6443
9231,16.6309
9232,16.9200
9233,16.4770
9234,16.6598
9235,17.8634
9236,15.6366
9237,16.5574
9238,16.5647
9239,16.6752
9240,16.6571
9241,16.7874
9242,17.2224
9243,15.9828
9244,16.6328
9245,16.7815
9246,16.6847
9247,17.0160
9248,16.2393
9249,17.3876
9250,16.7867
9251,16.4569
9252,16.5732
9253,16.8122
9254,15.9877
9255,16.6597
9256,16.6620
9257,16.6425
9258,16.7059
9259,16.7832
9260,16.6098
9261,16.7137
9262,16.6283
9263,17.8272
9264,15.4704
9265,16.5826
9266,16.5660
9267,16.7699
9268,16.6133
9269,16.7007
9270,17.2331
9271,16.0849
9272,16.7037
9273,17.2486
9274,16.0625
9275,17.4496
9276,15.9273
9277,16.6828
9278,16.7822
9279,16.5783
9280,16.8774
9281,16.3589
9282,16.7826
9283,16.5507
9284,16.6752
9285,16.7404
9286,17.4754
9287,16.6299
9288,17.7668
9289,15.1411
9290,16.3704
9291,16.5760
9292,16.7205
9293,16.6602
9294,16.6403
9295,16.7708
9296,18.7582
9297,14.8343
9298,18.1627
9299,14.7604
9300,20.8668
9301,12.4941
9302,16.6436
9303,16.6627
9304,16.5016
9305,16.8394
9306,16.6535
9307,16.7013
9308,16.8131
9309,16.4451
9310,16.7187
9311,16.5873
9312,16.7100
9313,16.6599
9314,16.6385
9315,16.7466
9316,16.9109
9317,17.9946
9318,16.3151
9319,16.2400
9320,17.7208
9321,15.2246
9322,17.2289
9323,15.7050
9324,16.7531
9325,16.6376
9326,16.7486
9327,16.5199
9328,16.6276
9329,16.6637
9330,16.6768
9331,16.6999
9332,16.6592
9333,16.6605
9334,16.7300
9335,16.5436
9336,16.7511
9337,16.6884
9338,16.5836
9339,16.6803
9340,16.7305
9341,16.5892
9342,16.6580
9343,17.3294
9344,17.5389
9345,17.2916
9346,16.8704
9347,15.0275
9348,16.9452
9349,16.1944
9350,16.1298
9351,16.8408
9352,16.5969
9353,16.5882
9354,16.6686
9355,16.6458
9356,16.8927
9357,16.8626
9358,16.3152
9359,16.6267
9360,16.7345
9361,16.5761
9362,16.6595
9363,16.5852
9364,16.7689
9365,16.5687
9366,16.7231
9367,17.0600
9368,16.3135
9369,18.6054
9370,15.4767
9371,15.8832
9372,16.7813
9373,17.3635
9374,15.9003
9375,16.6924
9376,16.5826
9377,16.6187
9378,16.7364
9379,16.7017
9380,16.7330
9381,16.5559
9382,16.6663
9383,16.6091
9384,16.8490
9385,18.4852
9386,14.7428
9387,17.1164
9388,16.2130
9389,16.7356
9390,16.5458
9391,16.6469
9392,16.7093
9393,16.8805
9394,16.5680
9395,16.4771
9396,16.9188
9397,16.5018
9398,16.6757
9399,16.6689
9400,16.9858
9401,16.3489
9402,16.5953
9403,16.8224
9404,16.5525
9405,16.6668
9406,16.6859
9407,16.6589
9408,16.6648
9409,16.6080
9410,16.6830
9411,16.8123
9412,16.5931
9413,17.1084
9414,16.1690
9415,16.6778
9416,16.6535
9417,16.6123
9418,16.7641
9419,16.5929
9420,16.6403
9421,16.6886
9422,16.6731
9423,16.7170
9424,16.6257
9425,16.6467
9426,16.7725
9427,17.4144
9428,16.6341
9429,16.3193
9430,16.4904
9431,16.4498
9432,16.6419
9433,16.8887
9434,16.4000
9435,16.6480
9436,16.6978
9437,16.6066
9438,16.7718
9439,16.6325
9440,18.4979
9441,14.8365
9442,16.9497
9443,16.6547
9444,16.3699
9445,16.6146
9446,16.6597
9447,16.6804
9448,16.7043
9449,16.7630
9450,17.2532
9451,16.0366
9452,16.7780
9453,16.7010
9454,16.5726
9455,16.5286
9456,16.6522
9457,17.0640
9458,16.4035
9459,16.5500
9460,16.7533
9461,16.6065
9462,16.7480
9463,16.5626
9464,16.8969
9465,17.4396
9466,17.1492
9467,15.6179
9468,16.2575
9469,16.6958
9470,16.6707
9471,16.7181
9472,16.5494
9473,17.7760
9474,16.3116
9475,16.5519
9476,16.2749
9477,16.4185
9478,16.7223
9479,16.6903
9480,17.2776
9481,16.2955
9482,16.3991
9483,16.6682
9484,16.5617
9485,16.7336
9486,16.6904
9487,16.6568
9488,16.6944
9489,16.7146
9490,16.5722
9491,17.1504
9492,16.5392
9493,16.3231
9494,16.7022
9495,16.6362
9496,16.6364
9497,16.7297
9498,16.6381
9499,17.2835
9500,17.0006
9501,16.2986
9502,16.0306
9503,16.6875
9504,17.7249
9505,16.6728
9506,16.0554
9507,18.1150
9508,15.3513
9509,16.4255
9510,16.4241
9511,17.1858
9512,16.0431
9513,19.3901
9514,14.2969
9515,16.3500
9516,16.7305
9517,18.0526
9518,16.6166
9519,15.7991
9520,16.1063
9521,16.6158
9522,16.6745
9523,16.6655
9524,16.6912
9525,16.6666
9526,16.6245
9527,16.6765
9528,16.7998
9529,17.4873
9530,15.7908
9531,16.6251
9532,16.6839
9533,16.6756
9534,16.6261
9535,16.8075
9536,17.2722
9537,15.9289
9538,18.8784
9539,15.0617
9540,16.4489
9541,16.3801
9542,16.5413
9543,16.8544
9544,16.6561
9545,16.5119
9546,16.6468
9547,16.5670
9548,16.8043
9549,16.6942
9550,16.6413
9551,16.6367
9552,16.9799
9553,16.4070
9554,16.6797
9555,16.6361
9556,16.6771
9557,16.6387
9558,16.5572
9559,16.8053
9560,16.6099
9561,16.6765
9562,16.8345
9563,16.4329
9564,17.1867
9565,16.4930
9566,16.4488
9567,16.7864
9568,17.0006
9569,16.7939
9570,16.0933
9571,16.7826
9572,16.4874
9573,16.5486
9574,16.6903
9575,16.7578
9576,16.6275
9577,16.5719
9578,16.6785
9579,16.7980
9580,16.6628
9581,17.3334
9582,17.1131
9583,15.5455
9584,16.6399
9585,16.6063
9586,16.7680
9587,16.5984
9588,16.6963
9589,16.6322
9590,16.6430
9591,16.7353
9592,16.8721
9593,16.3627
9594,16.7892
9595,16.6214
9596,16.8156
9597,18.4460
9598,15.2868
9599,16.1652
9600,16.5825
9601,16.8282
9602,16.5382
9603,16.8233
9604,16.4596
9605,16.8586
9606,17.0590
9607,16.2658
9608,16.4475
9609,17.6579
9610,17.2223
9611,16.0901
9612,15.7619
9613,16.8728
9614,16.4599
9615,16.7578
9616,16.4930
9617,16.6819
9618,16.6770
9619,16.7561
9620,16.7078
9621,16.5810
9622,16.7491
9623,16.9068
9624,16.4001
9625,16.7040
9626,16.5485
9627,16.6039
9628,16.7318
9629,16.6926
9630,16.6153
9631,16.7629
9632,16.6717
9633,16.6501
9634,16.5597
9635,17.7460
9636,15.6365
9637,17.3207
9638,16.5174
9639,16.3334
9640,16.4319
9641,16.7692
9642,16.5820
9643,16.6907
9644,16.7304
9645,16.5628
9646,16.7789
9647,16.6110
9648,16.6546
9649,16.8486
9650,16.5531
9651,16.6781
9652,16.7578
9653,16.9997
9654,16.1601
9655,17.1499
9656,16.2456
9657,16.7054
9658,17.1392
9659,16.5102
9660,16.3047
9661,16.6023
9662,16.8406
9663,16.5107
9664,16.6641
9665,16.9660
9666,16.3303
9667,16.7213
9668,16.7108
9669,16.5816
9670,16.6840
9671,16.6909
9672,16.6088
9673,16.6747
9674,16.9453
9675,19.2083
9676,13.7848
9677,16.7304
9678,16.6330
9679,16.6769
9680,16.7253
9681,16.6268
9682,16.6364
9683,16.6863
9684,16.6997
9685,16.5878
9686,16.6990
9687,17.0381
9688,16.2520
9689,16.7318
9690,16.6536
9691,16.6890
9692,16.6004
9693,16.6998
9694,16.8031
9695,16.6581
9696,16.5156
9697,16.6400
9698,17.5089
9699,16.4839
9700,15.9784
9701,16.7452
9702,16.6058
9703,16.7426
9704,16.9523
9705,16.5519
9706,17.5540
9707,15.8770
9708,16.6058
9709,16.7827
9710,16.4114
9711,17.1661
9712,16.0399
9713,17.0467
9714,16.3804
9715,16.5998
9716,16.7059
9717,16.6386
9718,16.6276
9719,16.6451
9720,16.6759
9721,16.9152
9722,16.5706
9723,16.5603
9724,17.2651
9725,16.2593
9726,16.5031
9727,16.6857
9728,16.6155
9729,16.6981
9730,17.3384
9731,15.9599
9732,16.6819
9733,16.6724
9734,16.6566
9735,16.8058
9736,16.5666
9737,16.7350
9738,16.6500
9739,16.5581
9740,16.8403
9741,16.4789
9742,17.0790
9743,16.3297
9744,16.6623
9745,16.6184
9746,16.6766
9747,16.7594
9748,16.5256
9749,16.6741
9750,16.6804
9751,18.0590
9752,15.3366
9753,17.7117
9754,16.3464
9755,15.8458
9756,16.6876
9757,17.1898
9758,16.1332
9759,16.6310
9760,16.6318
9761,16.8309
9762,16.5414
9763,17.2813
9764,16.1083
9765,16.6289
9766,16.7722
9767,16.6527
9768,16.6026
9769,16.6901
9770,16.6035
9771,16.7353
9772,16.6218
9773,17.9664
9774,15.4404
9775,16.5987
9776,16.6629
9777,16.6369
9778,17.2679
9779,16.5081
9780,17.5847
9781,16.3947
9782,15.7228
9783,16.6270
9784,18.9113
9785,14.3482
9786,16.6512
9787,16.6645
9788,16.7536
9789,16.5925
9790,17.1873
9791,16.1633
9792,16.6483
9793,16.6983
9794,18.7510
9795,15.2556
9796,15.9497
9797,16.6779
9798,16.6443
9799,16.6769
9800,16.7042
9801,16.7980
9802,17.5781
9803,16.2606
9804,15.9411
9805,17.6475
9806,16.4939
9807,16.2314
9808,16.2665
9809,16.7296
9810,16.6702
9811,16.7702
9812,16.5964
9813,16.6828
9814,17.5857
9815,15.8148
9816,16.5729
9817,16.6394
9818,16.7140
9819,16.6654
9820,16.8955
9821,17.4939
9822,15.5817
9823,16.9847
9824,16.3853
9825,16.5829
9826,16.7726
9827,16.6418
9828,16.5877
9829,16.7371
9830,16.6021
9831,16.7110
9832,16.7568
9833,16.4459
9834,16.8920
9835,17.4298
9836,16.3955
9837,16.0573
9838,16.6499
9839,16.6464
9840,16.7147
9841,16.6320
9842,16.6734
9843,16.6571
9844,16.6464
9845,16.6693
9846,16.6290
9847,16.9566
9848,16.4882
9849,16.8442
9850,17.3957
9851,16.5985
9852,15.7543
9853,16.7048
9854,16.7331
9855,16.5798
9856,16.8489
9857,16.6824
9858,16.3779
9859,16.7750
9860,16.6508
9861,16.6071
9862,16.8527
9863,16.9530
9864,17.0418
9865,16.7332
9866,16.4057
9867,16.0527
9868,16.6893
9869,16.6677
9870,16.6915
9871,17.2178
9872,16.0729
9873,16.6996
9874,16.6469
9875,16.7968
9876,16.8464
9877,16.3372
9878,17.1670
9879,16.1384
9880,16.7080
9881,16.6326
9882,16.6198
9883,16.7438
9884,16.7898
9885,16.5444
9886,16.6442
9887,16.7124
9888,16.7117
9889,17.3599
9890,15.8815
9891,16.6861
9892,16.5760
9893,17.7279
9894,15.6976
9895,16.6600
9896,16.6578
9897,16.6476
9898,16.6477
9899,16.6978
9900,17.2606
9901,16.3695
9902,16.4642
9903,16.6492
9904,16.7223
9905,16.5401
9906,16.6883
9907,19.1136
9908,14.6240
9909,18.2160
9910,17.5163
9911,14.5630
9912,17.2025
9913,17.4269
9914,15.9991
9915,16.0396
9916,17.5335
9917,15.1399
9918,16.5950
9919,16.6118
9920,17.5370
9921,16.1223
9922,17.3785
9923,20.0165
9924,13.1109
9925,18.0583
9926,14.5741
9927,16.5851
9928,16.6614
9929,16.6510
9930,16.7031
9931,16.7562
9932,17.5455
9933,15.7283
9934,16.5855
9935,17.3841
9936,16.3612
9937,16.9878
9938,16.3294
9939,16.4002
9940,16.5951
9941,16.5500
9942,17.2512
9943,16.0980
9944,16.7421
9945,17.4241
9946,15.8161
9947,16.7669
9948,17.2957
9949,17.1751
9950,15.8475
9951,17.3392
9952,15.6407
9953,17.0886
9954,16.9818
9955,15.9063
9956,16.7815
9957,16.6657
9958,16.6593
9959,16.5782
9960,16.7299
9961,16.6732
9962,16.6433
9963,18.3732
9964,14.8900
9965,17.4500
9966,15.9470
9967,16.5490
9968,16.8094
9969,16.5848
9970,16.6337
9971,18.4115
9972,14.9442
9973,16.8147
9974,16.5182
9975,16.7406
9976,16.8160
9977,16.7090
9978,16.3286
9979,16.7773
9980,16.6022
9981,17.0745
9982,16.2723
9983,16.7829
9984,17.6645
9985,16.7275
9986,16.0010
9987,16.1323
9988,16.8982
9989,16.4833
9990,16.6378
9991,16.8196
9992,16.5385
9993,16.6803
9994,16.7030
9995,17.0548
9996,16.2678
9997,16.6979
9998,16.5648
9999,18.4593
10000,16.4030
10001,17.7541
10002,17.3898
10003,16.6037
10004,17.7341
10005,12.4112
10006,16.7221
10007,16.5809
10008,17.0363
10009,16.2476
10010,18.1248
10011,16.5712
10012,15.2788
10013,17.4900
10014,16.6655
10015,15.9451
10016,16.7290
10017,18.5262
10018,14.8351
10019,16.5390
10020,17.2664
10021,16.5961
10022,16.1159
10023,16.6441
10024,16.6095
10025,16.7127
10026,16.6655
10027,16.6943
10028,16.7929
10029,18.3039
10030,15.4778
10031,16.3631
10032,16.7943
10033,17.1768
10034,15.7495
10035,16.6534
10036,16.6942
10037,16.6940
10038,16.7735
10039,16.5802
10040,16.5705
10041,16.7624
10042,16.7001
10043,16.5338
10044,17.1265
10045,16.4799
10046,16.4700
10047,17.1517
10048,16.0950
10049,16.7271
10050,16.6157
10051,16.7824
10052,16.5281
10053,16.7823
10054,16.6202
10055,16.6302
10056,18.5693
10057,14.7967
10058,16.6923
10059,16.7578
10060,17.7175
10061,15.4317
10062,16.7004
10063,16.5612
10064,16.8204
10065,16.6003
10066,16.5859
10067,18.0273
10068,15.8184
10069,16.2687
10070,16.5641
10071,16.7368
10072,16.6877
10073,17.0817
10074,16.2257
10075,18.9493
10076,14.4542
10077,16.6663
10078,16.6701
10079,19.6410
10080,14.0647
10081,16.4603
10082,19.3252
10083,13.9502
10084,16.5561
10085,16.7205
10086,16.6385
10087,16.5661
10088,16.6547
10089,16.6550
10090,16.6920
10091,17.3850
10092,16.5109
10093,17.4591
10094,15.3355
10095,16.6464
10096,16.5324
10097,17.5435
10098,15.9571
10099,16.6952
10100,16.5964
10101,16.6867
10102,16.5597
10103,16.6957
10104,16.7410
10105,16.6482
10106,16.6970
10107,16.6629
10108,16.7682
10109,16.6063
10110,16.6902
10111,16.6010
10112,16.6373
10113,16.9854
10114,16.3006
10115,16.9842
10116,16.3892
10117,16.7024
10118,16.6216
10119,16.6158
10120,16.7825
10121,16.6416
10122,16.6413
10123,17.5240
10124,15.7232
10125,16.7468
10126,16.7935
10127,16.6546
10128,16.6491
10129,16.6214
10130,16.5250
10131,16.7357
10132,16.7131
10133,16.5809
10134,17.2938
10135,16.1214
10136,17.0575
10137,16.6687
10138,17.2871
10139,15.6205
10140,16.6490
10141,16.7218
10142,16.5941
10143,16.8156
10144,16.5947
10145,16.7251
10146,16.5678
10147,16.8035
10148,16.5541
10149,17.2428
10150,16.6715
10151,16.0114
10152,16.6861
10153,16.7183
10154,16.6457
10155,16.5970
10156,16.6720
10157,16.6180
10158,16.8064
10159,16.7566
10160,17.5976
10161,15.5663
10162,18.1062
10163,15.8757
10164,16.0814
10165,16.5787
10166,16.7175
10167,16.5521
10168,16.7338
10169,16.6558
10170,16.7695
10171,16.6023
10172,16.7359
10173,16.6060
10174,16.5733
10175,16.7352
10176,16.6756
10177,16.7218
10178,16.5944
10179,16.7377
10180,16.6453
10181,16.6806
10182,16.6332
10183,16.7156
10184,16.5500
10185,16.8073
10186,17.6854
10187,16.1381
10188,16.8461
10189,16.0769
10190,16.3641
10191,16.7438
10192,16.6897
10193,16.6056
10194,16.7022
10195,16.6530
10196,16.7833
10197,16.6231
10198,16.6253
10199,16.7987
10200,16.6465
10201,17.2809
10202,15.9739
10203,16.7681
10204,16.5050
10205,16.6852
10206,16.6461
10207,16.7146
10208,16.6886
10209,16.7954
10210,17.3384
10211,15.8443
10212,16.6582
10213,17.6796
10214,16.1772
10215,16.2328
10216,16.5500
10217,16.6995
10218,16.6708
10219,16.6338
10220,16.9050
10221,16.4773
10222,16.6600
10223,16.7616
10224,16.6112
10225,16.7760
10226,16.4637
10227,17.9781
10228,15.9812
10229,16.1200
10230,16.6114
10231,16.6925
10232,16.6493
10233,16.7156
10234,16.6671
10235,16.7690
10236,16.6246
10237,16.7503
10238,16.8209
10239,16.4182
10240,16.6392
10241,16.7215
10242,16.5661
10243,16.6605
10244,16.6241
10245,16.6937
10246,16.6343
10247,16.7461
10248,16.6087
10249,16.5889
10250,16.8607
10251,16.6628
10252,16.6927
10253,17.3061
10254,16.1537
10255,16.4300
10256,16.7874
10257,16.5656
10258,16.9196
10259,16.6263
10260,16.3655
10261,16.7369
10262,16.7236
10263,16.5469
10264,16.8385
10265,16.5231
10266,16.7657
10267,16.7111
10268,17.0874
10269,16.5179
10270,16.2777
10271,16.8608
10272,16.4215
10273,16.7650
10274,16.9187
10275,16.4053
10276,16.6110
10277,16.7864
10278,16.5240
10279,16.8183
10280,16.8081
10281,16.5713
10282,17.2483
10283,15.9650
10284,16.6726
10285,17.1021
10286,16.1239
10287,16.6974
10288,16.5854
10289,16.7565
10290,16.6837
10291,16.7842
10292,16.5158
10293,16.5998
10294,16.6891
10295,16.7969
10296,16.6316
10297,16.6343
10298,16.6637
10299,16.6015
10300,16.7284
10301,16.6393
10302,16.5856
10303,16.8820
10304,16.6234
10305,16.5739
10306,17.6505
10307,17.4743
10308,14.9005
10309,17.5072
10310,15.7578
10311,16.6724
10312,16.5872
10313,17.6294
10314,15.6899
10315,16.8169
10316,16.6629
10317,16.6532
10318,16.7064
10319,16.6791
10320,16.7592
10321,16.6266
10322,16.8108
10323,16.5042
10324,16.5944
10325,16.7008
10326,16.5557
10327,16.6465
10328,16.7934
10329,16.6184
10330,16.7725
10331,17.6723
10332,16.2655
10333,15.9299
10334,16.6009
10335,16.9649
10336,16.4451
10337,16.6502
10338,16.6612
10339,16.6150
10340,16.7748
10341,16.7322
10342,16.4935
10343,16.7308
10344,16.7886
10345,16.4931
10346,16.6813
10347,16.6671
10348,16.7980
10349,17.4450
10350,16.3064
10351,16.2020
10352,16.5488
10353,16.8626
10354,16.4274
10355,16.8223
10356,16.5498
10357,16.7097
10358,16.6626
10359,16.7531
10360,16.6090
10361,16.6901
10362,16.6847
10363,16.7305
10364,16.5683
10365,16.6414
10366,16.6322
10367,16.7590
10368,16.6536
10369,16.6096
10370,16.7299
10371,16.5680
10372,16.7728
10373,16.6021
10374,16.9049
10375,16.4210
10376,16.6523
10377,16.8772
10378,17.4875
10379,15.7334
10380,16.6934
10381,16.5732
10382,16.7554
10383,16.6166
10384,16.6843
10385,16.7548
10386,16.4185
10387,16.8009
10388,16.9041
10389,16.4181
10390,16.6947
10391,17.2165
10392,16.0970
10393,16.7473
10394,16.4760
10395,16.7910
10396,16.6203
10397,16.6867
10398,16.7309
10399,16.6340
10400,16.7175
10401,16.6670
10402,16.6579
10403,17.0956
10404,16.9870
10405,16.5278
10406,16.4666
10407,16.3506
10408,16.5212
10409,16.5951
10410,16.7494
10411,16.6425
10412,16.7162
10413,16.6377
10414,16.7246
10415,16.6838
10416,16.5304
10417,16.6661
10418,17.6573
10419,16.1997
10420,16.0677
10421,16.7348
10422,16.6355
10423,16.7244
10424,16.6688
10425,16.6573
10426,16.7049
10427,16.6049
10428,16.9988
10429,17.2642
10430,15.7138
10431,16.6934
10432,17.7013
10433,16.1639
10434,16.1738
10435,16.5842
10436,16.8613
10437,16.4817
10438,16.6011
10439,16.7025
10440,16.7075
10441,16.6145
10442,16.6986
10443,16.8043
10444,16.4762
10445,16.8350
10446,16.7279
10447,16.6329
10448,17.4760
10449,16.6983
10450,15.6695
10451,16.6632
10452,16.6438
10453,16.8515
10454,17.3581
10455,15.7925
10456,16.7505
10457,16.6840
10458,16.5971
10459,16.7117
10460,16.7675
10461,16.5066
10462,16.9507
10463,16.3084
10464,16.6934
10465,16.7312
10466,16.6222
10467,16.6289
10468,16.7755
10469,16.6032
10470,16.8844
10471,16.6045
10472,16.6852
10473,16.5570
10474,17.6356
10475,15.6077
10476,17.1444
10477,16.1849
10478,16.6397
10479,16.7488
10480,16.5958
10481,16.7437
10482,16.6012
10483,16.6582
10484,16.7888
10485,16.6471
10486,16.6260
10487,16.6460
10488,16.6830
10489,16.6357
10490,16.8271
10491,16.5711
10492,18.0928
10493,16.7337
10494,15.9475
10495,15.9961
10496,16.6750
10497,16.6092
10498,16.6426
10499,16.9045
10500,16.7850
10501,16.5952
10502,16.2992
10503,16.6830
10504,16.6562
10505,16.6025
10506,16.6794
10507,16.9517
10508,16.4810
10509,16.4966
10510,16.9629
10511,16.5975
10512,16.7377
10513,16.6205
10514,16.9622
10515,16.1070
10516,16.9275
10517,16.5266
10518,16.6830
10519,16.6507
10520,16.7294
10521,16.5466
10522,16.7548
10523,18.2367
10524,15.3778
10525,16.6156
10526,16.7975
10527,16.4800
10528,16.4240
10529,16.7244
10530,16.5338
10531,16.7426
10532,16.7258
10533,16.5467
10534,16.7474
10535,16.6393
10536,16.7011
10537,16.6718
10538,16.7778
10539,16.6462
10540,16.7249
10541,16.4835
10542,17.2126
10543,17.0023
10544,15.8723
10545,16.5915
10546,16.7081
10547,16.8640
10548,16.6459
10549,16.4742
10550,16.6528
10551,16.6881
10552,16.6391
10553,16.7023
10554,16.6105
10555,16.6667
10556,17.4583
10557,15.8464
10558,16.7737
10559,16.5957
10560,16.7230
10561,16.9627
10562,16.6587
10563,16.2830
10564,16.6834
10565,16.7092
10566,16.6188
10567,16.7114
10568,16.5591
10569,17.2570
10570,16.1649
10571,16.6580
10572,16.6705
10573,17.0066
10574,16.3229
10575,16.6740
10576,16.5950
10577,16.6512
10578,16.7724
10579,16.6256
10580,16.6280
10581,16.6970
10582,16.7911
10583,16.4931
10584,17.0119
10585,17.0354
10586,15.9729
10587,16.7972
10588,16.5338
10589,17.0137
10590,16.4935
10591,16.4994
10592,22.8382
10593,10.9407
10594,16.8754
10595,16.0680
10596,17.3359
10597,16.2590
10598,16.9958
10599,16.0389
10600,16.9438
10601,18.1008
10602,15.5095
10603,16.6897
10604,16.1355
10605,16.5958
10606,16.7738
10607,16.6375
10608,16.5734
10609,17.1179
10610,16.5003
10611,16.3513
10612,17.4331
10613,16.0561
10614,17.2151
10615,16.1071
10616,16.8954
10617,16.4329
10618,16.6472
10619,17.7694
10620,16.2128
10621,16.3148
10622,17.2038
10623,16.0267
10624,16.4922
10625,18.7771
10626,14.6597
10627,16.5436
10628,16.6192
10629,16.6267
10630,16.7030
10631,16.8369
10632,16.4483
10633,16.9277
10634,16.7545
10635,16.8175
10636,16.1550
10637,16.9380
10638,16.4543
10639,18.0626
10640,15.1740
10641,16.7416
10642,17.9070
10643,15.7998
10644,16.2949
10645,17.2362
10646,16.7036
10647,16.1828
10648,16.6253
10649,16.6694
10650,16.4897
10651,16.7574
10652,17.0201
10653,16.4053
10654,18.2849
10655,14.9793
10656,16.5100
10657,19.5047
10658,13.9444
10659,16.6908
10660,16.7369
10661,16.5910
10662,16.7018
10663,16.6175
10664,16.9003
10665,16.5502
10666,16.6142
10667,16.9794
10668,16.8259
10669,16.7935
10670,15.9551
10671,16.6849
10672,16.7792
10673,16.5447
10674,16.6553
10675,16.6619
10676,16.6611
10677,16.8378
10678,16.5598
10679,16.6508
10680,17.4905
10681,15.8742
10682,16.7363
10683,16.5389
10684,16.6315
10685,16.6774
10686,16.6924
10687,16.8067
10688,16.5942
10689,16.5925
10690,16.9446
10691,17.1725
10692,16.2985
10693,17.0548
10694,15.8232
10695,16.7318
10696,16.7825
10697,16.5132
10698,16.8312
10699,16.5597
10700,16.6127
10701,16.7094
10702,16.6265
10703,16.6759
10704,16.7705
10705,16.6750
10706,16.8299
10707,16.8500
10708,16.2682
10709,16.6164
10710,16.7905
10711,17.1756
10712,15.9922
10713,16.6468
10714,16.6495
10715,16.6731
10716,16.7261
10717,16.6392
10718,16.7028
10719,16.9266
10720,16.3625
10721,16.7032
10722,16.6510
10723,16.6622
10724,16.6088
10725,16.7297
10726,16.7018
10727,16.7322
10728,16.5823
10729,17.7392
10730,18.5085
10731,14.2370
10732,16.2056
10733,16.6914
10734,16.6350
10735,16.9636
10736,16.4004
10737,16.6996
10738,16.6026
10739,16.7361
10740,16.5388
10741,17.1650
10742,16.9132
10743,15.9289
10744,16.6532
10745,16.7175
10746,16.6321
10747,16.6540
10748,16.9027
10749,16.8781
10750,16.2524
10751,16.6121
10752,16.7131
10753,16.7400
10754,17.3037
10755,16.3306
10756,16.2381
10757,16.7152
10758,16.6945
10759,16.6235
10760,16.6127
10761,16.8135
10762,16.5765
10763,16.6777
10764,16.6484
10765,16.8224
10766,17.2770
10767,15.9013
10768,16.6861
10769,16.6567
10770,16.6173
10771,16.7028
10772,16.6721
10773,16.7061
10774,16.6968
10775,16.7431
10776,16.7244
10777,16.4406
10778,16.6764
10779,16.7513
10780,16.5438
10781,16.7396
10782,16.5857
10783,16.6581
10784,16.7067
10785,16.6267
10786,16.7179
10787,16.7175
10788,17.0359
10789,16.2772
10790,16.7042
10791,16.9385
10792,16.2695
10793,16.7110
10794,16.7689
10795,16.5204
10796,16.6446
10797,16.7870
10798,16.6044
10799,16.7160
10800,16.5674
10801,17.1201
10802,16.8316
10803,16.4026
10804,16.3490
10805,16.7160
10806,16.9547
10807,16.3732
10808,16.7008
10809,16.5650
10810,16.7127
10811,17.1762
10812,16.2398
10813,16.9880
10814,16.6075
10815,16.3106
10816,16.6468
10817,16.6917
10818,17.0657
10819,16.2416
10820,16.6770
10821,16.6341
10822,16.7186
10823,16.6909
10824,16.6521
10825,17.0643
10826,16.5986
10827,17.0965
10828,15.9017
10829,16.6325
10830,16.7471
10831,16.5471
10832,16.7407
10833,16.5665
10834,16.7439
10835,16.6334
10836,16.6530
10837,17.2667
10838,17.6492
10839,15.1326
10840,16.7530
10841,16.7118
10842,16.5351
10843,16.6355
10844,16.7834
10845,16.5967
10846,16.7035
10847,16.5569
10848,16.7155
10849,16.6212
10850,16.7017
10851,16.6538
10852,16.6912
10853,16.6590
10854,16.7447
10855,16.5774
10856,16.6682
10857,16.7197
10858,16.7186
10859,16.6004
10860,16.7054
10861,16.7328
10862,16.7266
10863,16.3375
10864,16.7306
10865,16.6445
10866,16.7360
10867,16.5805
10868,16.7647
10869,16.6616
10870,16.7198
10871,16.5309
10872,16.8475
10873,16.6511
10874,17.5533
10875,16.3084
10876,15.9383
10877,16.8317
10878,16.7938
10879,16.3620
10880,16.7731
10881,16.6313
10882,16.6586
10883,16.6893
10884,17.1542
10885,16.5389
10886,16.8390
10887,17.2995
10888,16.7092
10889,15.4953
10890,16.7174
10891,16.5456
10892,16.6941
10893,16.6858
10894,16.7421
10895,16.6396
10896,16.6559
10897,17.0121
10898,17.0647
10899,16.2173
10900,16.3223
10901,17.0617
10902,16.2816
10903,16.6886
10904,16.6989
10905,16.5565
10906,16.7816
10907,16.6711
10908,16.5720
10909,17.0118
10910,16.8067
10911,16.1679
10912,16.7982
10913,16.6074
10914,17.0524
10915,16.6448
10916,16.2743
10917,16.6211
10918,16.6989
10919,16.7732
10920,16.5261
10921,16.6379
10922,16.7048
10923,16.7561
10924,16.6042
10925,16.6723
10926,16.6234
10927,16.7158
10928,16.6490
10929,16.6091
10930,17.3723
10931,20.8240
10932,12.7214
10933,19.6134
10934,13.2413
10935,17.5651
10936,15.7856
10937,17.4068
10938,15.8792
10939,17.5118
10940,16.3826
10941,16.8617
10942,16.8984
10943,15.2736
10944,16.7544
10945,17.6529
10946,15.9296
10947,16.5259
10948,16.6546
10949,16.5630
10950,16.5437
10951,16.8415
10952,16.6070
10953,16.6392
10954,16.8147
10955,16.5385
10956,16.7200
10957,17.3832
10958,15.8216
10959,16.6269
10960,16.7640
10961,17.1913
10962,16.0729
10963,16.6354
10964,16.7698
10965,16.6087
10966,16.8583
10967,16.5421
10968,16.5754
10969,17.1842
10970,16.2518
10971,16.6967
10972,16.5419
10973,16.8036
10974,16.8780
10975,16.4173
10976,16.7220
10977,16.7378
10978,16.7506
10979,16.4658
10980,17.1206
10981,17.0670
10982,15.7656
10983,16.6468
10984,17.1884
10985,16.0842
10986,16.7475
10987,16.6991
10988,16.7026
10989,16.5648
10990,16.5941
10991,16.7138
10992,16.7160
10993,16.6977
10994,17.3775
10995,16.6902
10996,16.8769
10997,15.7112
10998,16.5826
10999,16.6322
11000,16.7659
11001,16.5652
11002,16.9399
11003,16.9072
11004,16.4082
11005,16.6754
11006,16.5730
11007,16.9925
11008,16.1821
11009,16.8711
11010,16.5012
11011,16.6357
11012,16.7142
11013,16.5794
11014,16.7487
11015,16.6659
11016,16.6337
11017,17.1078
11018,16.6190
11019,16.2620
11020,16.7210
11021,16.6100
11022,16.7387
11023,16.5803
11024,16.6875
11025,16.6140
11026,16.6489
11027,17.0619
11028,16.3199
11029,16.9801
11030,16.8153
11031,16.7129
11032,16.2375
11033,16.9032
11034,16.3605
11035,16.6466
11036,16.7856
11037,16.5354
11038,16.7228
11039,16.7688
11040,16.6645
11041,17.0345
11042,16.5098
11043,16.2906
11044,16.6493
11045,16.7465
11046,16.7409
11047,16.5245
11048,16.6422
11049,17.3176
11050,15.9886
11051,16.7092
11052,17.5322
11053,17.1083
11054,15.3802
11055,17.7770
11056,15.5852
11057,16.6652
11058,16.6503
11059,17.2282
11060,16.1135
11061,17.1224
11062,16.2100
11063,16.6532
11064,16.6169
11065,17.1381
11066,16.7217
11067,16.4477
11068,16.3612
11069,16.6563
11070,16.8386
11071,16.4875
11072,16.6453
11073,16.7896
11074,16.5796
11075,16.7377
11076,17.0350
11077,16.5601
11078,16.6838
11079,16.9510
11080,16.4139
11081,16.2759
11082,17.1809
11083,16.6918
11084,16.2284
11085,16.6204
11086,16.7383
11087,17.2316
11088,16.4170
11089,16.2668
11090,18.7259
11091,14.6066
11092,16.7696
11093,16.5380
11094,16.8197
11095,16.6612
11096,16.6174
11097,17.1678
11098,16.0618
11099,16.7388
11100,16.9319
11101,16.3924
11102,17.9760
11103,15.3197
11104,16.6068
11105,16.7017
11106,17.8628
11107,15.6416
11108,16.6546
11109,17.2788
11110,18.1749
11111,14.6083
11112,16.6021
11113,17.0353
11114,17.0883
11115,16.2837
11116,16.9182
11117,16.2411
11118,16.3967
11119,17.2613
11120,15.9934
11121,16.5828
11122,16.7230
11123,16.6202
11124,17.6439
11125,15.8826
11126,17.4392
11127,15.9913
11128,16.3759
11129,16.7003
11130,16.6627
11131,16.9223
11132,16.4586
11133,16.6611
11134,16.7335
11135,16.4667
11136,16.7955
11137,16.6323
11138,16.7434
11139,16.6801
11140,16.5384
11141,16.7866
11142,16.5042
11143,17.1693
11144,16.3329
11145,16.6129
11146,16.5841
11147,16.7299
11148,16.6988
11149,16.6271
11150,16.5735
11151,16.7634
11152,16.6282
11153,16.6667
11154,16.6867
11155,16.6071
11156,17.7215
11157,16.0746
11158,16.8733
11159,16.0978
11160,16.6367
11161,16.6452
11162,16.7265
11163,16.6192
11164,16.6553
11165,16.5708
11166,16.7726
11167,16.6764
11168,16.8108
11169,17.0544
11170,16.1986
11171,16.5574
11172,17.3349
11173,16.0236
11174,16.5613
11175,16.8122
11176,16.6164
11177,16.7181
11178,16.7481
11179,16.5462
11180,16.6075
11181,16.6389
11182,18.1067
11183,15.2568
11184,16.6632
11185,16.7664
11186,16.5876
11187,17.1152
11188,17.1765
11189,15.6497
11190,16.6748
11191,16.7858
11192,16.7613
11193,16.4948
11194,16.6195
11195,16.7211
11196,16.7793
11197,16.7760
11198,17.3356
11199,16.2894
11200,16.0649
11201,16.7303
11202,16.7482
11203,17.0574
11204,16.1991
11205,16.6228
11206,16.6773
11207,16.6771
11208,16.7061
11209,16.7396
11210,17.0783
11211,16.1818
11212,16.6300
11213,16.6725
11214,16.7299
11215,16.6391
11216,17.0415
11217,16.2765
11218,16.6944
11219,16.6272
11220,16.6046
11221,17.1705
11222,16.2066
11223,16.7504
11224,16.6350
11225,16.7622
11226,16.5725
11227,16.6725
11228,16.8853
11229,16.3457
11230,16.7630
11231,16.5767
11232,16.7761
11233,16.6499
11234,17.6737
11235,16.4245
11236,16.8657
11237,15.5777
11238,16.6873
11239,16.7694
11240,16.6200
11241,16.6945
11242,16.6222
11243,16.7214
11244,16.6313
11245,17.1240
11246,16.7739
11247,16.9114
11248,15.7813
11249,16.7421
11250,17.0323
11251,16.2945
11252,16.6833
11253,16.7877
11254,16.6031
11255,16.5833
11256,16.7300
11257,16.6309
11258,17.6548
11259,16.6973
11260,16.1251
11261,16.1385
11262,16.6806
11263,16.9069
11264,16.5026
11265,16.6062
11266,16.6198
11267,16.7165
11268,16.5758
11269,16.9854
11270,17.9978
11271,15.0413
11272,16.5964
11273,16.7782
11274,16.6152
11275,16.8096
11276,16.6531
11277,17.2955
11278,15.9641
11279,16.6576
11280,16.7623
11281,17.2378
11282,16.7202
11283,16.4677
11284,16.1495
11285,16.6701
11286,16.6588
11287,16.7329
11288,16.5631
11289,16.7629
11290,17.2854
11291,16.1839
11292,16.5085
11293,16.6817
11294,16.6623
11295,16.6658
11296,16.6338
11297,16.5553
11298,16.8140
11299,16.6095
11300,16.8068
11301,16.5400
11302,16.5682
11303,16.7875
11304,16.5288
11305,16.6756
11306,17.4307
11307,15.9928
11308,16.6445
11309,16.7099
11310,16.6300
11311,16.6886
11312,16.8097
11313,16.4896
11314,16.8289
11315,16.5818
11316,16.6473
11317,16.6597
11318,17.1703
11319,16.0980
11320,16.8752
11321,16.4520
11322,16.7685
11323,16.5743
11324,16.8159
11325,16.5164
11326,16.7375
11327,16.7215
11328,16.6021
11329,16.6597
11330,16.6973
11331,16.6449
11332,17.7250
11333,15.6099
11334,16.7024
11335,17.1109
11336,16.1882
11337,16.6482
11338,16.6936
11339,16.6483
11340,17.5800
11341,15.7336
11342,16.6693
11343,16.5526
11344,18.0415
11345,15.3781
11346,17.8257
11347,15.4867
11348,16.7674
11349,17.3705
11350,15.8916
11351,16.7175
11352,16.5086
11353,16.7513
11354,16.6967
11355,16.5832
11356,16.6976
11357,16.9167
11358,16.5276
11359,16.5450
11360,16.8752
11361,16.5338
11362,17.9483
11363,15.3433
11364,16.6027
11365,17.2002
11366,16.7865
11367,17.0188
11368,16.1323
11369,16.1489
11370,16.7339
11371,16.7014
11372,16.7002
11373,17.1385
11374,16.2918
11375,16.6296
11376,16.5099
11377,16.7500
11378,17.1781
11379,16.1562
11380,16.7173
11381,16.6726
11382,16.4608
11383,16.7786
11384,16.6463
11385,16.7461
11386,16.6626
11387,16.6339
11388,16.6301
11389,16.7389
11390,17.7538
11391,15.8741
11392,16.3072
11393,16.6690
11394,16.6275
11395,16.7251
11396,16.7603
11397,16.5817
11398,16.7614
11399,17.4864
11400,16.9837
11401,18.7560
11402,13.2885
11403,16.7598
11404,16.5607
11405,16.6678
11406,17.1725
11407,16.9139
11408,16.3485
11409,16.2913
11410,17.0099
11411,16.6417
11412,16.9491
11413,16.2484
11414,20.1485
11415,13.2817
11416,16.3660
11417,16.5898
11418,16.6840
11419,16.7915
11420,16.6343
11421,16.6348
11422,16.6685
11423,16.9762
11424,16.3501
11425,16.7364
11426,17.4159
11427,16.6030
11428,15.7955
11429,16.8073
11430,16.5734
11431,16.7552
11432,16.9088
11433,16.4813
11434,16.5836
11435,16.9266
11436,17.6128
11437,15.9172
11438,16.8976
11439,16.0448
11440,16.5894
11441,16.6862
11442,16.6433
11443,16.6701
11444,16.7125
11445,16.5830
11446,16.7272
11447,16.6730
11448,16.7970
11449,16.5794
11450,16.6892
11451,16.6824
11452,17.0075
11453,16.3060
11454,16.6693
11455,16.6518
11456,16.6859
11457,16.6680
11458,16.5339
11459,16.7757
11460,16.6821
11461,16.7540
11462,16.6506
11463,16.5495
11464,16.6273
11465,16.7769
11466,16.8220
11467,16.4677
11468,16.6417
11469,16.5721
11470,16.7601
11471,16.6098
11472,16.8267
11473,16.5218
11474,16.9078
11475,16.6064
11476,16.6346
11477,16.4183
11478,17.5986
11479,16.6253
11480,15.8580
11481,16.6753
11482,16.7050
11483,16.6977
11484,17.2723
11485,15.9574
11486,17.4633
11487,16.4256
11488,16.2682
11489,16.5894
11490,16.8336
11491,16.4101
11492,17.3303
11493,16.0662
11494,16.6319
11495,16.6241
11496,16.7314
11497,16.7178
11498,16.5690
11499,17.3461
11500,16.0842
11501,16.7497
11502,16.6484
11503,17.9524
11504,15.2710
11505,17.3548
11506,16.0133
11507,16.6089
11508,16.9036
11509,16.6237
11510,16.5181
11511,16.6939
11512,16.7429
11513,16.6431
11514,16.5651
11515,16.7076
11516,16.6853
11517,17.0866
11518,17.2849
11519,15.4480
11520,16.6592
11521,16.7616
11522,16.5806
11523,16.7212
11524,16.6150
11525,16.9542
11526,16.4356
11527,16.7060
11528,16.6942
11529,17.7623
11530,15.5460
11531,16.9876
11532,16.2787
11533,16.7117
11534,16.6389
11535,16.6796
11536,16.6362
11537,16.8133
11538,16.5363
11539,16.6712
11540,16.6666
11541,16.9096
11542,16.3896
11543,16.7170
11544,16.7053
11545,16.6164
11546,16.6102
11547,16.7151
11548,16.6825
11549,16.6630
11550,16.7603
11551,16.4691
11552,16.7090
11553,16.6455
11554,16.6676
11555,16.7925
11556,17.7342
11557,15.5231
11558,16.5900
11559,16.7438
11560,16.6420
11561,16.7174
11562,16.6319
11563,16.6606
11564,16.6793
11565,16.7637
11566,16.6903
11567,16.6283
11568,16.5897
11569,16.7061
11570,16.6684
11571,16.5903
11572,16.7206
11573,16.6352
11574,16.7233
11575,16.6918
11576,16.5778
11577,16.6783
11578,16.8449
11579,16.7190
11580,16.4736
11581,17.8312
11582,15.4296
11583,17.6824
11584,15.6441
11585,16.7132
11586,16.6734
11587,16.5450
11588,16.6651
11589,16.7614
11590,16.7644
11591,16.7508
11592,16.5273
11593,16.7628
11594,16.5609
11595,16.6494
11596,17.6490
11597,16.2816
11598,16.0750
11599,16.6531
11600,16.7272
11601,16.5629
11602,16.6855
11603,16.7153
11604,17.2471
11605,16.6113
11606,17.6892
11607,15.2532
11608,16.6002
11609,16.6356
11610,16.7216
11611,16.5089
11612,16.6412
11613,16.7114
11614,16.6996
11615,16.6517
11616,16.7447
11617,17.4913
11618,15.9392
11619,16.5612
11620,16.5981
11621,17.2759
11622,16.1016
11623,16.7053
11624,17.5588
11625,16.3829
11626,15.9250
11627,16.7651
11628,16.5738
11629,17.0723
11630,16.2878
11631,16.6401
11632,16.7167
11633,16.7045
11634,16.6724
11635,16.7274
11636,16.4138
11637,17.5658
11638,15.9118
11639,16.6978
11640,16.8902
11641,16.4342
11642,16.5701
11643,16.7411
11644,16.7264
11645,16.5687
11646,16.8235
11647,16.6050
11648,16.5586
11649,17.7725
11650,15.5105
11651,16.6567
11652,16.8004
11653,16.6712
11654,16.5244
11655,16.7544
11656,16.6403
11657,16.7591
11658,16.6074
11659,16.7518
11660,16.5874
11661,16.8739
11662,16.6149
11663,17.0650
11664,16.0369
11665,16.7361
11666,16.5781
11667,16.7102
11668,16.7325
11669,16.5587
11670,16.7234
11671,16.6003
11672,16.7454
11673,16.6485
11674,16.5938
11675,16.7988
11676,16.9813
11677,16.6288
11678,17.4301
11679,15.5399
11680,16.6212
11681,16.6682
11682,16.7133
11683,16.7042
11684,16.5097
11685,16.8215
11686,16.6387
11687,16.6852
11688,16.6265
11689,16.8165
11690,16.5398
11691,16.8338
11692,16.4793
11693,16.6878
11694,17.5119
11695,15.8205
11696,16.6301
11697,16.6760
11698,16.6946
11699,16.8659
11700,17.0901
11701,16.2842
11702,16.9061
11703,17.1680
11704,15.6250
11705,17.9265
11706,15.7697
11707,17.8670
11708,19.4573
11709,12.4851
11710,16.4304
11711,16.6645
11712,16.7707
11713,16.7365
11714,16.5864
11715,16.7920
11716,16.4185
11717,16.8182
11718,16.6789
11719,16.6770
11720,16.6000
11721,17.7032
11722,15.5590
11723,16.6937
11724,16.7208
11725,17.2751
11726,17.0319
11727,15.6994
11728,16.6652
11729,16.7535
11730,16.5487
11731,16.6816
11732,16.6239
11733,17.4998
11734,15.7945
11735,16.7480
11736,16.6905
11737,16.7039
11738,17.0607
11739,17.1418
11740,16.2166
11741,16.2949
11742,16.5257
11743,16.6922
11744,16.6940
11745,16.6506
11746,16.6020
11747,16.6899
11748,16.7357
11749,16.6975
11750,17.0247
11751,16.4735
11752,16.4276
11753,16.6485
11754,16.6874
11755,16.6780
11756,16.6304
11757,16.6506
11758,16.7135
11759,17.1135
11760,16.2101
11761,16.6235
11762,17.0717
11763,16.2299
11764,16.6904
11765,16.6533
11766,16.7947
11767,16.6054
11768,16.7747
11769,16.5312
11770,16.7101
11771,16.6531
11772,17.5089
11773,16.7161
11774,15.6881
11775,16.7270
11776,16.6870
11777,16.6450
11778,16.6888
11779,16.8413
11780,16.6378
11781,16.4517
11782,16.7262
11783,16.6429
11784,16.9896
11785,16.3468
11786,17.3859
11787,16.7215
11788,16.4926
11789,16.0303
11790,16.6479
11791,16.6802
11792,16.7390
11793,16.5756
11794,16.6962
11795,16.6968
11796,16.6076
11797,16.7476
11798,16.5285
11799,16.7853
11800,17.1487
11801,17.1540
11802,15.6900
11803,16.6629
11804,16.6420
11805,16.6543
11806,16.6916
11807,16.6536
11808,17.1771
11809,16.2660
11810,16.6294
11811,16.6526
11812,16.7751
11813,16.5574
11814,16.6512
11815,16.6924
11816,16.6433
11817,16.5471
11818,16.6783
11819,16.7782
11820,16.6630
11821,16.7022
11822,17.2166
11823,16.6535
11824,15.9873
11825,16.7513
11826,16.9153
11827,16.4010
11828,16.7313
11829,16.7319
11830,16.5840
11831,16.6083
11832,16.6305
11833,16.7279
11834,16.5574
11835,16.7897
11836,16.6255
11837,16.9021
11838,16.6290
11839,17.8341
11840,15.2531
11841,16.7758
11842,16.4635
11843,16.8409
11844,16.5910
11845,18.3142
11846,15.0170
11847,17.4488
11848,15.8736
11849,16.7189
11850,16.6183
11851,16.7294
11852,16.5721
11853,16.7048
11854,16.6778
11855,16.5714
11856,16.7885
11857,16.7148
11858,16.9800
11859,16.3027
11860,17.4350
11861,16.2249
11862,16.7590
11863,16.1991
11864,16.6664
11865,16.7123
11866,16.5477
11867,16.7477
11868,16.7074
11869,16.8553
11870,16.8217
11871,17.0757
11872,15.8290
11873,16.7228
11874,16.6479
11875,16.6861
11876,16.7014
11877,16.8527
11878,16.4052
11879,16.7725
11880,17.2401
11881,16.1054
11882,16.9867
11883,16.6156
11884,16.3238
11885,16.5875
11886,16.6755
11887,16.7099
11888,16.6894
11889,16.6430
11890,16.6425
11891,16.8154
11892,16.6366
11893,17.4078
11894,16.4004
11895,16.3968
11896,16.4128
11897,16.5718
11898,16.7217
11899,16.9437
11900,16.4189
11901,16.6457
11902,16.6492
11903,16.6908
11904,16.6948
11905,16.6392
11906,17.4226
11907,16.4713
11908,16.3444
11909,16.3428
11910,16.7739
11911,16.6397
11912,16.6764
11913,16.6704
11914,16.6542
11915,16.5746
11916,16.7420
11917,16.6847
11918,16.9120
11919,16.7678
11920,16.3974
11921,17.6099
11922,15.6782
11923,16.6422
11924,16.5914
11925,16.8030
11926,16.5273
11927,16.7293
11928,16.7435
11929,16.6539
11930,16.6113
11931,16.6822
11932,16.6507
11933,16.5505
11934,16.7975
11935,17.8918
11936,15.5068
11937,16.6162
11938,17.1829
11939,16.1002
11940,18.2358
11941,15.1654
11942,17.1407
11943,20.8607
11944,11.8531
11945,16.7684
11946,16.6727
11947,17.3264
11948,19.0229
11949,14.3109
11950,17.1706
11951,15.4836
11952,16.6736
11953,16.6192
11954,16.8556
11955,16.5111
11956,16.8301
11957,16.4638
11958,16.6784
11959,16.6734
11960,16.6184
11961,16.7330
11962,16.7097
11963,16.5688
11964,17.7365
11965,16.6135
11966,15.6189
11967,17.7761
11968,15.6057
11969,17.5262
11970,15.9178
11971,16.5612
11972,16.7772
11973,16.5513
11974,16.6092
11975,16.7194
11976,16.7349
11977,16.6504
11978,17.4198
11979,16.3196
11980,18.1174
11981,16.2310
11982,15.4190
11983,16.5311
11984,16.6490
11985,16.7056
11986,16.9964
11987,16.3238
11988,16.5807
11989,16.7285
11990,16.6673
11991,16.9954
11992,16.2572
11993,16.7825
11994,16.6037
11995,16.6442
11996,16.6554
11997,16.6893
11998,16.7104
11999,16.5339
12000,16.8095
12001,16.5513
12002,16.6629
12003,17.6403
12004,15.7047
12005,16.7166
12006,16.7502
12007,16.4858
12008,16.7594
12009,16.5539
12010,16.7932
12011,17.0925
12012,16.1325
12013,17.6075
12014,16.4557
12015,16.6319
12016,16.0723
12017,16.6151
12018,17.0448
12019,16.3623
12020,16.6664
12021,16.6241
12022,16.6578
12023,16.5883
12024,16.7338
12025,16.7126
12026,17.0521
12027,16.5727
12028,16.3576
12029,16.5947
12030,16.6732
12031,16.6747
12032,16.5957
12033,16.7245
12034,16.6069
12035,16.7180
12036,16.7460
12037,16.6374
12038,17.0218
12039,16.8029
12040,16.7890
12041,16.1460
12042,16.7249
12043,16.5288
12044,16.6749
12045,16.6368
12046,16.7379
12047,17.0515
12048,16.3281
12049,16.5542
12050,17.3118
12051,16.5187
12052,16.2583
12053,16.4946
12054,16.7374
12055,16.5796
12056,16.7501
12057,16.6091
12058,17.1926
12059,16.2046
12060,17.3209
12061,15.9295
12062,16.7075
12063,17.3386
12064,15.9416
12065,16.6790
12066,16.6648
12067,16.5788
12068,16.8123
12069,16.6785
12070,16.5945
12071,16.6711
12072,17.4608
12073,15.7962
12074,16.7761
12075,17.0844
12076,16.1564
12077,16.7326
12078,16.7710
12079,16.5856
12080,16.5706
12081,16.7675
12082,16.6607
12083,16.6941
12084,16.7271
12085,17.1403
12086,16.2185
12087,16.6046
12088,16.5431
12089,16.7573
12090,16.5740
12091,16.8251
12092,16.6174
12093,16.6774
12094,16.5858
12095,16.5900
12096,16.9215
12097,16.4400
12098,17.4291
12099,16.8252
12100,16.9456
12101,15.4481
12102,16.6772
12103,16.7478
12104,16.5444
12105,16.7004
12106,16.6183
12107,17.9825
12108,16.5437
12109,16.4187
12110,16.8297
12111,16.4826
12112,15.8531
12113,16.6231
12114,18.3993
12115,15.1274
12116,16.9008
12117,16.3124
12118,16.5051
12119,16.7015
12120,16.7732
12121,16.7207
12122,16.7933
12123,16.9448
12124,16.0829
12125,17.4421
12126,15.9512
12127,16.6716
12128,17.3445
12129,15.9655
12130,16.7125
12131,17.0238
12132,16.5725
12133,17.3347
12134,15.7348
12135,17.0453
12136,16.8528
12137,16.0541
12138,17.4082
12139,16.3181
12140,16.3970
12141,16.7746
12142,16.4802
12143,16.6563
12144,16.9484
12145,16.8523
12146,16.1869
12147,17.9541
12148,15.6350
12149,16.9998
12150,16.7038
12151,16.0179
12152,16.7181
12153,16.6763
12154,16.8940
12155,16.5270
12156,16.5453
12157,16.7447
12158,16.5802
12159,17.5490
12160,16.0673
12161,16.4244
12162,16.9932
12163,16.2732
12164,16.8527
12165,16.5366
12166,16.5867
12167,16.7146
12168,16.7015
12169,16.6880
12170,17.4433
12171,16.2001
12172,16.3827
12173,16.6683
12174,16.6427
12175,16.6444
12176,16.7731
12177,16.6929
12178,17.1387
12179,16.0712
12180,16.7003
12181,16.6034
12182,16.7037
12183,16.6534
12184,16.6169
12185,16.6474
12186,16.6506
12187,16.9124
12188,16.6137
12189,16.6207
12190,17.5352
12191,16.7100
12192,15.6214
12193,16.6765
12194,16.5921
12195,16.7639
12196,16.6797
12197,16.6374
12198,16.6647
12199,16.8230
12200,16.5561
12201,16.6334
12202,16.7244
12203,17.1140
12204,17.3019
12205,15.6623
12206,21.7956
12207,12.6545
12208,15.7446
12209,17.7054
12210,16.2914
12211,16.2166
12212,16.4615
12213,21.1692
12214,11.7653
12215,17.4789
12216,15.9641
12217,16.5292
12218,16.7414
12219,16.9487
12220,16.8829
12221,16.2280
12222,16.6631
12223,16.6351
12224,16.6449
12225,16.7327
12226,16.5006
12227,16.8042
12228,16.5641
12229,16.5990
12230,17.1096
12231,16.3495
12232,16.8733
12233,16.3420
12234,16.7528
12235,16.6441
12236,16.7235
12237,16.6264
12238,16.6231
12239,16.6850
12240,16.9893
12241,17.2350
12242,15.8622
12243,17.0471
12244,16.4033
12245,16.4861
12246,16.6442
12247,16.6702
12248,16.7000
12249,16.6049
12250,16.7019
12251,16.8448
12252,17.5607
12253,15.6334
12254,16.6086
12255,16.6849
12256,22.5082
12257,10.8983
12258,16.9852
12259,16.2634
12260,16.6264
12261,16.6994
12262,22.2382
12263,11.1343
12264,17.2243
12265,15.9931
12266,17.5003
12267,16.4950
12268,16.1592
12269,16.5603
12270,16.7920
12271,16.5164
12272,16.7633
12273,16.6184
12274,16.6994
12275,16.7629
12276,16.6545
12277,16.5178
12278,17.0859
12279,16.6224
12280,16.2909
12281,16.9263
12282,16.4877
12283,16.5487
12284,16.7850
12285,16.6989
12286,16.8301
12287,16.4474
12288,16.6802
12289,16.7425
12290,16.5137
12291,18.1271
12292,15.9508
12293,16.7001
12294,16.6680
12295,16.8819
12296,17.4914
12297,15.0414
12298,17.4732
12299,16.4625
12300,17.4941
12301,16.9093
12302,17.2616
12303,14.7107
12304,16.9419
12305,15.8915
12306,16.6868
12307,16.6780
12308,16.6947
12309,16.6971
12310,17.9105
12311,16.3714
12312,15.8075
12313,17.4666
12314,17.8198
12315,17.9281
12316,16.7510
12317,13.4418
12318,17.8958
12319,16.3165
12320,16.6563
12321,16.5396
12322,16.6217
12323,16.7366
12324,16.7598
12325,16.4796
12326,19.7214
12327,15.5278
12328,14.3956
12329,16.8103
12330,16.7249
12331,17.0710
12332,16.2491
12333,16.9710
12334,16.3337
12335,16.7142
12336,16.7457
12337,16.6588
12338,16.7305
12339,17.3898
12340,15.7085
12341,17.2375
12342,16.0802
12343,17.3595
12344,16.5915
12345,16.4500
12346,16.6819
12347,16.3451
12348,16.7776
12349,16.5391
12350,17.9140
12351,15.3831
12352,17.0520
12353,16.6335
12354,16.6666
12355,16.3160
12356,17.3668
12357,16.2005
12358,16.1213
12359,16.1965
12360,17.7301
12361,16.7321
12362,16.9081
12363,16.6794
12364,16.1996
12365,17.0414
12366,16.5302
12367,16.8014
12368,16.6231
12369,17.3328
12370,15.9998
12371,17.3425
12372,15.4437
12373,16.7910
12374,16.8883
12375,16.4860
12376,16.7280
12377,16.7500
12378,16.5466
12379,16.9413
12380,16.4352
12381,16.5887
12382,16.7981
12383,16.4350
12384,16.8206
12385,16.6582
12386,17.3823
12387,17.0271
12388,16.8548
12389,15.5618
12390,16.8291
12391,16.1778
12392,16.8682
12393,16.5760
12394,16.6780
12395,16.5753
12396,17.2470
12397,17.1411
12398,17.7074
12399,16.2963
12400,14.9404
12401,16.5718
12402,17.0410
12403,16.4556
12404,15.7727
12405,17.8023
12406,16.6842
12407,16.3638
12408,17.2175
12409,16.2466
12410,16.9843
12411,17.4292
12412,15.5211
12413,16.5796
12414,17.5639
12415,15.0896
12416,16.5925
12417,16.5694
12418,17.3494
12419,16.0591
12420,16.7002
12421,16.6367
12422,16.6027
12423,17.8938
12424,16.1343
12425,16.1522
12426,16.5342
12427,16.6820
12428,16.6089
12429,16.6821
12430,16.6747
12431,16.6413
12432,16.6847
12433,16.7194
12434,19.6544
12435,13.6832
12436,20.3477
12437,12.9571
12438,16.6603
12439,17.3473
12440,18.6380
12441,14.0559
12442,16.5791
12443,16.7642
12444,16.5903
12445,16.6824
12446,17.1009
12447,16.7716
12448,16.2763
12449,16.7121
12450,16.5068
12451,16.6460
12452,16.7714
12453,16.5475
12454,16.6772
12455,16.6461
12456,16.6836
12457,16.6867
12458,16.6219
12459,16.8183
12460,18.7075
12461,15.2855
12462,15.8563
12463,16.6675
12464,16.6716
12465,16.6551
12466,16.6930
12467,16.6699
12468,16.6086
12469,16.6725
12470,16.6661
12471,17.2146
12472,17.6133
12473,15.1915
12474,16.6503
12475,16.7617
12476,16.5863
12477,16.6269
12478,16.7299
12479,17.8794
12480,15.4697
12481,16.6339
12482,16.6841
12483,16.9549
12484,16.3440
12485,17.7324
12486,15.6823
12487,16.7318
12488,16.6863
12489,16.6000
12490,16.6089
12491,18.3409
12492,16.0549
12493,16.5097
12494,15.8164
12495,16.9119
12496,17.1261
12497,16.0035
12498,16.5201
12499,16.6718
12500,16.7300
12501,16.6634
12502,16.6069
12503,17.4732
12504,16.1018
12505,16.5523
12506,16.7510
12507,17.7624
12508,15.6512
12509,16.3922
12510,16.8161
12511,17.0133
12512,16.7740
12513,16.0037
12514,16.8672
12515,16.5721
12516,16.6295
12517,17.0341
12518,17.0772
12519,17.1612
12520,15.7193
12521,17.5720
12522,15.4111
12523,16.7064
12524,16.6998
12525,16.6564
12526,17.0802
12527,16.4247
12528,16.5322
12529,16.4909
12530,16.8175
12531,17.3085
12532,16.5853
12533,16.0220
12534,17.6588
12535,15.6137
12536,16.6754
12537,16.7227
12538,16.6708
12539,16.6134
12540,16.7345
12541,16.6311
12542,17.4246
12543,16.7122
12544,15.9071
12545,16.5600
12546,18.4684
12547,14.9571
12548,16.6726
12549,16.6059
12550,16.8282
12551,16.6705
12552,16.5185
12553,16.7365
12554,16.9249
12555,16.3809
12556,17.3818
12557,15.8735
12558,17.4170
12559,15.9474
12560,16.7987
12561,16.5777
12562,16.5472
12563,16.7526
12564,16.6842
12565,16.6118
12566,17.2510
12567,17.3213
12568,15.6040
12569,16.5447
12570,16.5843
12571,16.7429
12572,16.6027
12573,16.6471
12574,16.7452
12575,16.6776
12576,16.5756
12577,16.6798
12578,16.7147
12579,17.3993
12580,16.3452
12581,16.3853
12582,16.9751
12583,16.4661
12584,16.3934
12585,16.6402
12586,16.7105
12587,16.6720
12588,16.7618
12589,16.5618
12590,16.9922
12591,16.5382
12592,16.8084
12593,16.3114
12594,16.7198
12595,16.6810
12596,16.7286
12597,17.5644
12598,15.8243
12599,16.5243
12600,16.6676
12601,16.6736
12602,16.7469
12603,16.5946
12604,16.6326
12605,16.6352
12606,16.7003
12607,16.6691
12608,16.6130
12609,16.6204
12610,16.9208
12611,16.4444
12612,17.5501
12613,15.8456
12614,16.6168
12615,16.8854
12616,16.7265
12617,16.4469
12618,16.6417
12619,16.6107
12620,16.6831
12621,16.5861
12622,16.7085
12623,16.7977
12624,16.5580
12625,16.6540
12626,17.1500
12627,16.3957
12628,16.9027
12629,16.3775
12630,17.9122
12631,15.3182
12632,16.8574
12633,16.4230
12634,17.4889
12635,15.9073
12636,17.0462
12637,16.3384
12638,16.5544
12639,17.0380
12640,17.5033
12641,15.8751
12642,16.2638
12643,16.6683
12644,16.6514
12645,16.6659
12646,16.6844
12647,16.7245
12648,16.7479
12649,16.4396
12650,16.7681
12651,17.3169
12652,16.1086
12653,17.2230
12654,16.1030
12655,16.6647
12656,17.5266
12657,15.7020
12658,16.6308
12659,16.6969
12660,16.6347
12661,16.7360
12662,16.6474
12663,16.7142
12664,16.6739
12665,17.3213
12666,16.1124
12667,16.5959
12668,16.7023
12669,18.2338
12670,14.9800
12671,16.6917
12672,16.6745
12673,16.7098
12674,16.6259
12675,16.6559
12676,16.7460
12677,16.6572
12678,16.6970
12679,16.5436
12680,16.8644
12681,16.6533
12682,16.5613
12683,16.8837
12684,16.8914
12685,16.2126
12686,16.6074
12687,17.4250
12688,16.0021
12689,16.7733
12690,16.7683
12691,16.3467
12692,16.8475
12693,16.5057
12694,16.7023
12695,16.6636
12696,16.6810
12697,16.8630
12698,16.8875
12699,16.1099
12700,16.8396
12701,16.6388
12702,16.6163
12703,16.7146
12704,17.1366
12705,16.0749
12706,16.7607
12707,16.7479
12708,16.6202
12709,16.6479
12710,17.0689
12711,16.1931
12712,16.7237
12713,16.6578
12714,16.6466
12715,16.8778
12716,16.3926
12717,16.7225
12718,16.6698
12719,16.6627
12720,16.6611
12721,16.8104
12722,16.5601
12723,16.6816
12724,16.6746
12725,16.5870
12726,16.7750
12727,16.5920
12728,16.6015
12729,16.9399
12730,16.3613
12731,16.7207
12732,16.6541
12733,16.8129
12734,16.8860
12735,16.7688
12736,16.2523
12737,16.7040
12738,16.6891
12739,16.5314
12740,16.7727
12741,16.5192
12742,16.6848
12743,16.7563
12744,16.6137
12745,16.6656
12746,16.7672
12747,16.6124
12748,16.6368
12749,16.6553
12750,16.8900
12751,16.5372
12752,17.4698
12753,17.1372
12754,15.6258
12755,16.4100
12756,16.6397
12757,16.6014
12758,16.7414
12759,16.5820
12760,16.6765
12761,17.3494
12762,15.9289
12763,16.7323
12764,16.6595
12765,16.6489
12766,16.7187
12767,16.7084
12768,16.6656
12769,16.8514
12770,16.4614
12771,16.6735
12772,16.6260
12773,16.6828
12774,16.7138
12775,16.5653
12776,16.7353
12777,16.8185
12778,16.4461
12779,16.6934
12780,16.6652
12781,16.8581
12782,16.8675
12783,16.6425
12784,16.2515
12785,16.8218
12786,16.5853
12787,16.7148
12788,16.5281
12789,16.7175
12790,16.7228
12791,16.6858
12792,16.6407
12793,16.7243
12794,16.7707
12795,16.4296
12796,17.3668
12797,16.0465
12798,16.6679
12799,16.5344
12800,16.7654
12801,16.5626
12802,16.7189
12803,16.6799
12804,16.6723
12805,16.8604
12806,16.5233
12807,17.6174
12808,15.5489
12809,16.7674
12810,16.6164
12811,16.7657
12812,16.7665
12813,16.5218
12814,16.6773
12815,16.5446
12816,16.7224
12817,16.7746
12818,16.6544
12819,16.6092
12820,16.7075
12821,16.6046
12822,16.8685
12823,17.2230
12824,15.9784
12825,16.7050
12826,16.6427
12827,16.6285
12828,16.6816
12829,16.7195
12830,16.7441
12831,16.4788
12832,16.7255
12833,16.8377
12834,16.4690
12835,16.8851
12836,16.4905
12837,16.5748
12838,16.7686
12839,16.6397
12840,16.6941
12841,16.5694
12842,16.7387
12843,16.6094
12844,16.6254
12845,16.7458
12846,16.6635
12847,16.6753
12848,16.5934
12849,16.6027
12850,16.7782
12851,16.5750
12852,16.8708
12853,16.4979
12854,16.6758
12855,17.0126
12856,16.8129
12857,16.1604
12858,16.6789
12859,16.7157
12860,16.5749
12861,16.6563
12862,16.6959
12863,16.7112
12864,16.6186
12865,16.6957
12866,16.6553
12867,16.6852
12868,16.6172
12869,16.7284
12870,16.7679
12871,16.6489
12872,16.5772
12873,16.7817
12874,16.9911
12875,16.4218
12876,16.3785
12877,16.7155
12878,16.6945
12879,16.6546
12880,16.6097
12881,16.7406
12882,16.7273
12883,16.7375
12884,16.5602
12885,16.7470
12886,16.9402
12887,16.3539
12888,16.5781
12889,16.6887
12890,16.7450
12891,16.8382
12892,16.4438
12893,16.6944
12894,16.7129
12895,16.6296
12896,16.6877
12897,16.8661
12898,16.3933
12899,16.8597
12900,16.5672
12901,16.5538
12902,16.9563
12903,16.3595
12904,17.1228
12905,16.9346
12906,15.9967
12907,16.5941
12908,16.6973
12909,16.5780
12910,17.0939
12911,16.3163
12912,16.6782
12913,16.8206
12914,16.5279
12915,16.7129
12916,17.0215
12917,16.2408
12918,16.7100
12919,16.5845
12920,16.6945
12921,16.6235
12922,16.8362
12923,16.4673
12924,16.7253
12925,17.9571
12926,15.4287
12927,16.8815
12928,16.3703
12929,17.1683
12930,16.2562
12931,16.6244
12932,16.6894
12933,16.5810
12934,16.7630
12935,16.5897
12936,16.7080
12937,16.8862
12938,16.3667
12939,16.8873
12940,16.4754
12941,16.6927
12942,16.5708
12943,16.8073
12944,16.8238
12945,16.5483
12946,16.6401
12947,16.6476
12948,16.5873
12949,16.7477
12950,16.8949
12951,16.7490
12952,16.3142
12953,17.9881
12954,15.3714
12955,19.8151
12956,13.5125
12957,18.2657
12958,15.1386
12959,16.7184
12960,16.6358
12961,16.5238
12962,16.6763
12963,16.9347
12964,16.5249
12965,16.6647
12966,16.5431
12967,16.8343
12968,17.0217
12969,16.1605
12970,16.7425
12971,16.5917
12972,16.6482
12973,16.7913
12974,16.5555
12975,17.4603
12976,15.8480
12977,16.7430
12978,16.5953
12979,16.7397
12980,16.6190
12981,16.6615
12982,16.6282
12983,16.7617
12984,16.5804
12985,16.7327
12986,16.5851
12987,16.6491
12988,16.7178
12989,16.6293
12990,16.9658
12991,16.3622
12992,16.6474
12993,16.6800
12994,16.8586
12995,16.5562
12996,16.6799
12997,16.6103
12998,16.7209
12999,17.2653
13000,16.4719
13001,16.6998
13002,16.1543
13003,16.7030
13004,16.6164
13005,16.6319
13006,16.7495
13007,16.6265
13008,16.7176
13009,16.7365
13010,16.5605
13011,16.7168
13012,16.7162
13013,16.5376
13014,16.6714
13015,16.6629
13016,16.6112
13017,16.7008
13018,16.7043
13019,16.6922
13020,16.7320
13021,16.6440
13022,16.6584
13023,16.6507
13024,17.4295
13025,15.7945
13026,16.8112
13027,16.5202
13028,16.7183
13029,16.6997
13030,16.6614
13031,16.7261
13032,16.5927
13033,16.6723
13034,16.9121
13035,16.5151
13036,16.5590
13037,16.8160
13038,16.4877
13039,16.6756
13040,16.6917
13041,16.6491
13042,16.6556
13043,16.7173
13044,16.6256
13045,16.6470
13046,16.7195
13047,17.2628
13048,16.5949
13049,16.7770
13050,15.8765
13051,16.7883
13052,16.6372
13053,16.6544
13054,16.6896
13055,16.6653
13056,16.6952
13057,16.6838
13058,16.7595
13059,16.6290
13060,17.3266
13061,16.5947
13062,16.6667
13063,16.9902
13064,15.6112
13065,16.6635
13066,16.7039
13067,16.7681
13068,16.6284
13069,16.5701
13070,16.8493
13071,16.5528
13072,16.8965
13073,16.7271
13074,19.1137
13075,14.2524
13076,16.9384
13077,17.5642
13078,15.6305
13079,16.1953
13080,18.5715
13081,15.1182
13082,16.8662
13083,16.0696
13084,16.7460
13085,16.7689
13086,16.6929
13087,16.5526
13088,16.5477
13089,16.6424
13090,16.7713
13091,17.2172
13092,16.3503
13093,19.6963
13094,13.8313
13095,16.2585
13096,16.6258
13097,17.2123
13098,16.1307
13099,17.2138
13100,16.0930
13101,16.5529
13102,16.8059
13103,16.6744
13104,16.8427
13105,16.9456
13106,16.1001
13107,16.7559
13108,17.2064
13109,16.7910
13110,16.0420
13111,16.5865
13112,16.7097
13113,16.6197
13114,16.7221
13115,16.6261
13116,16.7062
13117,16.6141
13118,16.6804
13119,16.9977
13120,16.4990
13121,18.3998
13122,14.7425
13123,16.7129
13124,16.6650
13125,16.5767
13126,17.1393
13127,16.2847
13128,16.6700
13129,16.6101
13130,16.6761
13131,16.6518
13132,17.1589
13133,16.3047
13134,16.5444
13135,16.6826
13136,16.7193
13137,16.5227
13138,16.7954
13139,16.6482
13140,16.6600
13141,16.5811
13142,16.7547
13143,17.5700
13144,16.3077
13145,16.1787
13146,16.6126
13147,16.6675
13148,16.6864
13149,16.6476
13150,16.6456
13151,16.6705
13152,16.6572
13153,16.6727
13154,16.7447
13155,16.6010
13156,17.5788
13157,16.5463
13158,15.8911
13159,16.5888
13160,16.6442
13161,16.7684
13162,16.7964
13163,16.4063
13164,16.7667
13165,16.5984
13166,16.7636
13167,17.8547
13168,15.3829
13169,16.6489
13170,17.2563
13171,16.3241
13172,16.4954
13173,16.9980
13174,16.3066
13175,16.6720
13176,16.7569
13177,16.5750
13178,16.6159
13179,16.7320
13180,16.9824
13181,17.5368
13182,15.3678
13183,16.7958
13184,16.6600
13185,16.7075
13186,16.5945
13187,16.6557
13188,16.7434
13189,16.6388
13190,16.6143
13191,16.8036
13192,17.1562
13193,16.1586
13194,16.5492
13195,16.6506
13196,16.7293
13197,16.5787
13198,16.7169
13199,16.7250
13200,16.6206
13201,16.5893
13202,16.7274
13203,16.6613
13204,16.8581
13205,16.8456
13206,16.2994
13207,16.6746
13208,16.6324
13209,16.6638
13210,16.6657
13211,16.6877
13212,16.6594
13213,16.6916
13214,17.4716
13215,16.2989
13216,16.8833
13217,16.3901
13218,16.2323
13219,16.7311
13220,16.5990
13221,16.7125
13222,16.6504
13223,16.7412
13224,16.5709
13225,16.6780
13226,16.6558
13227,17.2496
13228,16.1013
13229,16.6815
13230,16.9878
13231,16.2770
13232,16.7316
13233,16.6853
13234,16.7813
13235,16.5470
13236,16.7213
13237,16.8491
13238,16.3068
13239,16.7548
13240,17.8380
13241,15.4738
13242,16.7180
13243,16.5937
13244,16.7217
13245,16.5943
13246,16.6865
13247,16.6543
13248,16.7713
13249,16.7200
13250,16.8619
13251,16.3368
13252,16.7122
13253,17.3672
13254,15.8448
13255,16.7412
13256,16.9558
13257,16.3852
13258,16.7588
13259,16.5350
13260,16.6264
13261,16.7810
13262,16.8239
13263,16.6769
13264,16.5589
13265,16.7483
13266,17.0122
13267,16.0702
13268,16.7681
13269,16.6081
13270,16.6574
13271,16.7387
13272,16.6058
13273,16.8065
13274,16.5989
13275,16.5466
13276,17.4110
13277,16.5610
13278,16.1308
13279,16.5889
13280,16.6755
13281,16.6952
13282,16.6908
13283,16.8152
13284,16.5308
13285,16.7829
13286,16.3925
13287,16.7506
13288,17.3151
13289,16.7117
13290,16.9522
13291,15.6924
13292,16.6192
13293,16.7280
13294,16.7687
13295,16.6005
13296,16.7843
13297,22.1135
13298,11.1754
13299,17.1776
13300,16.0118
13301,16.9072
13302,16.5839
13303,17.2392
13304,16.3972
13305,16.2048
13306,16.7019
13307,16.5870
13308,16.8154
13309,16.6343
13310,16.7729
13311,16.4782
13312,16.6705
13313,16.6831
13314,16.7935
13315,16.6145
13316,16.5867
13317,17.1797
13318,16.1769
13319,16.7981
13320,16.5363
13321,16.6966
13322,16.6423
13323,16.6712
13324,16.5832
13325,16.7485
13326,17.1910
13327,16.1780
13328,16.7134
13329,16.8661
13330,17.5937
13331,17.0148
13332,15.1771
13333,16.4921
13334,16.7684
13335,16.8551
13336,16.8157
13337,17.0639
13338,15.8285
13339,16.6710
13340,16.7736
13341,16.5588
13342,16.7421
13343,16.7297
13344,16.6045
13345,16.6228
13346,16.7173
13347,16.5881
13348,16.8657
13349,17.5360
13350,16.2208
13351,16.5727
13352,16.2158
13353,16.6520
13354,16.6547
13355,16.7176
13356,16.5096
13357,16.7869
13358,16.6780
13359,16.5922
13360,16.7075
13361,17.3617
13362,16.2308
13363,16.3631
13364,16.7920
13365,16.5704
13366,16.7060
13367,16.6871
13368,16.6179
13369,16.8776
13370,17.0208
13371,16.0250
13372,16.7194
13373,16.7393
13374,16.8025
13375,16.4196
13376,16.7631
13377,16.5994
13378,16.6327
13379,16.7206
13380,16.7720
13381,16.5146
13382,18.1119
13383,15.6480
13384,16.2419
13385,16.7563
13386,16.6174
13387,16.7513
13388,16.6260
13389,16.7248
13390,16.5368
13391,16.7147
13392,16.6273
13393,16.7128
13394,16.8120
13395,16.4144
13396,16.7532
13397,16.6430
13398,16.7195
13399,16.6224
13400,16.6566
13401,16.6909
13402,16.5749
13403,16.7710
13404,16.7392
13405,16.5301
13406,17.8722
13407,16.1319
13408,15.9757
13409,16.6491
13410,16.7438
13411,16.6609
13412,16.6730
13413,16.6519
13414,16.6868
13415,16.6504
13416,16.8301
13417,16.5003
13418,16.6940
13419,16.6062
13420,16.7201
13421,16.6553
13422,16.6683
13423,16.6222
13424,16.7323
13425,16.5682
13426,16.8305
13427,16.7131
13428,16.5752
13429,17.6342
13430,15.8357
13431,16.3886
13432,16.7525
13433,16.6672
13434,16.5630
13435,17.0216
13436,16.3743
13437,16.5980
13438,16.9041
13439,16.5114
13440,16.6386
13441,16.7592
13442,16.6682
13443,16.6237
13444,16.7336
13445,16.6150
13446,16.6902
13447,16.6126
13448,16.6426
13449,16.6577
13450,17.7489
13451,15.5630
13452,16.7202
13453,16.6740
13454,17.5617
13455,15.6886
13456,16.7436
13457,16.7563
13458,16.5971
13459,16.6279
13460,16.6575
13461,16.6906
13462,16.6892
13463,16.6183
13464,16.6763
13465,16.6158
13466,16.9837
13467,16.3144
13468,16.7065
13469,16.7216
13470,16.6655
13471,16.5875
13472,16.7165
13473,16.6063
13474,16.7084
13475,16.6643
13476,16.7903
13477,16.5372
13478,16.9388
13479,17.4928
13480,15.9973
13481,16.2757
13482,16.6750
13483,16.6065
13484,16.6613
13485,16.7323
13486,16.6294
13487,16.6499
13488,16.7355
13489,16.6369
13490,16.6580
13491,16.8427
13492,16.8578
13493,16.2443
13494,16.7071
13495,16.8135
13496,16.7170
13497,16.3728
13498,16.7219
13499,16.7273
13500,16.6804
13501,16.6355
13502,16.7691
13503,16.8473
13504,17.1869
13505,15.8436
13506,16.6177
13507,16.7478
13508,16.6080
13509,16.6394
13510,16.6537
13511,16.7226
13512,16.6910
13513,16.6630
13514,16.8977
13515,16.7759
13516,16.5407
13517,16.4874
13518,17.0879
13519,16.1654
13520,16.6654
13521,16.6291
13522,16.6838
13523,16.6350
13524,16.7065
13525,16.6907
13526,16.6298
13527,16.6910
13528,17.4353
13529,16.0151
13530,16.5946
13531,16.6833
13532,16.5866
13533,16.7921
13534,16.5730
13535,16.7625
13536,16.5600
13537,16.6643
13538,16.6564
13539,16.7368
13540,16.6626
13541,16.6783
13542,16.7118
13543,16.7114
13544,16.6636
13545,17.6583
13546,15.5062
13547,16.6728
13548,16.7018
13549,16.7416
13550,16.5434
13551,16.6565
13552,16.7015
13553,16.7481
13554,16.5839
13555,16.6460
13556,16.6906
13557,16.9710
13558,16.4858
13559,16.5581
13560,16.6094
13561,16.6403
13562,16.7819
13563,16.5444
13564,16.7151
13565,16.6326
13566,16.7110
13567,16.6894
13568,16.7133
13569,16.6555
13570,16.7080
13571,16.5398
13572,16.8251
13573,16.7684
13574,17.4506
13575,16.4734
13576,15.9263
13577,16.5444
13578,16.7223
13579,16.6163
13580,16.6945
13581,16.6257
13582,16.6826
13583,16.6665
13584,16.7043
13585,16.7075
13586,16.7564
13587,16.4645
13588,16.7218
13589,16.9083
13590,17.2376
13591,15.8967
13592,16.6708
13593,16.5870
13594,16.7077
13595,16.6824
13596,16.5809
13597,16.8036
13598,16.4989
13599,16.9372
13600,17.2255
13601,16.9997
13602,15.6383
13603,16.6136
13604,16.6275
13605,16.6708
13606,16.7866
13607,16.6411
13608,16.5815
13609,16.6731
13610,16.6835
13611,16.6648
13612,17.0525
13613,16.9568
13614,16.3456
13615,16.4448
13616,16.5344
13617,16.7136
13618,17.4699
13619,15.8161
13620,16.7899
13621,16.5473
13622,16.6410
13623,16.6956
13624,16.7445
13625,16.7359
13626,16.5970
13627,16.5990
13628,16.6654
13629,16.6642
13630,16.6512
13631,16.6895
13632,16.5402
13633,16.9494
13634,17.0938
13635,15.9956
13636,17.0639
13637,16.5891
13638,16.4176
13639,16.6586
13640,16.6043
13641,16.7294
13642,16.6707
13643,16.6391
13644,16.6692
13645,16.6541
13646,16.8051
13647,16.7138
13648,16.5248
13649,17.4468
13650,15.8670
13651,16.6570
13652,16.6372
13653,16.6777
13654,16.6655
13655,16.6982
13656,16.6823
13657,16.5672
13658,16.7025
13659,17.2465
13660,16.1790
13661,18.1873
13662,16.4849
13663,15.2145
13664,17.5305
13665,15.7641
13666,16.7213
13667,16.6976
13668,16.7225
13669,16.4860
13670,16.7628
13671,16.6343
13672,16.7441
13673,17.9021
13674,15.6355
13675,16.4399
13676,16.7313
13677,16.6258
13678,16.7039
13679,16.7829
13680,16.4122
13681,16.7296
13682,16.6379
13683,16.7276
13684,16.6218
13685,16.7131
13686,16.9758
13687,16.2775
13688,16.6872
13689,16.6176
13690,16.7405
13691,16.6364
13692,16.7527
13693,16.6215
13694,17.1886
13695,16.1402
13696,16.6454
13697,16.9194
13698,16.3319
13699,16.8366
13700,16.5788
13701,16.6870
13702,16.6048
13703,16.7834
13704,16.4798
13705,16.8784
13706,16.5924
13707,16.6973
13708,16.6879
13709,16.9275
13710,17.2592
13711,15.7241
13712,17.8736
13713,17.3141
13714,14.8803
13715,16.6137
13716,16.6985
13717,17.4098
13718,15.8857
13719,17.6863
13720,19.9516
13721,13.7622
13722,15.8025
13723,16.7610
13724,16.2124
13725,16.6905
13726,16.5518
13727,17.7710
13728,15.4431
13729,16.6984
13730,18.7458
13731,16.4691
13732,14.7988
13733,16.6075
13734,16.6589
13735,16.7669
13736,16.5303
13737,16.8040
13738,16.5946
13739,16.9243
13740,16.4697
13741,16.6888
13742,16.5819
13743,17.2426
13744,19.8244
13745,15.2386
13746,15.3444
13747,15.5930
13748,16.7621
13749,16.7207
13750,16.5304
13751,16.7786
13752,16.6328
13753,16.7150
13754,16.7712
13755,17.0610
13756,16.1321
13757,16.6979
13758,16.5999
13759,16.6592
13760,16.6787
13761,16.6324
13762,16.6905
13763,16.8493
13764,16.5206
13765,16.6348
13766,16.8628
13767,17.5352
13768,15.9534
13769,16.3192
13770,16.5992
13771,16.6673
13772,16.6551
13773,16.6762
13774,16.8107
13775,16.5621
13776,16.7511
13777,16.6524
13778,16.7911
13779,16.4988
13780,17.2134
13781,16.2258
13782,16.4182
13783,16.8705
13784,16.5840
13785,16.5818
13786,16.7622
13787,16.6565
13788,16.6659
13789,16.6996
13790,16.6334
13791,17.6165
13792,18.1967
13793,14.1602
13794,17.6336
13795,15.8030
13796,16.6321
13797,16.6348
13798,16.6704
13799,16.6852
13800,16.6263
13801,16.7649
13802,16.6373
13803,16.7359
13804,16.4993
13805,16.8469
13806,16.4390
13807,16.7773
13808,16.7656
13809,16.8529
13810,16.2559
13811,16.8505
13812,16.5671
13813,16.6523
13814,16.7382
13815,16.5102
13816,16.7688
13817,16.6617
13818,17.2325
13819,16.1188
13820,16.6953
13821,16.6361
13822,16.8124
13823,16.5097
13824,16.6806
13825,16.6608
13826,16.6297
13827,16.8176
13828,16.6476
13829,16.5985
13830,17.8180
13831,15.4633
13832,16.8572
13833,16.4868
13834,16.6690
13835,16.6387
13836,16.7074
13837,16.7814
13838,16.5137
13839,16.9179
13840,16.9797
13841,16.5695
13842,16.2825
13843,16.7003
13844,16.6567
13845,16.6192
13846,16.6286
13847,16.6960
13848,17.5588
13849,15.6435
13850,17.1924
13851,16.2252
13852,16.5839
13853,16.6665
13854,16.7230
13855,16.7432
13856,16.6252
13857,16.6206
13858,16.7309
13859,16.6420
13860,16.7961
13861,16.5492
13862,16.5570
13863,17.0952
13864,16.3167
13865,16.6517
13866,17.4562
13867,16.0249
13868,16.4879
13869,16.7481
13870,16.6614
13871,16.6314
13872,16.6876
13873,16.7212
13874,16.5827
13875,16.7305
13876,16.7844
13877,16.9748
13878,17.3290
13879,15.4881
13880,16.7087
13881,16.6304
13882,16.6667
13883,16.7434
13884,16.6455
13885,16.5968
13886,16.7907
13887,17.1024
13888,16.2554
13889,16.8386
13890,16.9440
13891,16.1712
13892,16.7228
13893,16.4669
13894,16.7726
13895,16.6721
13896,16.7104
13897,16.6113
13898,16.6754
13899,16.7049
13900,16.6462
13901,16.6136
13902,16.8355
13903,16.8539
13904,16.3952
13905,16.6548
13906,16.9079
13907,16.4326
13908,16.6137
13909,16.6005
13910,16.8054
13911,16.4964
13912,16.7500
13913,17.1581
13914,16.5530
13915,16.3390
13916,16.5912
13917,16.6404
13918,16.7365
13919,16.6484
13920,16.6458
13921,17.3499
13922,16.0218
13923,16.5481
13924,16.7803
13925,16.6176
13926,16.7153
13927,16.6757
13928,16.6137
13929,16.6994
13930,16.6993
13931,16.7394
13932,16.4836
13933,16.8613
13934,16.5285
13935,17.8052
13936,15.5118
13937,17.3704
13938,16.5521
13939,16.1026
13940,16.6847
13941,16.6506
13942,16.5928
13943,16.6792
13944,16.6850
13945,16.7313
13946,16.6955
13947,16.6629
13948,16.5779
13949,17.4794
13950,16.4385
13951,16.0565
13952,16.6809
13953,16.6770
13954,16.6609
13955,16.6761
13956,16.6614
13957,16.6956
13958,16.7001
13959,16.8299
13960,16.4499
13961,17.8084
13962,15.5384
13963,16.6702
13964,16.7540
13965,16.5912
13966,16.6302
13967,16.7272
13968,16.6731
13969,16.6826
13970,16.5599
13971,16.6856
13972,16.6969
13973,16.6155
13974,16.6947
13975,16.9011
13976,16.5847
13977,16.7292
13978,16.4007
13979,16.7928
13980,16.6884
13981,17.6122
13982,15.6518
13983,16.6003
13984,17.2368
13985,16.2175
13986,16.5781
13987,16.5792
13988,16.7815
13989,16.6209
13990,16.7065
13991,16.6782
13992,16.7482
13993,17.0606
13994,16.8486
13995,15.9991
13996,16.6336
13997,16.6810
13998,16.6736
13999,16.6425
14000,16.7005
14001,16.7135
14002,16.8075
14003,16.3725
14004,16.7683
14005,16.6383
14006,16.6961
14007,17.8063
14008,17.3188
14009,14.8655
14010,16.6870
14011,16.5854
14012,16.7141
14013,16.5679
14014,16.7573
14015,16.7056
14016,16.7610
14017,16.5340
14018,16.7678
14019,16.6763
14020,16.5040
14021,16.7222
14022,16.6896
14023,16.6384
14024,16.6982
14025,16.6433
14026,16.7254
14027,16.5662
14028,16.6667
14029,16.7101
14030,16.6551
14031,16.9182
14032,16.4828
14033,16.6743
14034,16.7194
14035,16.6206
14036,16.9295
14037,16.3097
14038,16.6674
14039,16.6215
14040,16.7153
14041,16.7947
14042,16.7393
14043,16.4911
14044,16.6467
14045,16.5795
14046,16.9304
14047,16.4451
14048,16.8416
14049,16.4458
14050,17.4175
14051,15.9497
14052,16.7573
14053,16.5996
14054,16.6778
14055,16.5813
14056,17.0516
14057,16.9554
14058,16.6600
14059,16.0464
14060,16.7084
14061,16.7273
14062,16.6620
14063,16.5351
14064,16.6862
14065,16.6425
14066,16.6979
14067,16.7085
14068,16.6311
14069,16.6592
14070,16.6715
14071,16.7336
14072,16.5583
14073,16.8033
14074,16.5822
14075,17.2966
14076,16.1149
14077,19.4339
14078,15.0375
14079,15.3558
14080,18.4350
14081,20.1622
14082,15.5223
14083,14.7522
14084,14.6791
14085,18.4264
14086,18.6312
14087,12.8238
14088,16.7890
14089,17.1120
14090,18.1096
14091,14.6206
14092,16.6873
14093,16.6783
14094,16.6030
14095,16.7542
14096,16.6325
14097,16.7386
14098,16.5615
14099,17.2099
14100,16.1995
14101,17.3095
14102,16.0068
14103,17.1975
14104,16.3934
14105,17.4511
14106,15.6651
14107,16.5622
14108,16.6834
14109,16.6275
14110,16.7758
14111,16.6248
14112,16.6113
14113,16.8483
14114,16.4586
14115,16.9821
14116,16.2965
14117,16.8000
14118,16.6431
14119,16.6157
14120,16.6841
14121,16.7176
14122,16.5708
14123,16.7805
14124,16.8477
14125,16.6083
14126,16.4356
14127,17.9869
14128,16.0404
14129,16.0191
14130,16.6734
14131,16.5920
14132,16.7179
14133,16.6512
14134,16.8753
14135,16.4905
14136,16.6290
14137,16.7171
14138,16.6731
14139,16.6119
14140,16.6705
14141,17.0207
14142,16.3178
14143,16.6462
14144,16.6252
14145,16.7067
14146,16.6630
14147,16.6484
14148,16.7883
14149,16.8409
14150,16.4377
14151,16.7266
14152,17.4690
14153,16.6317
14154,15.8194
14155,16.6549
14156,16.7509
14157,16.5560
14158,16.6936
14159,16.6787
14160,16.6777
14161,16.6482
14162,16.7474
14163,16.6011
14164,16.8783
14165,16.5925
14166,16.6656
14167,16.5307
14168,16.6037
14169,17.0305
14170,16.5772
14171,16.5870
14172,17.4622
14173,15.7464
14174,16.5865
14175,16.7294
14176,16.8742
14177,16.7614
14178,16.7292
14179,16.2339
14180,16.7229
14181,16.6528
14182,16.6677
14183,16.6811
14184,16.6054
14185,16.7420
14186,16.6181
14187,16.6921
14188,16.6183
14189,16.8998
14190,17.1288
14191,16.0142
14192,16.7677
14193,16.6412
14194,16.5756
14195,16.6880
14196,16.6655
14197,16.6807
14198,16.5995
14199,16.7780
14200,17.0494
14201,16.4648
14202,16.7257
14203,16.4705
14204,16.5840
14205,16.6079
14206,16.7255
14207,16.6065
14208,16.7195
14209,16.6954
14210,16.5748
14211,16.6817
14212,16.6980
14213,16.9092
14214,16.3536
14215,16.7052
14216,16.6761
14217,16.6474
14218,16.8456
14219,16.7997
14220,16.3419
14221,16.7195
14222,16.5972
14223,16.7171
14224,16.9504
14225,16.6277
14226,16.9745
14227,16.0350
14228,16.6474
14229,16.7309
14230,16.6783
14231,16.8685
14232,16.5988
14233,16.6628
14234,16.5592
14235,16.6079
14236,16.8869
14237,16.5610
14238,16.7278
14239,16.5177
14240,16.7502
14241,16.5794
14242,16.7393
14243,16.5891
14244,16.8028
14245,16.5900
14246,16.6831
14247,17.1235
14248,18.2004
14249,15.2764
14250,16.8032
14251,16.2272
14252,16.3186
14253,16.6978
14254,16.6268
14255,16.6505
14256,16.7090
14257,16.6160
14258,16.5763
14259,16.7525
14260,16.8889
14261,16.9541
14262,18.7986
14263,15.5870
14264,15.7877
14265,16.1659
14266,16.5188
14267,20.7618
14268,12.9392
14269,17.2129
14270,16.3848
14271,18.6296
14272,16.4620
14273,15.6457
14274,15.4016
14275,19.1767
14276,16.1743
14277,14.5352
14278,16.6507
14279,16.6807
14280,16.5835
14281,16.7219
14282,16.6171
14283,16.8254
14284,17.3187
14285,15.9863
14286,16.7136
14287,16.5638
14288,16.6930
14289,16.6669
14290,18.6278
14291,15.2742
14292,16.0811
14293,16.6471
14294,16.6531
14295,16.7025
14296,17.2503
14297,16.0636
14298,16.6298
14299,16.6030
14300,16.7470
14301,16.6308
14302,16.7222
14303,16.6998
14304,16.6615
14305,16.6857
14306,16.5292
14307,16.7104
14308,16.7006
14309,16.6265
14310,16.7385
14311,16.6580
14312,16.6381
14313,16.7286
14314,16.7229
14315,16.6130
14316,16.7003
14317,16.6700
14318,16.5582
14319,17.2074
14320,16.6379
14321,16.6863
14322,16.1074
14323,16.6462
14324,16.6777
14325,16.6411
14326,16.7576
14327,16.5780
14328,16.8575
14329,16.5272
14330,16.6679
14331,16.6600
14332,16.6702
14333,17.1322
14334,16.4956
14335,16.3692
14336,16.6547
14337,16.6595
14338,16.6783
14339,16.5951
14340,16.7513
14341,16.7021
14342,16.5318
14343,16.6670
14344,17.8954
14345,16.7655
14346,16.0376
14347,15.9773
14348,16.6959
14349,16.7344
14350,16.6602
14351,16.5666
14352,16.6891
14353,16.7442
14354,16.5825
14355,16.7556
14356,16.6055
14357,16.8630
14358,16.5020
14359,16.6527
14360,16.7110
14361,17.6213
14362,15.5990
14363,16.8784
14364,16.5476
14365,16.7393
14366,16.5429
14367,16.7228
14368,16.9397
14369,16.4278
14370,17.2534
14371,16.0521
14372,16.6482
14373,16.6131
14374,16.8326
14375,16.5653
14376,16.5796
14377,16.6710
14378,16.6553
14379,16.6871
14380,16.7391
14381,16.9072
14382,17.4587
14383,16.7265
14384,17.3209
14385,14.8497
14386,16.5923
14387,16.9456
14388,16.5121
14389,16.6500
14390,16.6362
14391,16.6878
14392,16.7007
14393,16.8769
14394,17.4157
14395,15.7159
14396,16.5920
14397,16.7214
14398,16.8233
14399,16.4277
14400,16.7077
14401,16.6443
14402,16.7824
14403,16.6102
14404,16.6514
14405,17.2018
14406,16.5973
14407,16.1556
14408,16.6796
14409,16.6021
14410,16.7707
14411,16.7385
14412,16.6189
14413,16.5591
14414,16.7191
14415,16.7602
14416,17.2604
14417,17.0249
14418,16.3648
14419,16.1796
14420,16.6600
14421,16.4118
14422,16.6241
14423,16.7791
14424,16.6718
14425,16.5917
14426,16.7342
14427,16.6544
14428,17.2389
14429,16.1773
14430,16.6819
14431,16.4866
14432,17.5647
14433,15.8128
14434,17.1405
14435,16.0849
14436,16.7779
14437,16.6520
14438,16.6453
14439,16.6863
14440,17.0052
14441,16.7994
14442,16.2491
14443,16.5571
14444,16.6960
14445,16.7222
14446,16.9215
14447,16.3542
14448,16.6571
14449,16.6409
14450,16.7221
14451,16.6205
14452,16.7161
14453,16.6339
14454,16.6830
14455,16.5891
14456,16.8317
14457,16.4746
14458,16.7887
14459,16.6376
14460,17.8656
14461,16.1325
14462,15.9959
14463,16.7416
14464,16.5998
14465,16.6565
14466,16.8669
14467,16.4253
14468,16.7187
14469,16.6662
14470,16.7014
14471,17.0040
14472,16.2400
14473,16.7054
14474,17.2486
14475,16.0089
14476,16.6202
14477,16.8306
14478,16.6675
14479,16.6437
14480,16.6482
14481,16.6203
14482,16.7362
14483,16.6381
14484,16.6248
14485,16.6874
14486,16.7811
14487,18.4492
14488,14.7187
14489,17.0200
14490,16.3756
14491,16.6722
14492,16.6182
14493,16.6735
14494,16.6647
14495,16.7074
14496,16.7003
14497,16.5154
14498,16.8628
14499,16.5552
14500,16.5978
14501,16.7930
14502,16.7389
14503,16.5661
14504,16.6415
14505,16.6809
14506,16.6723
14507,16.6565
14508,16.6957
14509,16.6217
14510,16.6556
14511,16.8432
14512,17.1322
14513,16.0855
14514,16.6636
14515,16.6309
14516,16.8142
14517,16.5559
14518,16.5674
14519,16.6310
14520,16.9098
14521,16.5375
14522,16.6125
14523,16.6743
14524,16.7919
14525,16.6539
14526,16.7340
14527,16.5222
14528,16.6467
14529,16.6646
14530,16.6931
14531,16.6135
14532,16.6553
14533,16.6364
14534,16.7454
14535,16.9075
14536,16.5855
14537,17.2460
14538,16.6473
14539,15.9865
14540,16.6453
14541,16.6564
14542,16.9245
14543,16.3929
14544,16.7270
14545,16.5281
14546,16.8034
14547,16.5424
14548,16.7876
14549,16.5968
14550,16.8033
14551,17.4143
14552,16.4447
14553,16.0258
14554,16.6497
14555,16.6770
14556,16.6641
14557,16.6555
14558,16.6426
14559,16.6192
14560,17.3879
14561,16.4151
14562,16.2659
14563,16.7304
14564,16.6584
14565,16.6790
14566,16.6676
14567,16.6702
14568,16.6494
14569,16.5334
14570,16.8147
14571,16.8059
14572,16.4348
14573,16.7090
14574,16.6584
14575,16.6654
14576,16.8431
14577,16.5779
14578,17.7482
14579,17.6487
14580,14.5078
14581,16.8293
14582,16.8161
14583,16.2474
14584,16.7305
14585,16.6091
14586,16.7778
14587,16.9099
14588,16.5357
14589,16.3910
14590,16.9663
14591,16.6384
14592,16.3896
14593,17.3818
14594,17.1073
14595,15.6584
14596,16.6110
14597,16.8348
14598,16.4984
14599,16.6427
14600,16.6863
14601,16.6091
14602,16.6537
14603,16.7907
14604,16.9259
14605,16.3450
14606,17.0435
14607,16.6986
14608,16.3673
14609,16.5381
14610,16.6963
14611,16.6191
14612,16.8140
14613,16.6307
14614,16.6089
14615,16.7047
14616,16.5764
14617,16.6807
14618,16.6020
14619,16.7815
14620,18.4948
14621,15.2382
14622,16.2768
14623,16.6997
14624,16.6278
14625,16.6212
14626,16.6704
14627,16.7307
14628,16.5215
14629,16.7445
14630,16.8394
14631,16.3955
14632,16.9177
14633,17.5806
14634,15.5529
14635,16.6399
14636,16.7709
14637,16.6599
14638,16.7946
14639,16.6156
14640,16.5028
14641,16.8180
14642,16.6626
14643,16.5331
14644,16.7255
14645,16.6494
14646,16.6927
14647,17.1199
14648,16.1966
14649,16.6315
14650,16.7562
14651,16.6121
14652,16.6959
14653,16.6593
14654,16.6499
14655,16.7699
14656,17.1613
14657,16.7230
14658,16.3580
14659,16.2654
14660,16.6339
14661,16.6964
14662,16.7328
14663,16.6384
14664,16.7046
14665,16.6573
14666,16.6023
14667,16.6854
14668,16.6279
14669,16.6962
14670,16.7337
14671,16.7807
14672,16.4278
14673,16.8253
14674,16.8510
14675,16.4551
14676,17.4609
14677,15.8545
14678,16.6804
14679,16.6219
14680,16.6617
14681,17.2094
14682,16.1493
14683,16.7091
14684,16.6635
14685,16.5819
14686,16.8219
14687,16.6456
14688,16.6513
14689,16.5788
14690,16.6909
14691,16.6364
14692,16.7488
14693,16.6419
14694,16.5631
14695,16.7366
14696,16.5917
14697,16.6578
14698,16.7261
14699,16.6974
14700,16.6658
14701,16.6220
14702,16.7704
14703,16.5980
14704,17.9237
14705,15.7232
14706,18.8853
14707,14.0908
14708,16.9086
14709,16.5012
14710,16.6298
14711,16.6550
14712,16.6547
14713,16.6329
14714,16.7144
14715,16.7493
14716,18.7478
14717,14.8029
14718,16.3212
14719,16.6181
14720,16.6739
14721,16.6448
14722,16.7785
14723,16.6126
14724,16.6172
14725,16.7395
14726,16.6488
14727,16.8198
14728,16.4391
14729,17.2133
14730,16.8389
14731,16.1522
14732,16.5408
14733,16.6194
14734,16.7320
14735,16.5996
14736,16.7015
14737,16.6119
14738,16.7471
14739,16.6047
14740,16.6844
14741,16.6785
14742,16.7994
14743,17.0028
14744,17.8700
14745,15.1553
14746,16.5465
14747,16.6430
14748,16.7005
14749,16.6789
14750,16.6189
14751,16.6322
14752,17.0293
14753,16.2025
14754,16.8098
14755,16.5763
14756,16.6272
14757,17.4641
14758,15.9585
14759,16.8304
14760,16.4809
14761,16.6459
14762,16.6241
14763,16.7421
14764,16.7168
14765,16.5953
14766,16.6642
14767,16.6884
14768,16.7784
14769,16.8207
14770,16.4569
14771,16.6664
14772,17.5483
14773,15.7009
14774,16.7254
14775,16.7613
14776,16.4798
14777,16.6864
14778,16.7331
14779,16.6666
14780,16.6161
14781,16.5680
14782,16.7297
14783,16.7016
14784,16.7466
14785,16.6595
14786,17.3487
14787,17.3426
14788,15.2291
14789,16.6637
14790,16.6984
14791,16.6034
14792,16.7825
14793,16.5807
14794,16.6846
14795,17.6407
14796,15.7452
14797,16.6468
14798,16.6687
14799,16.6049
14800,16.6332
14801,19.2280
14802,16.4206
14803,14.4096
14804,19.4719
14805,17.7963
14806,12.8148
14807,17.0233
14808,18.9770
14809,13.9707
14810,16.5529
14811,16.6638
14812,16.8103
14813,16.5772
14814,17.2764
14815,16.0712
14816,16.9538
14817,16.4525
14818,16.5688
14819,17.4230
14820,15.9016
14821,16.6313
14822,16.6617
14823,16.6673
14824,17.8631
14825,16.1533
14826,18.2034
14827,14.7651
14828,16.5822
14829,16.5119
14830,16.7556
14831,16.5204
14832,16.6236
14833,16.7244
14834,16.8026
14835,16.4751
14836,16.7223
14837,16.7207
14838,17.1425
14839,16.7983
14840,16.0542
14841,16.5379
14842,16.7257
14843,17.3208
14844,16.0170
14845,16.6575
14846,16.7416
14847,16.6285
14848,16.6508
14849,17.2181
14850,16.6861
14851,16.0757
14852,16.7125
14853,16.5910
14854,16.8209
14855,16.6577
14856,16.5537
14857,16.6621
14858,16.6796
14859,16.6666
14860,16.6452
14861,16.6874
14862,17.2369
14863,16.5349
14864,16.1945
14865,17.8495
14866,18.0625
14867,14.8061
14868,16.0337
14869,16.6632
14870,16.5873
14871,18.5511
14872,14.8848
14873,16.6823
14874,16.9876
14875,16.8180
14876,16.7539
14877,16.4995
14878,16.2273
14879,16.5418
14880,16.7416
14881,16.6629
14882,16.7446
14883,16.5932
14884,16.7397
14885,16.6389
14886,16.9100
14887,17.1386
14888,15.7977
14889,16.7678
14890,16.6655
14891,16.8074
14892,16.4737
14893,16.6362
14894,17.7710
14895,15.6184
14896,16.6449
14897,16.7321
14898,16.6514
14899,17.0106
14900,16.3043
14901,16.6652
14902,16.6514
14903,17.3448
14904,17.2791
14905,16.0349
14906,17.1684
14907,15.5331
14908,17.9112
14909,15.4401
14910,17.0981
14911,16.4112
14912,16.5172
14913,16.5542
14914,17.3112
14915,16.0729
14916,16.7314
14917,16.6154
14918,16.6051
14919,17.7482
14920,15.5683
14921,17.0169
14922,17.7080
14923,15.2902
14924,16.7379
14925,16.7147
14926,16.5747
14927,16.6461
14928,16.7863
14929,16.6097
14930,16.7189
14931,16.5521
14932,16.8009
14933,16.5792
14934,16.6116
14935,17.3602
14936,16.3647
14937,16.9397
14938,16.2060
14939,16.4452
14940,16.7342
14941,16.5908
14942,16.7309
14943,16.7294
14944,16.6697
14945,16.9216
14946,16.3303
14947,17.2138
14948,16.4919
14949,16.3171
14950,16.6450
14951,17.5256
14952,15.8664
14953,16.6216
14954,16.6980
14955,16.6372
14956,16.6353
14957,16.6829
14958,16.6364
14959,16.6346
14960,16.9094
14961,16.5913
14962,16.6368
14963,16.6360
14964,17.6230
14965,15.6574
14966,17.1626
14967,16.5514
14968,16.2985
14969,17.0455
14970,17.0968
14971,15.8536
14972,16.6981
14973,16.6043
14974,16.7001
14975,16.6619
14976,16.6761
14977,16.6454
14978,16.6603
14979,16.6962
14980,16.7778
14981,16.4912
14982,16.7309
14983,16.6566
14984,16.6384
14985,16.5899
14986,16.7039
14987,16.6722
14988,16.7314
14989,16.6425
14990,16.6351
14991,16.6810
14992,16.8511
14993,16.5497
14994,16.9690
14995,16.8275
14996,16.1318
14997,16.5915
14998,16.7009
14999,16.7351
15000,16.7232
15001,16.5306
15002,16.7238
15003,17.0057
15004,16.2850
15005,17.3023
15006,16.3063
15007,16.5890
15008,16.4604
15009,16.6962
15010,16.6551
15011,18.1874
15012,15.6620
15013,17.1219
15014,15.8393
15015,18.8576
15016,14.3942
15017,17.0983
15018,17.2114
15019,16.0302
15020,16.2498
15021,16.5854
15022,16.7440
15023,16.7223
15024,16.6265
15025,16.6954
15026,16.7899
15027,16.6235
15028,16.6219
15029,17.0270
15030,18.2278
15031,15.6739
15032,16.1356
15033,16.2052
15034,16.7539
15035,16.5797
15036,16.6096
15037,16.7212
15038,16.6388
15039,16.6321
15040,16.6965
15041,17.3681
15042,15.9823
15043,16.7973
15044,16.6344
15045,16.5547
15046,16.5703
15047,16.8572
15048,16.5236
15049,16.6185
15050,16.7834
15051,16.6364
15052,16.6945
15053,16.7882
15054,16.5152
15055,17.0957
15056,16.9128
15057,16.0414
15058,16.5754
15059,16.7758
15060,16.6056
15061,16.6982
15062,16.6385
15063,16.6421
15064,17.0330
15065,17.1143
15066,15.8426
15067,16.7663
15068,16.8129
15069,16.4461
15070,20.0617
15071,13.2286
15072,16.8907
15073,16.5260
15074,16.6633
15075,16.5572
15076,16.8512
15077,16.6735
15078,16.8060
15079,16.4605
15080,16.8379
15081,16.6595
15082,16.6479
15083,16.5332
15084,16.7179
15085,16.5474
15086,16.7524
15087,16.5704
15088,17.2868
15089,16.5447
15090,16.9493
15091,16.0890
15092,16.6331
15093,16.5724
15094,16.5967
15095,16.6865
15096,16.6155
15097,16.6406
15098,16.8185
15099,16.6463
15100,16.5980
15101,16.7830
15102,17.3047
15103,17.4143
15104,15.3963
15105,16.6137
15106,16.5809
15107,16.5630
15108,16.7032
15109,16.6475
15110,16.7510
15111,17.1846
15112,16.0976
15113,16.5914
15114,16.7359
15115,16.5212
15116,16.7943
15117,16.6735
15118,16.6234
15119,16.7612
15120,16.5416
15121,16.8832
15122,16.6134
15123,16.9413
15124,16.2590
15125,16.7233
15126,16.6466
15127,16.7931
15128,16.4883
15129,16.6966
15130,16.6818
15131,16.6383
15132,17.1610
15133,16.2597
15134,16.8541
15135,17.0671
15136,15.9501
15137,16.9202
15138,16.5569
15139,16.6672
15140,16.5370
15141,16.7173
15142,16.7067
15143,16.5511
15144,16.6312
15145,16.8804
15146,16.6883
15147,16.6176
15148,16.7438
15149,17.2271
15150,16.5805
15151,16.0302
15152,16.6232
15153,16.7939
15154,16.6206
15155,16.6117
15156,16.7144
15157,16.6487
15158,16.7865
15159,16.5443
15160,16.8226
15161,17.0296
15162,16.2868
15163,16.6173
15164,16.5700
15165,16.6708
15166,16.8572
15167,16.5147
15168,16.6334
15169,16.6186
15170,16.7531
15171,16.7405
15172,16.4415
15173,16.6758
15174,16.9280
15175,16.5491
15176,16.5765
15177,17.9156
15178,15.8013
15179,16.7447
15180,16.2111
15181,16.6588
15182,16.7003
15183,16.6563
15184,16.6697
15185,16.6211
15186,16.6746
15187,16.6521
15188,16.8357
15189,16.6826
15190,16.9233
15191,16.5453
15192,16.4229
15193,16.8843
15194,16.5991
15195,16.5245
15196,16.7209
15197,16.5256
15198,16.7310
15199,17.4194
15200,15.8348
15201,16.6662
15202,16.8224
15203,16.6091
15204,16.7782
15205,16.9154
15206,16.2523
15207,16.6088
15208,16.6336
15209,16.7851
15210,16.6425
15211,16.7708
15212,16.5822
15213,16.5539
15214,16.9059
15215,16.5840
15216,16.5396
15217,16.6752
15218,16.7403
15219,16.6199
15220,17.0185
15221,16.9983
15222,16.2064
15223,16.4356
15224,16.6837
15225,16.5921
15226,16.7733
15227,16.6534
15228,16.6742
15229,16.6721
15230,16.7569
15231,16.5142
15232,16.6451
15233,16.6313
15234,17.7711
15235,16.3646
15236,16.0908
15237,16.4637
15238,16.6194
15239,16.6928
15240,16.6630
15241,16.6341
15242,16.8635
15243,16.6445
15244,18.7857
15245,14.6200
15246,16.7661
15247,16.9334
15248,18.4028
15249,14.3337
15250,16.7569
15251,16.7938
15252,16.5323
15253,16.6933
15254,16.7726
15255,16.5440
15256,16.6362
15257,17.3743
15258,16.5870
15259,16.7983
15260,15.8398
15261,16.7147
15262,16.6904
15263,16.6540
15264,16.7387
15265,16.5928
15266,16.7090
15267,16.7574
15268,16.6311
15269,16.6322
15270,16.6753
15271,16.6952
15272,16.5547
15273,17.1954
15274,19.8628
15275,12.9455
15276,20.3037
15277,15.6591
15278,14.1612
15279,16.4996
15280,16.7604
15281,17.1407
15282,16.5294
15283,16.3793
15284,16.6290
15285,17.0317
15286,16.2747
15287,16.7642
15288,16.5690
15289,16.9581
15290,16.2929
15291,16.7991
15292,16.5967
15293,16.9732
15294,16.2719
15295,16.6487
15296,16.8508
15297,16.5719
15298,16.6652
15299,16.7227
15300,16.7449
15301,16.6206
15302,16.8052
15303,16.3969
15304,16.7823
15305,16.6112
15306,17.0252
15307,17.1246
15308,15.7823
15309,16.6096
15310,16.7910
15311,16.5197
15312,16.8077
15313,16.6378
15314,17.4226
15315,16.4488
15316,16.1077
15317,16.6886
15318,16.7265
15319,17.0623
15320,16.2498
15321,16.7799
15322,16.6944
15323,16.5306
15324,17.2801
15325,16.0829
15326,16.4989
15327,18.4899
15328,14.9658
15329,17.4663
15330,16.3510
15331,16.1596
15332,17.1192
15333,16.6849
15334,16.4712
15335,16.3903
15336,16.6614
15337,18.9500
15338,14.4615
15339,17.3675
15340,16.8040
15341,16.5182
15342,16.2816
15343,16.2475
15344,16.6781
15345,16.5847
15346,17.8574
15347,16.3854
15348,15.8810
15349,16.7331
15350,16.9953
15351,16.4471
15352,17.8395
15353,15.2854
15354,16.9330
15355,16.9424
15356,17.3111
15357,15.4746
15358,17.0524
15359,16.8213
15360,16.0902
15361,16.8155
15362,16.6441
15363,16.5643
15364,17.4551
15365,15.8714
15366,16.8694
15367,16.5577
15368,16.6296
15369,16.6702
15370,16.5431
15371,17.3501
15372,16.0959
15373,16.7504
15374,16.6419
15375,17.9687
15376,15.8402
15377,16.2040
15378,16.5992
15379,16.7118
15380,16.5394
15381,16.6804
15382,16.5988
15383,16.7550
15384,16.6732
15385,16.7347
15386,16.6976
15387,16.6533
15388,16.9226
15389,17.1910
15390,16.3352
15391,16.0387
15392,17.9768
15393,15.5237
15394,17.3094
15395,15.9953
15396,16.5846
15397,16.7301
15398,16.6154
15399,16.7736
15400,16.6913
15401,17.5004
15402,16.4034
15403,15.9256
15404,17.1798
15405,16.0182
15406,16.7729
15407,16.6406
15408,16.6227
15409,16.8338
15410,16.5948
15411,16.6359
15412,16.6947
15413,16.6755
15414,16.7705
15415,16.5229
15416,16.6813
15417,18.2403
15418,15.0820
15419,17.4167
15420,16.0379
15421,16.5891
15422,16.7300
15423,16.4983
15424,16.6897
15425,16.6621
15426,16.6207
15427,16.7879
15428,17.0860
15429,16.2452
15430,16.5390
15431,16.6254
15432,16.7284
15433,16.7917
15434,16.6723
15435,16.5192
15436,16.8039
15437,16.6940
15438,17.0875
15439,16.2292
15440,17.1189
15441,16.9546
15442,15.8010
15443,16.7194
15444,16.6985
15445,16.6725
15446,16.6365
15447,16.6504
15448,16.6326
15449,16.9184
15450,17.2222
15451,16.4172
15452,16.1771
15453,17.1740
15454,17.6089
15455,16.0126
15456,15.9781
15457,16.6502
15458,17.4387
15459,15.8161
15460,16.6024
15461,16.6683
15462,16.8040
15463,16.5019
15464,16.7453
15465,16.5602
15466,17.7183
15467,16.3430
15468,17.2369
15469,15.4787
15470,16.9554
15471,16.3564
15472,16.6326
15473,17.2281
15474,16.0960
15475,16.7548
15476,16.9178
15477,16.3756
15478,17.5230
15479,15.8906
15480,16.5052
15481,16.6922
15482,16.6292
15483,16.6549
15484,16.6571
15485,16.7522
15486,16.6569
15487,16.7728
15488,16.5173
15489,16.6760
15490,16.6326
15491,16.6449
15492,16.7547
15493,16.6211
15494,16.6573
15495,16.7365
15496,16.6598
15497,16.8116
15498,16.5073
15499,16.7415
15500,16.7955
15501,16.4678
15502,16.6710
15503,16.6817
15504,16.6836
15505,16.6690
15506,17.1392
15507,16.7715
15508,16.0983
15509,16.6000
15510,16.6990
15511,16.7447
15512,16.6161
15513,16.6220
15514,16.6513
15515,16.6711
15516,16.8608
15517,16.6059
15518,16.5821
15519,17.0872
15520,16.2175
15521,17.0132
15522,16.2696
15523,16.6937
15524,16.6954
15525,16.5629
15526,16.8495
15527,16.5582
15528,16.7173
15529,16.6673
15530,16.8889
15531,16.3671
15532,16.6141
15533,16.7069
15534,16.6108
15535,16.8413
15536,16.5560
15537,16.6719
15538,16.6673
15539,16.7610
15540,16.5964
15541,16.5769
15542,16.7459
15543,16.6844
15544,16.6675
15545,17.1621
15546,16.2141
15547,16.6003
15548,16.7023
15549,16.6433
15550,16.6487
15551,16.7842
15552,16.5973
15553,16.6512
15554,16.7868
15555,16.5771
15556,16.7729
15557,16.9638
15558,16.3627
15559,17.4844
15560,15.7252
15561,16.7460
15562,16.5599
15563,16.7274
15564,16.5949
15565,16.7269
15566,16.6139
15567,16.7219
15568,16.7843
15569,17.0829
15570,17.2334
15571,16.6690
15572,15.5828
15573,17.1165
15574,16.1195
15575,16.8473
15576,16.6141
15577,16.5068
15578,16.7124
15579,16.6321
15580,16.6076
15581,16.6578
15582,16.8422
15583,16.6233
15584,16.7918
15585,16.5152
15586,17.8331
15587,15.8964
15588,16.2279
15589,16.7586
15590,16.6225
15591,16.6086
15592,16.6351
15593,16.7384
15594,17.5563
15595,15.9197
15596,16.6831
15597,16.5733
15598,16.7019
15599,16.5010
15600,16.7901
15601,16.5529
15602,16.7253
15603,16.6183
15604,16.7879
15605,16.5496
15606,16.6418
15607,16.7705
15608,16.5884
15609,16.7227
15610,16.6035
15611,16.8421
15612,16.5149
15613,16.6789
15614,16.6069
15615,17.5417
15616,15.8123
15617,16.7417
15618,16.8097
15619,17.1765
15620,16.5337
15621,16.0289
15622,16.8041
15623,16.5419
15624,16.7562
15625,16.7719
15626,16.4646
15627,16.6814
15628,16.9973
15629,17.5765
15630,16.2432
15631,15.8554
15632,16.7311
15633,16.6192
15634,16.6093
15635,16.6585
15636,16.8425
15637,16.5344
15638,16.6993
15639,16.6700
15640,16.6119
15641,16.7882
15642,18.4913
15643,15.7682
15644,15.5744
15645,16.7264
15646,16.6243
15647,16.6694
15648,16.6902
15649,16.7362
15650,16.6536
15651,16.6218
15652,16.7092
15653,16.6139
15654,16.7525
15655,16.5356
15656,16.7490
15657,16.6198
15658,17.7350
15659,16.6304
15660,15.7058
15661,16.6211
15662,16.6243
15663,16.7615
15664,16.7490
15665,17.0469
15666,16.1870
15667,17.5756
15668,16.1705
15669,16.1521
15670,16.7016
15671,16.7212
15672,16.7464
15673,16.5282
15674,17.1195
15675,16.2194
15676,16.7114
15677,16.6483
15678,16.6449
15679,16.8218
15680,17.2264
15681,15.8871
15682,16.7219
15683,16.7589
15684,16.5639
15685,16.7113
15686,16.5772
15687,17.4606
15688,16.2379
15689,16.3341
15690,16.7913
15691,16.9578
15692,16.9150
15693,15.9461
15694,16.7255
15695,16.7403
15696,16.6273
15697,16.6264
15698,16.7696
15699,16.5762
15700,16.7607
15701,17.5521
15702,16.4160
15703,16.3798
15704,17.6395
15705,15.8515
15706,16.0128
15707,16.6918
15708,16.6478
15709,16.6600
15710,17.3254
15711,16.0680
15712,16.7061
15713,17.0564
15714,17.0848
15715,15.9889
15716,17.4981
15717,17.1335
15718,15.2760
15719,16.6530
15720,16.6080
15721,17.1266
15722,16.2517
15723,16.6846
15724,16.6446
15725,16.5478
15726,16.7570
15727,16.6739
15728,17.8361
15729,16.7580
15730,16.0920
15731,15.8848
15732,16.6323
15733,16.6923
15734,17.3357
15735,16.6352
15736,16.3056
15737,16.6173
15738,16.5060
15739,17.8651
15740,16.2332
15741,16.2586
15742,16.8494
15743,16.1586
15744,16.6496
15745,16.7011
15746,16.6893
15747,16.6096
15748,16.7203
15749,16.5779
15750,16.8784
15751,17.7806
15752,15.6471
15753,16.2948
15754,17.0710
15755,16.3107
15756,16.6836
15757,16.7062
15758,16.6153
15759,16.6046
15760,16.7614
15761,16.6522
15762,16.7181
15763,16.6382
15764,16.6607
15765,16.6878
15766,17.2047
15767,16.1027
15768,18.5139
15769,16.0587
15770,15.8571
15771,16.8271
15772,16.2445
15773,17.6468
15774,15.4859
15775,17.4724
15776,16.1842
15777,16.3470
15778,17.0421
15779,16.2802
15780,16.7288
15781,16.7639
15782,16.4173
15783,16.8090
15784,16.5519
15785,16.8118
15786,16.6524
15787,17.3824
15788,16.1915
15789,17.6501
15790,15.3396
15791,16.7435
15792,17.2714
15793,16.5485
15794,16.1137
15795,16.6786
15796,16.6903
15797,16.6565
15798,16.7113
15799,16.6718
15800,17.6082
15801,15.6592
15802,16.5890
15803,16.6776
15804,16.7656
15805,16.5878
15806,16.7630
15807,16.6049
15808,16.6947
15809,16.6391
15810,17.9106
15811,18.1740
15812,14.2802
15813,17.5492
15814,16.1970
15815,17.0563
15816,18.0510
15817,14.2384
15818,16.5752
15819,16.7539
15820,16.6509
15821,16.5939
15822,17.0792
15823,16.2539
15824,17.8011
15825,17.6215
15826,14.8330
15827,16.3710
15828,16.6345
15829,17.3678
15830,16.6104
15831,16.0123
15832,16.7305
15833,16.7215
15834,16.8001
15835,17.2238
15836,16.3608
15837,16.1398
15838,19.4589
15839,13.9053
15840,20.3532
15841,13.0160
15842,16.6144
15843,16.7943
15844,16.6544
15845,16.6414
15846,16.6836
15847,16.8917
15848,16.7095
15849,16.3582
15850,16.6684
15851,17.7528
15852,15.5048
15853,16.6681
15854,16.7974
15855,16.6450
15856,16.6289
15857,16.5288
15858,17.4743
15859,17.0713
15860,15.9094
15861,17.0619
15862,15.8563
15863,16.6990
15864,16.7087
15865,17.1565
15866,16.1424
15867,16.7401
15868,16.6194
15869,16.7407
15870,16.6281
15871,16.9996
15872,16.8364
15873,16.3571
15874,16.3819
15875,16.7051
15876,16.6329
15877,16.6625
15878,17.2419
15879,16.0797
15880,16.7045
15881,16.6026
15882,17.3600
15883,16.2491
15884,16.4293
15885,16.6222
15886,16.7496
15887,16.6013
15888,16.7445
15889,16.5898
15890,17.6100
15891,16.1283
15892,16.3398
15893,16.6929
15894,16.6737
15895,16.5256
15896,16.7749
15897,16.8840
15898,16.6337
15899,16.3877
15900,16.7494
15901,16.4908
15902,16.7266
15903,16.7304
15904,17.7774
15905,15.6631
15906,16.6026
15907,17.3645
15908,16.8160
15909,16.1785
15910,16.2546
15911,16.5535
15912,16.8011
15913,16.5917
15914,16.7891
15915,17.7726
15916,15.4522
15917,16.6837
15918,16.6830
15919,17.0735
15920,16.7653
15921,16.0603
15922,16.9650
15923,16.4962
15924,16.6054
15925,16.7241
15926,16.6281
15927,16.6911
15928,17.0593
15929,16.3727
15930,16.9839
15931,16.1777
15932,17.3436
15933,16.0802
15934,16.6386
15935,16.7462
15936,16.6596
15937,16.7044
15938,16.6318
15939,16.5495
15940,16.7412
15941,16.6956
15942,16.6165
15943,18.2603
15944,15.0500
15945,16.6935
15946,16.6944
15947,16.5285
15948,16.7429
15949,16.7333
15950,16.6196
15951,16.6467
15952,16.7976
15953,17.3653
15954,15.8859
15955,17.7640
15956,16.6047
15957,15.6216
15958,16.6291
15959,16.5957
15960,16.7302
15961,16.7582
15962,16.6305
15963,16.6261
15964,16.6894
15965,16.7106
15966,16.6184
15967,16.6988
15968,16.6680
15969,16.9238
15970,16.3748
15971,16.6685
15972,16.6865
15973,16.9003
15974,16.4005
15975,16.5942
15976,16.7073
15977,17.0913
15978,17.5477
15979,16.6473
15980,15.4195
15981,16.6116
15982,16.6799
15983,16.8651
15984,16.4224
15985,16.7375
15986,16.7706
15987,16.5790
15988,16.6496
15989,16.6800
15990,16.6712
15991,17.7728
15992,16.1167
15993,16.0768
15994,16.6515
15995,16.6347
15996,16.6678
15997,16.8178
15998,16.5518
15999,16.6936
16000,16.6395
16001,17.0238
16002,16.5927
16003,16.6245
16004,17.0374
16005,15.9944
16006,16.7457
16007,17.7718
16008,15.6134
16009,16.5091
16010,16.7759
16011,16.5690
16012,16.7923
16013,16.5859
16014,16.6392
16015,17.4246
16016,16.3506
16017,16.3847
16018,16.5380
16019,16.5720
16020,16.7813
16021,16.6453
16022,16.6547
16023,16.5851
16024,16.7187
16025,16.6835
16026,16.7389
16027,17.0305
16028,16.5576
16029,16.3318
16030,16.6356
16031,17.1652
16032,16.1927
16033,16.6397
16034,16.7421
16035,16.5721
16036,16.7331
16037,16.7431
16038,16.6880
16039,16.4982
16040,16.7349
16041,16.7322
16042,17.1763
16043,16.9282
16044,15.9003
16045,16.5368
16046,16.7437
16047,16.6856
16048,16.6372
16049,16.6701
16050,17.5506
16051,15.7428
16052,17.6216
16053,15.7184
16054,16.7021
16055,16.7182
16056,16.5644
16057,16.8943
16058,17.8059
16059,17.1738
16060,16.2477
16061,16.0341
16062,17.2757
16063,16.2965
16064,16.4739
16065,18.8420
16066,15.9094
16067,14.3405
16068,16.7463
16069,17.2559
16070,16.1107
16071,16.5937
16072,16.6728
16073,16.6731
16074,16.6389
16075,17.0976
16076,17.1747
16077,15.7411
16078,17.3568
16079,16.1197
16080,16.5212
16081,16.6728
16082,16.6914
16083,16.6318
16084,16.6712
16085,16.6104
16086,16.7359
16087,16.6075
16088,16.7831
16089,16.9926
16090,16.3415
16091,16.6428
16092,16.5261
16093,16.7429
16094,16.5875
16095,17.2777
16096,16.1649
16097,16.6065
16098,16.7241
16099,16.6369
16100,17.1663
16101,16.1789
16102,16.6167
16103,16.6698
16104,16.8897
16105,16.4921
16106,16.6023
16107,16.6697
16108,17.4319
16109,15.8607
16110,18.9443
16111,15.1252
16112,17.0070
16113,15.6946
16114,16.6175
16115,16.9400
16116,16.3994
16117,16.6432
16118,16.6782
16119,16.7260
16120,16.7096
16121,16.6021
16122,17.4185
16123,16.3974
16124,16.8006
16125,16.3390
16126,16.4256
16127,16.6490
16128,16.7369
16129,16.5711
16130,16.7058
16131,16.6156
16132,16.6752
16133,16.6719
16134,16.7679
16135,16.5382
16136,16.6689
16137,16.9885
16138,16.3761
16139,16.8578
16140,16.9098
16141,16.1620
16142,16.7051
16143,16.6849
16144,16.6390
16145,16.7135
16146,16.5783
16147,16.6149
16148,17.2226
16149,16.1963
16150,16.6932
16151,16.6368
16152,16.7615
16153,16.6557
16154,17.1854
16155,16.6821
16156,16.1025
16157,16.6747
16158,16.6655
16159,18.1446
16160,15.6860
16161,17.6261
16162,15.1921
16163,16.6788
16164,16.5943
16165,16.8180
16166,16.9942
16167,16.1172
16168,16.7033
16169,16.8262
16170,16.9808
16171,16.2366
16172,17.1767
16173,16.2723
16174,16.8742
16175,16.3662
16176,16.5820
16177,16.8007
16178,16.9511
16179,16.3493
16180,16.6885
16181,16.6962
16182,16.5988
16183,16.7646
16184,16.5064
16185,16.8130
16186,16.6037
16187,16.6604
16188,16.6390
16189,16.6878
16190,16.8255
16191,16.6175
16192,17.4807
16193,15.7079
16194,17.0141
16195,16.3880
16196,16.5785
16197,16.7611
16198,16.6678
16199,16.5604
16200,16.7880
16201,16.5474
16202,16.6959
16203,16.6906
16204,16.7094
16205,16.7167
16206,16.4715
16207,16.7380
16208,16.6427
16209,16.6290
16210,16.7601
16211,16.6836
16212,16.5766
16213,16.7352
16214,16.7134
16215,16.6045
16216,16.7560
16217,16.5549
16218,16.6530
16219,16.6677
16220,17.0219
16221,16.6278
16222,16.3591
16223,16.6256
16224,16.6594
16225,16.6556
16226,16.9165
16227,16.3355
16228,16.7756
16229,16.6277
16230,16.6612
16231,16.7021
16232,16.6681
16233,17.4773
16234,16.2194
16235,16.7386
16236,16.4067
16237,16.4913
16238,16.6666
16239,16.6731
16240,16.6997
16241,16.6505
16242,17.1775
16243,16.1379
16244,16.6507
16245,16.6712
16246,16.6950
16247,16.6401
16248,16.6508
16249,17.2666
16250,16.0776
16251,16.6634
16252,17.2674
16253,16.0684
16254,16.5468
16255,16.6816
16256,16.8584
16257,16.5014
16258,16.9398
16259,16.3858
16260,16.7447
16261,16.7058
16262,16.7404
16263,17.1899
16264,16.4183
16265,16.2110
16266,16.8687
16267,16.5362
16268,16.5764
16269,16.7394
16270,16.6980
16271,16.5610
16272,16.8712
16273,16.5083
16274,16.9002
16275,16.5236
16276,17.0222
16277,16.2996
16278,16.6413
16279,17.2312
16280,16.0793
16281,16.6716
16282,16.6645
16283,16.6627
16284,16.6196
16285,16.7239
16286,16.5537
16287,17.0703
16288,16.3406
16289,16.6561
16290,17.2233
16291,16.1667
16292,18.5371
16293,14.7288
16294,16.7861
16295,16.6094
16296,16.6433
16297,16.5933
16298,16.7259
16299,16.6014
16300,16.9178
16301,16.6399
16302,16.6517
16303,16.4853
16304,16.8670
16305,16.5917
16306,17.5023
16307,16.3070
16308,16.0318
16309,16.7292
16310,16.5803
16311,16.7516
16312,16.6684
16313,16.6487
16314,16.6972
16315,16.6470
16316,16.7703
16317,16.6814
16318,16.6282
16319,17.6832
16320,16.3722
16321,15.9717
16322,16.7438
16323,16.5003
16324,16.6771
16325,16.6753
16326,16.6106
16327,16.8022
16328,16.5099
16329,16.6956
16330,16.7658
16331,16.6874
16332,16.6054
16333,16.9439
16334,16.4245
16335,16.6517
16336,16.5922
16337,16.7014
16338,16.7135
16339,16.6743
16340,16.9471
16341,16.2943
16342,16.7877
16343,16.6656
16344,16.7213
16345,16.6700
16346,16.8065
16347,16.3521
16348,17.2402
16349,16.0295
16350,16.7277
16351,16.6028
16352,16.7297
16353,16.6982
16354,16.7136
16355,16.5141
16356,16.7280
16357,16.6890
16358,16.6411
16359,16.8212
16360,16.6380
16361,16.5612
16362,17.1293
16363,17.0500
16364,15.7875
16365,16.6694
16366,16.6395
16367,16.6864
16368,16.6934
16369,16.7651
16370,16.7907
16371,16.4457
16372,16.6992
16373,16.6560
16374,16.6711
16375,16.8477
16376,16.6574
16377,17.7416
16378,15.9225
16379,16.5656
16380,16.1802
16381,16.6600
16382,16.7522
16383,16.5899
16384,16.6691
16385,16.7819
16386,16.7213
16387,16.4868
16388,16.8089
16389,16.6669
16390,16.5040
16391,16.8452
16392,16.5049
16393,16.7140
16394,16.5721
16395,16.7249
16396,16.6391
16397,16.8173
16398,16.5627
16399,16.7413
16400,16.6357
16401,16.6857
16402,16.7395
16403,16.5500
16404,16.6798
16405,16.6652
16406,16.6746
16407,16.6342
16408,16.7512
16409,16.8719
16410,16.8100
16411,16.8882
16412,15.9876
16413,16.7619
16414,16.5272
16415,16.8323
16416,17.8870
16417,15.4474
16418,16.7077
16419,16.8974
16420,16.2507
16421,16.7500
16422,16.5688
16423,16.7068
16424,16.8383
16425,16.5184
16426,16.6465
16427,16.6504
16428,17.6057
16429,15.8574
16430,16.5644
16431,16.6747
16432,16.6120
16433,16.7280
16434,16.5704
16435,16.6398
16436,16.8467
16437,16.5539
16438,16.7099
16439,16.6573
16440,16.7831
16441,16.5450
16442,16.6157
16443,16.6649
16444,16.6508
16445,16.6909
16446,16.7316
16447,16.6142
16448,16.7409
16449,16.6213
16450,16.6699
16451,16.6808
16452,16.8695
16453,16.4223
16454,16.7690
16455,16.5160
16456,17.3795
16457,16.5543
16458,19.0366
16459,13.8133
16460,16.6090
16461,17.0693
16462,16.2816
16463,16.8843
16464,16.5878
16465,16.6823
16466,16.5463
16467,16.6647
16468,17.2879
16469,16.8883
16470,16.2890
16471,16.1148
16472,16.8765
16473,16.4787
16474,16.6433
16475,16.7273
16476,16.7687
16477,16.5527
16478,16.7405
16479,16.8072
16480,16.3688
16481,17.6528
16482,15.6241
16483,16.8550
16484,17.1328
16485,16.1012
16486,17.0641
16487,17.5929
16488,15.4155
16489,16.5906
16490,17.6623
16491,15.6444
16492,16.7178
16493,18.3274
16494,16.1346
16495,17.2800
16496,15.9262
16497,15.6094
16498,16.6847
16499,17.0464
16500,16.2812
16501,16.6755
16502,16.8864
16503,16.5199
16504,16.7680
16505,16.6354
16506,16.7082
16507,17.0048
16508,16.2033
16509,16.6289
16510,16.6933
16511,16.7154
16512,16.5865
16513,16.6834
16514,16.6445
16515,16.6757
16516,16.7252
16517,16.8032
16518,16.5850
16519,16.6876
16520,17.5122
16521,17.2859
16522,15.1522
16523,16.6596
16524,16.6491
16525,17.9039
16526,15.4591
16527,17.1728
16528,16.1013
16529,16.7103
16530,17.6433
16531,16.3391
16532,16.6160
16533,16.7278
16534,15.9674
16535,19.5242
16536,13.7585
16537,16.7648
16538,17.2640
16539,16.0232
16540,16.5403
16541,16.7938
16542,16.7032
16543,16.6033
16544,16.6568
16545,16.7587
16546,16.5233
16547,16.8894
16548,16.7184
16549,16.4715
16550,16.6939
16551,16.6829
16552,16.5088
16553,16.7032
16554,16.6874
16555,16.7673
16556,16.5318
16557,16.7240
16558,17.9947
16559,15.3109
16560,17.6039
16561,16.2701
16562,16.3661
16563,17.3398
16564,15.6884
16565,17.4966
16566,15.9669
16567,16.6213
16568,16.7485
16569,16.6055
16570,16.7256
16571,16.6187
16572,17.3451
16573,15.9856
16574,16.7183
16575,16.5555
16576,16.7440
16577,16.6051
16578,16.6439
16579,17.0066
16580,16.6981
16581,16.3149
16582,16.7408
16583,17.6317
16584,16.7223
16585,16.0447
16586,16.1063
16587,16.8403
16588,16.5912
16589,16.6124
16590,16.7009
16591,16.9082
16592,16.3741
16593,16.6275
16594,16.7543
16595,17.4841
16596,16.3799
16597,16.8136
16598,15.8711
16599,16.7877
16600,16.6286
16601,16.6161
16602,16.7278
16603,17.2339
16604,16.1608
16605,16.9324
16606,17.7779
16607,17.5004
16608,14.4848
16609,16.6610
16610,16.6498
16611,17.1133
16612,16.2183
16613,16.6824
16614,16.5746
16615,16.7747
16616,16.6264
16617,16.5868
16618,16.8058
16619,17.4700
16620,15.9256
16621,16.5146
16622,16.6700
16623,16.6760
16624,16.6222
16625,16.6569
16626,16.7177
16627,16.6312
16628,16.7326
16629,16.5840
16630,16.7263
16631,16.5535
16632,16.7035
16633,18.6590
16634,14.7915
16635,16.6404
16636,16.6819
16637,16.6863
16638,16.5243
16639,16.7050
16640,16.6262
16641,17.2981
16642,17.5069
16643,15.1743
16644,16.7876
16645,17.0554
16646,16.1665
16647,16.7108
16648,16.7385
16649,16.6791
16650,16.4445
16651,17.2154
16652,16.1857
16653,16.6214
16654,16.7985
16655,16.6222
16656,16.6878
16657,16.6143
16658,16.6278
16659,16.7654
16660,16.6537
16661,16.6195
16662,16.7673
16663,16.5694
16664,16.7161
16665,16.6212
16666,16.7209
16667,16.6387
16668,16.6627
16669,16.7026
16670,16.6193
16671,16.5983
16672,17.7069
16673,16.3084
16674,16.0704
16675,16.6989
16676,16.6116
16677,16.5732
16678,16.8743
16679,16.5697
16680,16.6597
16681,16.7897
16682,16.5725
16683,16.7957
16684,16.9985
16685,16.1578
16686,16.6727
16687,16.6673
16688,16.6949
16689,16.5923
16690,16.8066
16691,16.5704
16692,16.6416
16693,16.6864
16694,16.6992
16695,16.6369
16696,16.8915
16697,16.3995
16698,16.8801
16699,17.6642
16700,15.5777
16701,16.5263
16702,16.6650
16703,16.6835
16704,16.7503
16705,16.6983
16706,16.5178
16707,16.6625
16708,16.7128
16709,16.6541
16710,16.6134
16711,16.9354
16712,16.7214
16713,17.4878
16714,16.3536
16715,16.5648
16716,15.9519
16717,16.6687
16718,16.7058
16719,16.5693
16720,16.7783
16721,16.6601
16722,16.6224
16723,17.2921
16724,16.0302
16725,17.1889
16726,16.1128
16727,16.7224
16728,16.7896
16729,16.6467
16730,16.5403
16731,16.7459
16732,16.7165
16733,16.6299
16734,16.6167
16735,16.7484
16736,16.6056
16737,17.0989
16738,17.3250
16739,15.9163
16740,16.7603
16741,16.3422
16742,16.4773
16743,17.8720
16744,15.5359
16745,16.6254
16746,16.6483
16747,16.7680
16748,16.5070
16749,16.7199
16750,16.7039
16751,16.7107
16752,16.6322
16753,16.8631
16754,16.6024
16755,16.5358
16756,17.5972
16757,15.6592
16758,16.8536
16759,16.5767
16760,16.6067
16761,16.7650
16762,16.6306
16763,17.3159
16764,16.0099
16765,16.6164
16766,16.6267
16767,16.7322
16768,16.8521
16769,16.4220
16770,17.5221
16771,15.8686
16772,16.6612
16773,16.8103
16774,16.5715
16775,16.6896
16776,16.8445
16777,16.5142
16778,16.6143
16779,16.5729
16780,16.7890
16781,16.7865
16782,17.2634
16783,15.8572
16784,16.6165
16785,17.2402
16786,16.1236
16787,16.7509
16788,17.2143
16789,16.2837
16790,16.4025
16791,16.7392
16792,16.6422
16793,16.6084
16794,17.8829
16795,16.8915
16796,15.3107
16797,16.8699
16798,16.3710
16799,17.1157
16800,16.2836
16801,16.6206
16802,16.7263
16803,16.6072
16804,16.6983
16805,16.7156
16806,16.8075
16807,16.4756
16808,16.6890
16809,16.6655
16810,16.6946
16811,16.6352
16812,16.6201
16813,16.7347
16814,16.6322
16815,16.6557
16816,18.6472
16817,14.6796
16818,17.0423
16819,17.6612
16820,16.0096
16821,16.0008
16822,16.6027
16823,16.6912
16824,16.6268
16825,16.7839
16826,17.3031
16827,16.9926
16828,15.6834
16829,16.5631
16830,16.7015
16831,16.7446
16832,17.2864
16833,16.2600
16834,18.0506
16835,16.0783
16836,16.2793
16837,16.0415
16838,16.5618
16839,16.7089
16840,16.7048
16841,16.5761
16842,16.7647
16843,18.8960
16844,14.7784
16845,16.2257
16846,16.7549
16847,16.5759
16848,16.7843
16849,16.5330
16850,16.6545
16851,16.7258
16852,16.7595
16853,16.5953
16854,16.6647
16855,16.6241
16856,16.6399
16857,16.6800
16858,19.7016
16859,13.6291
16860,16.7416
16861,16.5994
16862,16.6457
16863,16.7145
16864,16.6127
16865,16.6227
16866,16.9706
16867,17.7420
16868,15.4264
16869,17.1672
16870,16.3390
16871,17.3636
16872,15.7079
16873,16.6612
16874,16.8341
16875,16.6269
16876,16.5109
16877,17.1450
16878,16.2508
16879,16.8200
16880,16.5338
16881,16.8146
16882,16.4315
16883,16.7893
16884,16.6358
16885,16.7474
16886,16.5302
16887,17.0626
16888,16.2257
16889,16.7176
16890,16.9446
16891,17.4957
16892,15.6071
16893,16.5428
16894,16.8768
16895,16.4980
16896,16.6552
16897,16.6800
16898,16.6527
16899,16.6345
16900,16.6891
16901,17.0875
16902,16.3162
16903,16.5360
16904,16.7422
16905,16.6951
16906,16.6367
16907,16.6588
16908,16.7325
16909,17.6955
16910,16.1421
16911,15.9806
16912,17.2020
16913,16.3113
16914,16.5889
16915,16.6087
16916,16.7341
16917,16.7271
16918,16.6285
16919,16.6564
16920,16.8496
16921,16.5212
16922,16.6864
16923,17.0391
16924,16.2701
16925,16.5917
16926,16.8010
16927,16.5851
16928,16.6241
16929,16.6293
16930,16.9610
16931,16.5152
16932,16.5377
16933,16.6374
16934,16.8600
16935,16.6018
16936,16.6090
16937,17.4554
16938,16.0937
16939,16.4938
16940,16.6241
16941,16.6112
16942,16.7344
16943,16.6791
16944,16.6009
16945,16.7890
16946,16.5125
16947,17.3256
16948,16.1509
16949,16.9087
16950,17.3700
16951,15.9811
16952,16.3571
16953,16.6151
16954,16.7107
16955,16.8009
16956,16.5637
16957,16.6177
16958,16.6459
16959,16.7477
16960,16.6017
16961,16.8616
16962,16.5856
16963,22.3322
16964,12.6936
16965,14.8454
16966,16.6303
16967,16.7244
16968,16.6390
16969,16.6101
16970,16.6438
16971,16.7376
16972,16.7339
16973,16.6745
16974,16.7065
16975,16.6317
16976,16.5008
16977,16.8436
16978,17.1954
16979,16.0911
16980,16.8703
16981,16.5211
16982,16.6059
16983,16.7541
16984,16.6292
16985,16.6777
16986,17.1417
16987,16.7654
16988,15.9962
16989,16.5679
16990,16.7303
16991,16.6717
16992,16.6590
16993,16.7375
16994,16.6046
16995,16.6356
16996,16.6381
16997,16.7941
16998,17.6469
16999,15.5917
17000,16.6622
17001,17.2177
17002,16.1833
17003,17.5258
17004,15.7729
17005,16.6875
17006,16.6256
17007,16.8319
17008,16.5982
17009,16.7557
17010,16.5862
17011,16.8432
17012,16.3307
17013,16.7724
17014,16.6857
17015,16.5965
17016,16.8082
17017,16.4746
17018,16.7709
17019,16.5826
17020,16.7058
17021,16.5913
17022,16.7520
17023,16.7372
17024,16.8540
17025,16.3525
17026,17.0997
17027,16.2588
17028,17.4133
17029,16.2211
17030,16.2859
17031,16.6978
17032,16.7263
17033,16.6492
17034,16.6742
17035,16.6392
17036,16.6307
17037,17.6672
17038,15.7717
17039,16.6059
17040,17.1008
17041,16.2356
17042,16.5955
17043,16.6977
17044,16.9464
17045,16.3851
17046,17.4152
17047,16.0792
17048,16.6265
17049,16.5646
17050,17.5164
17051,16.0131
17052,16.4411
17053,16.9991
17054,16.6359
17055,16.3758
17056,16.7374
17057,16.5714
17058,16.7984
17059,16.6152
17060,16.5408
17061,16.7484
17062,16.7498
17063,16.5915
17064,16.6901
17065,16.6516
17066,16.7198
17067,16.6244
17068,16.6958
17069,16.6741
17070,16.6521
17071,16.6503
17072,16.5991
17073,16.7121
17074,16.7014
17075,16.7793
17076,16.7517
17077,16.5536
17078,16.6586
17079,16.6415
17080,16.6359
17081,16.6218
17082,16.9120
17083,16.4338
17084,17.6830
17085,15.5655
17086,16.8481
17087,16.5902
17088,16.6707
17089,16.5594
17090,16.6504
17091,16.7422
17092,16.6974
17093,16.6570
17094,16.6040
17095,16.8467
17096,16.6270
17097,16.5768
17098,16.7123
17099,16.6565
17100,16.5648
17101,16.7449
17102,16.6104
17103,16.6185
17104,16.7478
17105,16.7252
17106,16.7534
17107,17.6404
17108,15.9095
17109,16.8169
17110,16.0416
17111,16.6540
17112,16.7662
17113,16.6853
17114,16.6524
17115,16.6733
17116,16.6717
17117,16.5743
17118,16.8848
17119,16.5412
17120,16.6075
17121,16.6762
17122,16.6262
17123,16.7637
17124,16.6402
17125,16.6994
17126,16.6492
17127,16.6237
17128,16.7198
17129,16.7656
17130,16.5412
17131,17.7287
17132,15.8375
17133,16.3976
17134,16.6911
17135,16.6727
17136,16.6675
17137,16.7782
17138,16.5570
17139,16.7836
17140,16.5471
17141,16.6689
17142,16.6116
17143,16.7083
17144,16.6624
17145,16.7017
17146,16.5685
17147,16.9426
17148,16.9922
17149,16.1363
17150,17.6823
17151,17.3956
17152,14.9257
17153,16.7279
17154,16.7674
17155,16.5570
17156,16.5446
17157,17.3141
17158,16.1063
17159,16.9662
17160,16.2819
17161,16.7499
17162,16.6908
17163,17.2927
17164,15.9869
17165,16.6910
17166,16.5500
17167,16.7861
17168,16.5701
17169,16.7363
17170,16.7410
17171,16.5929
17172,16.6538
17173,16.6531
17174,16.6251
17175,16.7574
17176,16.9530
17177,16.2897
17178,16.7331
17179,16.8047
17180,16.5933
17181,16.6301
17182,16.7206
17183,16.6433
17184,16.6302
17185,16.9143
17186,16.5218
17187,16.5210
17188,16.7355
17189,16.6081
17190,17.7424
17191,15.5669
17192,16.7450
17193,16.6733
17194,16.8037
17195,16.5009
17196,16.6577
17197,16.6261
17198,17.0492
17199,16.3026
17200,16.9323
17201,16.5210
17202,16.5604
17203,17.0675
17204,16.5451
17205,16.3906
17206,16.7503
17207,16.5109
17208,16.7879
17209,16.6309
17210,16.9363
17211,16.3341
17212,16.6043
17213,16.6981
17214,16.6927
17215,16.9146
17216,16.4702
17217,17.2873
17218,16.5327
17219,16.1086
17220,16.7721
17221,16.6903
17222,16.6168
17223,16.5223
17224,16.7154
17225,16.8828
17226,16.5654
17227,16.5229
17228,17.1271
17229,16.8300
17230,16.0588
17231,16.6091
17232,16.7422
17233,16.6859
17234,17.2149
17235,16.1332
17236,16.5650
17237,16.7354
17238,16.7538
17239,16.5551
17240,16.7277
17241,17.1669
17242,16.2709
17243,16.5592
17244,16.6429
17245,16.6604
17246,16.7409
17247,16.5423
17248,16.6697
17249,16.7280
17250,16.6843
17251,17.6106
17252,16.4941
17253,15.9330
17254,17.4014
17255,15.7977
17256,16.7678
17257,16.6109
17258,16.5843
17259,16.9120
17260,16.4856
17261,16.8383
17262,16.5009
17263,16.7004
17264,16.7403
17265,16.9103
17266,16.9657
17267,16.4891
17268,16.2442
17269,16.6675
17270,16.5778
17271,16.7421
17272,16.6971
17273,16.5911
17274,16.6181
17275,16.7326
17276,16.6473
17277,16.6235
17278,16.7202
17279,17.3879
17280,15.8952
17281,16.7561
17282,16.5356
17283,16.7376
17284,16.6282
17285,16.6890
17286,16.7415
17287,16.6595
17288,16.7044
17289,16.5407
17290,16.7183
17291,16.7648
17292,16.6908
17293,16.5988
17294,16.6889
17295,17.6961
17296,17.3870
17297,14.7888
17298,16.7138
17299,16.7109
17300,16.5351
17301,16.6560
17302,16.7128
17303,16.6822
17304,16.7201
17305,16.6089
17306,16.7727
17307,16.4896
17308,18.0654
17309,16.4092
17310,15.5954
17311,16.7268
17312,16.5370
17313,16.7123
17314,16.7096
17315,16.6533
17316,16.6998
17317,16.7984
17318,16.4850
17319,17.2921
17320,16.0211
17321,16.7697
17322,17.5881
17323,15.6467
17324,17.1593
17325,16.2206
17326,16.6206
17327,16.6891
17328,16.6790
17329,16.6365
17330,16.6795
17331,16.6223
17332,16.6874
17333,16.7378
17334,16.8215
17335,16.8808
17336,16.2935
17337,16.5693
17338,16.7309
17339,16.6995
17340,16.6294
17341,16.6837
17342,16.6830
17343,16.6259
17344,16.7408
17345,16.7904
17346,16.4805
17347,17.4216
17348,16.4054
17349,17.0550
17350,16.7800
17351,15.6699
17352,16.6988
17353,16.5312
17354,16.7270
17355,16.7194
17356,16.6483
17357,16.7483
17358,16.5268
17359,16.9199
17360,16.4873
17361,16.7111
17362,16.7855
17363,16.4908
17364,16.6486
17365,16.7042
17366,16.6746
17367,16.6621
17368,16.5526
17369,16.8209
17370,16.5977
17371,17.4444
17372,16.1440
17373,16.7648
17374,16.1943
17375,16.8184
17376,16.6350
17377,16.5646
17378,16.6620
17379,16.7249
17380,16.8257
17381,16.4862
17382,18.5255
17383,14.8250
17384,17.3282
17385,16.0042
17386,16.7108
17387,16.8320
17388,16.5710
17389,16.6538
17390,16.5533
17391,16.5795
17392,16.8126
17393,16.6100
17394,17.0379
17395,16.2896
17396,16.8360
17397,16.6366
17398,16.6841
17399,16.6048
17400,19.0403
17401,14.3250
17402,16.7193
17403,16.4208
17404,16.7922
17405,16.6450
17406,16.6356
17407,16.7544
17408,16.5943
17409,16.6842
17410,16.6175
17411,16.8780
17412,16.4538
17413,16.7093
17414,17.9295
17415,15.3643
17416,16.6275
17417,16.6574
17418,16.7114
17419,16.6701
17420,17.1770
17421,16.1267
17422,16.8303
17423,16.5304
17424,16.8535
17425,16.8126
17426,16.3418
17427,16.5856
17428,16.7702
17429,16.6953
17430,16.6590
17431,16.5893
17432,16.6982
17433,17.0741
17434,17.8784
17435,15.3312
17436,16.3150
17437,17.5327
17438,15.8298
17439,16.7150
17440,16.5805
17441,16.9897
17442,16.4284
17443,16.6947
17444,17.2716
17445,16.8007
17446,16.0619
17447,16.4011
17448,16.8267
17449,16.5742
17450,16.6960
17451,16.7118
17452,16.5529
17453,16.7516
17454,16.6321
17455,16.6108
17456,16.7214
17457,17.2657
17458,16.9947
17459,16.4757
17460,16.2024
17461,16.3114
17462,16.7298
17463,17.0154
17464,16.3378
17465,16.6712
17466,16.7205
17467,16.5930
17468,16.6933
17469,16.5609
17470,16.6869
17471,17.3797
17472,16.0113
17473,16.6798
17474,16.6103
17475,16.8150
17476,16.5589
17477,16.6948
17478,16.7001
17479,16.6137
17480,16.6443
17481,17.3013
17482,16.3919
17483,16.7339
17484,16.2274
17485,16.7423
17486,16.5001
17487,16.6783
17488,16.8633
17489,17.3701
17490,16.0143
17491,16.8365
17492,16.3765
17493,16.9986
17494,16.6984
17495,16.2203
17496,16.7085
17497,16.6709
17498,16.6380
17499,16.6949
17500,16.6715
17501,16.6703
17502,16.8711
17503,16.4986
17504,16.5787
17505,16.9962
17506,16.5219
17507,16.5052
17508,16.6451
17509,16.7142
17510,16.7011
17511,16.5102
17512,16.9567
17513,16.4137
17514,16.7617
17515,16.6320
17516,17.1253
17517,16.6288
17518,16.6275
17519,17.5781
17520,15.4542
17521,16.6251
17522,16.7780
17523,16.7035
17524,16.4837
17525,16.6014
17526,16.7563
17527,16.6565
17528,16.6010
17529,17.3158
17530,16.5841
17531,16.1046
17532,16.9376
17533,16.4722
17534,16.6348
17535,16.7167
17536,16.7376
17537,16.8789
17538,16.6447
17539,16.3882
17540,17.5492
17541,16.6155
17542,16.1532
17543,16.2678
17544,16.7415
17545,16.6803
17546,16.5549
17547,16.7780
17548,16.6234
17549,16.7026
17550,16.6315
17551,16.6957
17552,16.7659
17553,16.8491
17554,16.8340
17555,16.2255
17556,16.6914
17557,16.8088
17558,16.5185
17559,16.6094
17560,16.6170
17561,16.7457
17562,16.6333
17563,16.8806
17564,17.0583
17565,16.9114
17566,16.2557
17567,17.5669
17568,15.2406
17569,16.8045
17570,16.5627
17571,16.6689
17572,16.7522
17573,16.7165
17574,16.5695
17575,16.8977
17576,16.4910
17577,16.9516
17578,16.3953
17579,17.6766
17580,15.7212
17581,16.8894
17582,18.5541
17583,18.4435
17584,13.9612
17585,17.0267
17586,15.1158
17587,16.9912
17588,16.1976
17589,16.6994
17590,16.7483
17591,16.5796
17592,16.7172
17593,16.7796
17594,16.6147
17595,16.8054
17596,17.2310
17597,15.8905
17598,16.6653
17599,17.2050
17600,16.1619
17601,16.6779
17602,16.5567
17603,16.7566
17604,16.6903
17605,16.6902
17606,16.6266
17607,16.6187
17608,17.0041
17609,16.5219
17610,17.5875
17611,17.4446
17612,14.9128
17613,16.5437
17614,16.6343
17615,16.7007
17616,16.5567
17617,16.7235
17618,16.5730
17619,16.6418
17620,16.7753
17621,16.9428
17622,16.5625
17623,16.5749
17624,17.7508
17625,16.7311
17626,16.0069
17627,17.6007
17628,15.1546
17629,16.6540
17630,16.6311
17631,16.7106
17632,16.6335
17633,16.8463
17634,16.5261
17635,16.8329
17636,17.4963
17637,16.9398
17638,15.4224
17639,17.3388
17640,16.5305
17641,16.0985
17642,16.6172
17643,16.6894
17644,16.6277
17645,16.7407
17646,16.6269
17647,16.6462
17648,16.6384
17649,17.1523
17650,17.2000
17651,15.7050
17652,17.2195
17653,16.1129
17654,16.6633
17655,16.6971
17656,16.6551
17657,16.7325
17658,16.6360
17659,16.7243
17660,16.5337
17661,17.4594
17662,16.2616
17663,16.3319
17664,16.5685
17665,16.7850
17666,16.5195
17667,16.9964
17668,16.4299
17669,16.9983
17670,16.6441
17671,16.3120
17672,16.6832
17673,16.7411
17674,16.6582
17675,16.5969
17676,16.9191
17677,16.3541
17678,16.9029
17679,16.6937
17680,16.4805
17681,16.7195
17682,16.7616
17683,16.5797
17684,17.2495
17685,16.6779
17686,16.3007
17687,16.3857
17688,16.6276
17689,16.6746
17690,16.6356
17691,16.7421
17692,16.5812
17693,16.6745
17694,17.0787
17695,16.2817
17696,16.6690
17697,16.7557
17698,16.6922
17699,16.6051
17700,16.6784
17701,16.6295
17702,16.6906
17703,16.5587
17704,16.6999
17705,16.7533
17706,16.6787
17707,17.0124
17708,16.7251
17709,16.2267
17710,16.6699
17711,16.5902
17712,16.7169
17713,16.7109
17714,16.5565
17715,16.6832
17716,16.7862
17717,16.5080
17718,16.7769
17719,16.6924
17720,16.6586
17721,16.9868
17722,16.2065
17723,17.2361
17724,16.1088
17725,16.7786
17726,16.5737
17727,16.7152
17728,16.6383
17729,16.7064
17730,16.6271
17731,16.7186
17732,18.0357
17733,16.5406
17734,15.4175
17735,17.7333
17736,15.5396
17737,17.3531
17738,16.0147
17739,16.6541
17740,16.7404
17741,16.6667
17742,16.5181
17743,16.7597
17744,16.6459
17745,16.6482
17746,16.8415
17747,16.4933
17748,16.6752
17749,16.6969
17750,16.5637
17751,16.7533
17752,17.0249
17753,16.3204
17754,16.6296
17755,16.8149
17756,18.2359
17757,15.4042
17758,16.7497
17759,16.7374
17760,16.1574
17761,16.9483
17762,16.2765
17763,16.7031
17764,16.6691
17765,16.7654
17766,16.5462
17767,16.9115
17768,16.4013
17769,16.7594
17770,17.0573
17771,16.2858
17772,16.5730
17773,16.6584
17774,16.6655
17775,17.2277
17776,17.2867
17777,15.5234
17778,17.2430
17779,16.0765
17780,17.4771
17781,15.8477
17782,17.1157
17783,16.1451
17784,16.7298
17785,16.6380
17786,16.7253
17787,17.2877
17788,16.0079
17789,16.7338
17790,16.7421
17791,16.4570
17792,16.8364
17793,16.9455
17794,16.8100
17795,16.0866
17796,16.6819
17797,16.6951
17798,16.6586
17799,16.6625
17800,16.5959
17801,16.8503
17802,16.4941
17803,16.7845
17804,17.7554
17805,15.8650
17806,17.6254
17807,15.2955
17808,16.7088
17809,16.9307
17810,16.3312
17811,16.7773
17812,16.6732
17813,16.6527
17814,16.6339
17815,16.7406
17816,16.6412
17817,16.6587
17818,17.2284
17819,16.2475
17820,16.7847
17821,16.3313
17822,16.6796
17823,16.7413
17824,16.6947
17825,16.5993
17826,16.6973
17827,16.6544
17828,16.6600
17829,16.6975
17830,16.5891
17831,16.6784
17832,16.7186
17833,16.6999
17834,16.6582
17835,16.5873
17836,16.9228
17837,16.4303
17838,16.6915
17839,16.6424
17840,16.6269
17841,16.7423
17842,17.5066
17843,15.7786
17844,16.6475
17845,16.6698
17846,16.6392
17847,16.7361
17848,16.6642
17849,17.6638
17850,16.0856
17851,16.2234
17852,16.7750
17853,16.5123
17854,17.3005
17855,16.0788
17856,16.6397
17857,16.6561
17858,16.6682
17859,16.6453
17860,16.7858
17861,16.7480
17862,16.4838
17863,16.7042
17864,16.6400
17865,16.6599
17866,16.6862
17867,18.2684
17868,14.9966
17869,16.7424
17870,16.6576
17871,16.6875
17872,16.6623
17873,18.0341
17874,16.0937
17875,15.8320
17876,16.6289
17877,16.7199
17878,16.6371
17879,18.1260
17880,15.2901
17881,16.6329
17882,17.0638
17883,16.3436
17884,16.7011
17885,16.9547
17886,16.2559
17887,16.7243
17888,16.7287
17889,16.5308
17890,16.6620
17891,16.7028
17892,16.8085
17893,16.5376
17894,16.5837
17895,16.9185
17896,16.4694
17897,16.7771
17898,16.6510
17899,16.7970
17900,16.9546
17901,16.4554
17902,16.3282
17903,16.7728
17904,16.5635
17905,16.7362
17906,16.6602
17907,16.6267
17908,16.6489
17909,17.3879
17910,15.9754
17911,16.6571
17912,17.2789
17913,16.6457
17914,16.0871
17915,16.5485
17916,28.2405
17917,7.2081
17918,15.0240
17919,16.3402
17920,16.6270
17921,16.8522
17922,16.7754
17923,16.4235
17924,17.1343
17925,17.5745
17926,16.6775
17927,15.6775
17928,16.3978
17929,16.4950
17930,16.6916
17931,16.8027
17932,16.4431
17933,16.8833
17934,16.6046
17935,16.6157
17936,16.7538
17937,16.6337
17938,16.6198
17939,17.4300
17940,15.7389
17941,16.6661
17942,16.7815
17943,16.6607
17944,16.6203
17945,16.6529
17946,16.6759
17947,16.7689
17948,16.5074
17949,16.9498
17950,16.5688
17951,16.6599
17952,16.4745
17953,16.7235
17954,17.7694
17955,15.5033
17956,16.6944
17957,16.6757
17958,16.8088
17959,16.5819
17960,16.6944
17961,16.6911
17962,16.8081
17963,16.5425
17964,16.6496
17965,16.6996
17966,16.6152
17967,16.4926
17968,17.3049
17969,16.5836
17970,16.2200
17971,16.6299
17972,16.5821
17973,16.7580
17974,17.0776
17975,16.2728
17976,16.6313
17977,16.7024
17978,16.7177
17979,16.5948
17980,16.7094
17981,16.6714
17982,16.9335
17983,16.3575
17984,16.8011
17985,16.4891
17986,16.6519
17987,16.7901
17988,16.6264
17989,16.7977
17990,16.4343
17991,16.7585
17992,16.7207
17993,16.7117
17994,16.6118
17995,17.3425
17996,16.3631
17997,16.8696
17998,16.0380
17999,16.7525
18000,16.5153
18001,16.6724
18002,16.7026
18003,16.6255
18004,16.6340
18005,16.7272
18006,16.6652
18007,16.6750
18008,16.5913
18009,16.8264
18010,16.6104
18011,16.6971
18012,16.6377
18013,16.5984
18014,16.7054
18015,16.6666
18016,16.5925
18017,16.7373
18018,16.8174
18019,16.6680
18020,17.3612
18021,16.9194
18022,15.6286
18023,17.4526
18024,15.7741
18025,16.7221
18026,16.6768
18027,16.5910
18028,16.6509
18029,16.7213
18030,16.7111
18031,16.6578
18032,16.6666
18033,16.7337
18034,17.4747
18035,16.7092
18036,15.7066
18037,17.0166
18038,16.3650
18039,16.6489
18040,16.6181
18041,16.8171
18042,16.5829
18043,16.6892
18044,16.6558
18045,17.2635
18046,16.7245
18047,16.2688
18048,16.3722
18049,16.6443
18050,16.7968
18051,16.5670
18052,16.7093
18053,16.8514
18054,17.6100
18055,16.3068
18056,18.2024
18057,15.4491
18058,15.6390
18059,16.5303
18060,16.7150
18061,16.6148
18062,16.6648
18063,16.7272
18064,16.7656
18065,16.6266
18066,20.7497
18067,18.6018
18068,10.7546
18069,17.3416
18070,15.8435
18071,16.5494
18072,16.8381
18073,16.6230
18074,16.6291
18075,16.6794
18076,16.6184
18077,16.7131
18078,16.6740
18079,16.6272
18080,17.0536
18081,16.2414
18082,16.7334
18083,16.6525
18084,16.6368
18085,16.7785
18086,16.5130
18087,16.7002
18088,16.6800
18089,16.6730
18090,16.7664
18091,16.5234
18092,17.7916
18093,15.5759
18094,16.6407
18095,16.6928
18096,16.5692
18097,16.7647
18098,16.6259
18099,16.6302
18100,16.7855
18101,16.6630
18102,16.6057
18103,16.6514
18104,16.7146
18105,16.7824
18106,16.4950
18107,16.7040
18108,16.6133
18109,17.9417
18110,15.3774
18111,16.8872
18112,16.5318
18113,16.6004
18114,16.6603
18115,16.7138
18116,16.9188
18117,16.4391
18118,16.6084
18119,16.8045
18120,16.5950
18121,16.5800
18122,16.6813
18123,16.7173
18124,16.7564
18125,16.5734
18126,16.5960
18127,16.6920
18128,16.7000
18129,16.5467
18130,16.7046
18131,16.7016
18132,16.7802
18133,16.5588
18134,16.7598
18135,16.6148
18136,17.7475
18137,16.1685
18138,16.0836
18139,16.6078
18140,16.6792
18141,16.6861
18142,16.5826
18143,16.7823
18144,16.6717
18145,16.5831
18146,16.7802
18147,16.6866
18148,16.4829
18149,16.8330
18150,16.5098
18151,16.7519
18152,16.7486
18153,16.6532
18154,17.1622
18155,16.1953
18156,16.5241
18157,16.7704
18158,16.5206
18159,16.7448
18160,16.5840
18161,16.6905
18162,16.6396
18163,16.7785
18164,16.7267
18165,16.9318
18166,16.7592
18167,16.5641
18168,16.2605
18169,16.6839
18170,17.5537
18171,15.7551
18172,16.9064
18173,16.5591
18174,16.5173
18175,16.7583
18176,16.6089
18177,16.6533
18178,16.7134
18179,16.7956
18180,17.1816
18181,16.0317
18182,16.6351
18183,16.8463
18184,16.4547
18185,16.6879
18186,16.6762
18187,16.6141
18188,16.8835
18189,16.5276
18190,16.6376
18191,16.8733
18192,16.4859
18193,17.3503
18194,16.6119
18195,16.2476
18196,16.3829
18197,16.6829
18198,16.8191
18199,16.5497
18200,16.6231
18201,16.7195
18202,16.5679
18203,16.9884
18204,16.4259
18205,16.6460
18206,16.8110
18207,16.5574
18208,16.7088
18209,16.6822
18210,16.5392
18211,16.7217
18212,16.6066
18213,17.1086
18214,16.6018
18215,16.3495
18216,16.6061
18217,16.6875
18218,16.8272
18219,16.5421
18220,16.8539
18221,16.7281
18222,18.2452
18223,15.0082
18224,17.6628
18225,16.5955
18226,17.2417
18227,16.6971
18228,16.2490
18229,15.3204
18230,16.7789
18231,16.5795
18232,16.7103
18233,16.7935
18234,16.5676
18235,16.6101
18236,16.7239
18237,16.7708
18238,18.8831
18239,14.3843
18240,16.5512
18241,16.6467
18242,16.7017
18243,16.6745
18244,16.8175
18245,16.6177
18246,16.5544
18247,16.6186
18248,16.8352
18249,16.5688
18250,16.6824
18251,16.6599
18252,16.6243
18253,16.6406
18254,16.6834
18255,16.6339
18256,16.7852
18257,17.6658
18258,16.7171
18259,16.5748
18260,16.6418
18261,16.0797
18262,16.1752
18263,17.9814
18264,15.3912
18265,16.7207
18266,16.6241
18267,16.6852
18268,16.7190
18269,16.8200
18270,16.4525
18271,16.6315
18272,16.6719
18273,16.7228
18274,16.5426
18275,16.8226
18276,17.2856
18277,16.2078
18278,16.4282
18279,16.7319
18280,16.6750
18281,16.7423
18282,16.5965
18283,16.5844
18284,18.6045
18285,14.7937
18286,16.7755
18287,17.4357
18288,15.7771
18289,16.7232
18290,16.6350
18291,20.1712
18292,13.2649
18293,16.7141
18294,16.4526
18295,16.6666
18296,16.6410
18297,16.6718
18298,17.9553
18299,17.4011
18300,16.2711
18301,14.9773
18302,17.6714
18303,15.7909
18304,16.6870
18305,16.5288
18306,16.7719
18307,16.7234
18308,16.5785
18309,16.6197
18310,17.6196
18311,15.6721
18312,16.8161
18313,16.6053
18314,16.6601
18315,16.6556
18316,16.6375
18317,16.7231
18318,16.6276
18319,16.6246
18320,16.7177
18321,16.6080
18322,16.6657
18323,16.7849
18324,16.5927
18325,16.6746
18326,16.6377
18327,16.7582
18328,16.7086
18329,17.8445
18330,15.3763
18331,16.6720
18332,16.8174
18333,16.4480
18334,16.9952
18335,16.4389
18336,16.6453
18337,16.6266
18338,16.6068
18339,16.7845
18340,16.5707
18341,16.7580
18342,16.6197
18343,16.6938
18344,16.7260
18345,16.6443
18346,16.5824
18347,16.6845
18348,16.6505
18349,16.6585
18350,19.1960
18351,14.1293
18352,17.2418
18353,16.1517
18354,16.7683
18355,16.4667
18356,18.3765
18357,15.1393
18358,16.5424
18359,16.6850
18360,16.6993
18361,16.6407
18362,16.6788
18363,16.6621
18364,16.6729
18365,16.6735
18366,16.6390
18367,16.6058
18368,16.6958
18369,16.7182
18370,16.9515
18371,16.4971
18372,16.4838
18373,16.9080
18374,16.3987
18375,16.7894
18376,16.6390
18377,16.6682
18378,16.5088
18379,16.8348
18380,16.5624
18381,17.2872
18382,16.1894
18383,17.0031
18384,16.1587
18385,16.7156
18386,16.8235
18387,16.3919
18388,16.7486
18389,16.6817
18390,16.7665
18391,16.6628
18392,16.6413
18393,16.8961
18394,17.0801
18395,16.0542
18396,16.6892
18397,16.6436
18398,16.5931
18399,16.6980
18400,17.3024
18401,16.0130
18402,16.6697
18403,16.7668
18404,17.8890
18405,15.4215
18406,16.6728
18407,18.2687
18408,15.7904
18409,15.9734
18410,16.7056
18411,16.5134
18412,19.0665
18413,15.0831
18414,15.8223
18415,16.8107
18416,16.5232
18417,16.6124
18418,17.4468
18419,16.0414
18420,16.5692
18421,16.7453
18422,16.5829
18423,16.6902
18424,16.6051
18425,17.2552
18426,16.0779
18427,16.7617
18428,16.5568
18429,16.6834
18430,16.7092
18431,16.6497
18432,16.6799
18433,16.6571
18434,16.6373
18435,16.7188
18436,17.7157
18437,15.8995
18438,17.0722
18439,16.0213
18440,16.5411
18441,16.6775
18442,16.7172
18443,16.6450
18444,16.8742
18445,16.4969
18446,16.6716
18447,16.6460
18448,16.7289
18449,16.5176
18450,16.7801
18451,16.7238
18452,16.4753
18453,16.9287
18454,19.1244
18455,13.9434
18456,16.7950
18457,16.5891
18458,16.6878
18459,16.5826
18460,16.7289
18461,17.4661
18462,15.8700
18463,16.7068
18464,16.6032
18465,16.6910
18466,16.6012
18467,16.7494
18468,16.6683
18469,16.6824
18470,16.6183
18471,16.6746
18472,17.1103
18473,16.3851
18474,16.4309
18475,17.4364
18476,17.1884
18477,15.4390
18478,17.1447
18479,18.3079
18480,14.5193
18481,16.7429
18482,16.6928
18483,16.6084
18484,16.6724
18485,16.6967
18486,16.6101
18487,16.6394
18488,17.1983
18489,16.7531
18490,16.1399
18491,16.6520
18492,16.5909
18493,16.6281
18494,16.7398
18495,16.7240
18496,16.6420
18497,16.6754
18498,16.6261
18499,16.7966
18500,16.4912
18501,17.2260
18502,16.0468
18503,16.8211
18504,16.7345
18505,16.5060
18506,16.7362
18507,16.5809
18508,16.6900
18509,16.7414
18510,16.7402
18511,17.0846
18512,16.0677
18513,16.7571
18514,16.6285
18515,16.6997
18516,16.6915
18517,16.5892
18518,16.6418
18519,16.7180
18520,16.6571
18521,16.7280
18522,16.5625
18523,16.6248
18524,17.8324
18525,16.1201
18526,16.1307
18527,16.6213
18528,16.7109
18529,16.5928
18530,16.6299
18531,16.7708
18532,16.5461
18533,16.8124
18534,16.6505
18535,16.6621
18536,16.8367
18537,16.5215
18538,16.6369
18539,16.5310
18540,16.8053
18541,16.6087
18542,16.6674
18543,16.6052
18544,16.8058
18545,16.5705
18546,16.7311
18547,16.6745
18548,16.5879
18549,17.3094
18550,16.6776
18551,16.3959
18552,16.3918
18553,16.5548
18554,16.6572
18555,16.7662
18556,16.6575
18557,16.6870
18558,16.6957
18559,16.5899
18560,16.6039
18561,16.9917
18562,17.0818
18563,15.9683
18564,16.6675
18565,16.7261
18566,16.6488
18567,16.5885
18568,16.6364
18569,16.7779
18570,16.6221
18571,16.7691
18572,16.6202
18573,16.8804
18574,16.9290
18575,16.9331
18576,16.2276
18577,16.3425
18578,16.6385
18579,16.6927
18580,16.6767
18581,16.6774
18582,16.6619
18583,16.6541
18584,16.5919
18585,16.7357
18586,16.6441
18587,16.6077
18588,16.8079
18589,16.7793
18590,16.4220
18591,16.7567
18592,16.5471
18593,16.7684
18594,16.5725
18595,16.8921
18596,16.5020
18597,16.6688
18598,16.6242
18599,16.7706
18600,16.6120
18601,16.6348
18602,16.7872
18603,16.5769
18604,16.6673
18605,16.7029
18606,16.6604
18607,16.6176
18608,16.5795
18609,16.7985
18610,16.5803
18611,16.7821
18612,16.6797
18613,16.7903
18614,16.4520
18615,16.6169
18616,16.7236
18617,16.8080
18618,16.5820
18619,17.2664
18620,16.0403
18621,18.7848
18622,16.3829
18623,14.8158
18624,16.9387
18625,16.3176
18626,18.4191
18627,14.9494
18628,16.6400
18629,16.6574
18630,16.7310
18631,16.6623
18632,16.8552
18633,16.5057
18634,16.6759
18635,16.6216
18636,16.6751
18637,17.7301
18638,15.6024
18639,16.6498
18640,16.7745
18641,16.5828
18642,16.7845
18643,16.6381
18644,16.5064
18645,16.8058
18646,16.8477
18647,17.2702
18648,15.7780
18649,16.6780
18650,16.6075
18651,16.7488
18652,16.6403
18653,16.6091
18654,23.8001
18655,10.0463
18656,16.1770
18657,17.3457
18658,16.0121
18659,16.6726
18660,16.9221
18661,16.4042
18662,16.6252
18663,16.7256
18664,17.0811
18665,16.6155
18666,16.3328
18667,16.7126
18668,16.6536
18669,16.5847
18670,16.6700
18671,16.6996
18672,16.5961
18673,16.7335
18674,16.6163
18675,16.9003
18676,16.4116
18677,17.7810
18678,15.6018
18679,16.6896
18680,16.6275
18681,16.6459
18682,16.8669
18683,17.2616
18684,16.3400
18685,16.1149
18686,16.7808
18687,16.6393
18688,16.8033
18689,16.4382
18690,16.9600
18691,16.3923
18692,16.6635
18693,16.7087
18694,16.6587
18695,16.6791
18696,16.7148
18697,16.6617
18698,16.5939
18699,16.6938
18700,16.6645
18701,16.7185
18702,16.7573
18703,16.4736
18704,17.2042
18705,16.1790
18706,16.6061
18707,16.6767
18708,16.7407
18709,16.5968
18710,16.6410
18711,16.6841
18712,16.8161
18713,16.5619
18714,16.6722
18715,16.6057
18716,17.3116
18717,16.4902
18718,16.4603
18719,16.4778
18720,16.6487
18721,16.6569
18722,16.6464
18723,16.6410
18724,16.7502
18725,17.0323
18726,16.7502
18727,16.7910
18728,16.0509
18729,16.8463
18730,16.6757
18731,16.4993
18732,16.6335
18733,16.7926
18734,16.5537
18735,17.0292
18736,16.4374
18737,16.7616
18738,16.4180
18739,16.9741
18740,16.5237
18741,17.2329
18742,16.1373
18743,16.5073
18744,16.5735
18745,16.8251
18746,16.5729
18747,16.7013
18748,16.7110
18749,16.6467
18750,16.6471
18751,16.6769
18752,16.7575
18753,16.6484
18754,16.6738
18755,16.5899
18756,16.9342
18757,16.3878
18758,16.6135
18759,16.8445
18760,16.6133
18761,16.5933
18762,16.6841
18763,16.6092
18764,16.5878
18765,16.8865
18766,17.1395
18767,16.0280
18768,18.0214
18769,15.3379
18770,16.6301
18771,16.6955
18772,16.7154
18773,16.5636
18774,16.6682
18775,16.7954
18776,16.5327
18777,16.7771
18778,16.9634
18779,16.5243
18780,22.4572
18781,10.6534
18782,17.9870
18783,18.8244
18784,13.1451
18785,16.6405
18786,16.7664
18787,16.6583
18788,16.5605
18789,16.8283
18790,16.5723
18791,16.6848
18792,16.5646
18793,16.8618
18794,16.7687
18795,17.1171
18796,16.2137
18797,16.4821
18798,17.3133
18799,16.0034
18800,16.6489
18801,17.0173
18802,16.3653
18803,17.3236
18804,16.1739
18805,16.4349
18806,16.7403
18807,16.6281
18808,16.8051
18809,16.8242
18810,16.3292
18811,16.7465
18812,16.6428
18813,16.7059
18814,16.6503
18815,17.0761
18816,16.1965
18817,16.6885
18818,16.7591
18819,16.5790
18820,16.6762
18821,16.6512
18822,16.6843
18823,17.1195
18824,16.0922
18825,16.7594
18826,16.6089
18827,16.6999
18828,16.7171
18829,16.8769
18830,16.3740
18831,16.9148
18832,16.4905
18833,16.6118
18834,16.7812
18835,16.6164
18836,16.6218
18837,16.6918
18838,16.6926
18839,17.1635
18840,17.5620
18841,15.2196
18842,16.6157
18843,16.6990
18844,16.7133
18845,16.6464
18846,16.6218
18847,16.6805
18848,16.6786
18849,16.7746
18850,16.6124
18851,17.1560
18852,16.6393
18853,16.1872
18854,16.6524
18855,16.6866
18856,16.6575
18857,16.6958
18858,16.9442
18859,16.3116
18860,16.7382
18861,17.5490
18862,16.3327
18863,16.6138
18864,16.1987
18865,16.7021
18866,16.5051
18867,16.6999
18868,16.7378
18869,16.6339
18870,16.6223
18871,16.7088
18872,16.6463
18873,16.7083
18874,16.7388
18875,16.6201
18876,16.9344
18877,16.3008
18878,16.7129
18879,16.5795
18880,16.6908
18881,16.7445
18882,16.5942
18883,16.7149
18884,16.6456
18885,16.6434
18886,16.9912
18887,17.1407
18888,15.8440
18889,16.8690
18890,16.4905
18891,16.7057
18892,16.7164
18893,16.5343
18894,16.8141
18895,16.5707
18896,16.7697
18897,16.6020
18898,16.8653
18899,17.1105
18900,16.4582
18901,16.1836
18902,16.6873
18903,16.6655
18904,16.6315
18905,16.7525
18906,16.6112
18907,16.6893
18908,16.5164
18909,16.8362
18910,16.5591
18911,17.1178
18912,16.3060
18913,16.8171
18914,17.3799
18915,15.7614
18916,17.2136
18917,16.2299
18918,16.8583
18919,16.4684
18920,16.5815
18921,21.3258
18922,12.6969
18923,16.1010
18924,17.1200
18925,17.0067
18926,15.7730
18927,16.7818
18928,16.7411
18929,16.4337
18930,17.3206
18931,16.1591
18932,16.5530
18933,16.8822
18934,16.9384
18935,17.2241
18936,15.7482
18937,16.9158
18938,16.8987
18939,16.1002
18940,16.6023
18941,16.7007
18942,16.6207
18943,16.7314
18944,16.5442
18945,16.7257
18946,16.7327
18947,16.9431
18948,16.6918
18949,16.3033
18950,17.1215
18951,16.2564
18952,16.7368
18953,16.5586
18954,16.8270
18955,16.4050
18956,16.7444
18957,16.9937
18958,16.4532
18959,16.5557
18960,16.7623
18961,16.6189
18962,16.5854
18963,16.7122
18964,16.7479
18965,16.5153
18966,16.7477
18967,16.6464
18968,16.6172
18969,16.8626
18970,16.4386
18971,17.0680
18972,16.4178
18973,16.5926
18974,16.6358
18975,16.6429
18976,16.6021
18977,16.7795
18978,16.6819
18979,16.7017
18980,16.6258
18981,17.2654
18982,16.4051
18983,16.4200
18984,16.6045
18985,16.6426
18986,16.5832
18987,16.7907
18988,16.6236
18989,16.6039
18990,16.7996
18991,16.5376
18992,16.7792
18993,16.6467
18994,16.6018
18995,16.9747
18996,16.3859
18997,16.6678
18998,16.5847
18999,16.7066
19000,16.6632
19001,16.7577
19002,16.5377
19003,16.8144
19004,16.4732
19005,17.1056
19006,16.8247
19007,16.3080
19008,16.6142
19009,16.6546
19010,16.5043
19011,16.6594
19012,16.6825
19013,16.6983
19014,16.6999
19015,16.6318
19016,16.6477
19017,16.7017
19018,16.6785
19019,16.5508
19020,16.8074
19021,16.8299
19022,16.5205
19023,17.3806
19024,15.8869
19025,16.6671
19026,16.7167
19027,16.5769
19028,16.6681
19029,16.7157
19030,16.5835
19031,16.9050
19032,16.5881
19033,16.6398
19034,16.8905
19035,17.1268
19036,16.4747
19037,16.0431
19038,16.8713
19039,16.5370
19040,16.6714
19041,16.6701
19042,16.6818
19043,16.6486
19044,16.6401
19045,16.7014
19046,16.5507
19047,16.8354
19048,16.5977
19049,16.6763
19050,16.6703
19051,16.6827
19052,16.5523
19053,16.7470
19054,17.1503
19055,16.6237
19056,17.1554
19057,15.5903
19058,16.7880
19059,16.6579
19060,16.7116
19061,16.6958
19062,16.5906
19063,16.6214
19064,16.7220
19065,16.6905
19066,16.5928
19067,16.6818
19068,16.7601
19069,16.6333
19070,16.6054
19071,16.9437
19072,16.4351
19073,17.2308
19074,16.1054
19075,16.6808
19076,16.6362
19077,16.7524
19078,16.5479
19079,16.7874
19080,16.5449
19081,16.6430
19082,16.9960
19083,16.4796
19084,16.5421
19085,16.6233
19086,16.8955
19087,17.0433
19088,16.1223
19089,16.7893
19090,16.5057
19091,17.1915
19092,16.6076
19093,16.2696
19094,16.7393
19095,16.7315
19096,16.5127
19097,16.6105
19098,16.7542
19099,16.5890
19100,17.2062
19101,16.3698
19102,16.3869
19103,16.6661
19104,16.7645
19105,16.5993
19106,16.7151
19107,16.5385
19108,16.6970
19109,16.7091
19110,16.7614
19111,17.1867
19112,16.6501
19113,16.1011
19114,16.6215
19115,16.7392
19116,16.6457
19117,16.6594
19118,16.6928
19119,16.6199
19120,16.6820
19121,16.6399
19122,16.8270
19123,16.5431
19124,17.3763
19125,15.9849
19126,16.5929
19127,16.6657
19128,16.6999
19129,16.6031
19130,17.1634
19131,16.2944
19132,16.5733
19133,16.6552
19134,16.6207
19135,16.6942
19136,16.7198
19137,17.5163
19138,15.8681
19139,16.5384
19140,16.8443
19141,16.7789
19142,16.4155
19143,16.7843
19144,16.5411
19145,16.7295
19146,16.6273
19147,16.6262
19148,16.7085
19149,16.6944
19150,17.1068
19151,16.1958
19152,17.0701
19153,16.3248
19154,16.6713
19155,16.7456
19156,16.5364
19157,16.6010
19158,16.7845
19159,16.6007
19160,16.7551
19161,16.6329
19162,16.5923
19163,17.1078
19164,16.7513
19165,16.1905
19166,16.6587
19167,16.6681
19168,16.6639
19169,17.2507
19170,16.0841
19171,16.7627
19172,16.4627
19173,16.7919
19174,17.2358
19175,16.6173
19176,16.8584
19177,15.8916
19178,16.6081
19179,16.7564
19180,16.6646
19181,16.6827
19182,16.6498
19183,16.7192
19184,16.5418
19185,16.6642
19186,16.6016
19187,17.4678
19188,16.6385
19189,16.0119
19190,16.6167
19191,16.7959
19192,16.5642
19193,16.6619
19194,16.6828
19195,16.6209
19196,16.7104
19197,16.9418
19198,16.6203
19199,17.2521
19200,16.4426
19201,16.6781
19202,16.0148
19203,16.6947
19204,16.8401
19205,16.5019
19206,16.6918
19207,16.6392
19208,16.6758
19209,16.6812
19210,16.6212
19211,17.2681
19212,16.4343
19213,16.3633
19214,16.6279
19215,16.6576
19216,16.7010
19217,16.6509
19218,16.6947
19219,16.5545
19220,16.7627
19221,16.6870
19222,16.6261
19223,16.8973
19224,17.2900
19225,16.0687
19226,16.8172
19227,16.2742
19228,16.6731
19229,16.6211
19230,16.6185
19231,16.7154
19232,16.6321
19233,16.7689
19234,16.6021
19235,17.1043
19236,16.6525
19237,16.2545
19238,16.8743
19239,16.3520
19240,16.7285
19241,16.9037
19242,16.5347
19243,17.2075
19244,17.5351
19245,16.5048
19246,16.1151
19247,16.7678
19248,15.9116
19249,17.2931
19250,17.8482
19251,16.1734
19252,15.5899
19253,17.5424
19254,19.1724
19255,12.9651
19256,17.3306
19257,15.9431
19258,16.6007
19259,16.7546
19260,16.7868
19261,16.7086
19262,16.4978
19263,16.8060
19264,16.5744
19265,17.1932
19266,16.2311
19267,16.4931
19268,16.7172
19269,16.6071
19270,16.7384
19271,16.6646
19272,16.7244
19273,16.7151
19274,16.4130
19275,16.7422
19276,16.6760
19277,16.6828
19278,16.6881
19279,16.6342
19280,16.7834
19281,16.6778
19282,16.5034
19283,16.7184
19284,16.7234
19285,16.6677
19286,16.7421
19287,16.5367
19288,16.5588
19289,17.1784
19290,16.2464
19291,16.6115
19292,16.7894
19293,16.6463
19294,16.5745
19295,17.0154
19296,16.5186
19297,16.4531
19298,16.6507
19299,16.6263
19300,16.7605
19301,16.6370
19302,16.7944
19303,16.4909
19304,16.8509
19305,17.5852
19306,15.7439
19307,17.3009
19308,16.7949
19309,16.6021
19310,15.7852
19311,18.1530
19312,15.2149
19313,16.7341
19314,16.6687
19315,16.5630
19316,16.7830
19317,17.3925
19318,16.7004
19319,15.8628
19320,17.0746
19321,16.2185
19322,16.6940
19323,16.6986
19324,16.6751
19325,16.6252
19326,16.8379
19327,16.6531
19328,16.5826
19329,16.7868
19330,16.8401
19331,17.0609
19332,16.8544
19333,16.1608
19334,16.5306
19335,16.4057
19336,16.5889
19337,16.8785
19338,16.4951
19339,16.7467
19340,16.6266
19341,16.6685
19342,17.2069
19343,17.1476
19344,16.3922
19345,15.8154
19346,16.6768
19347,16.7366
19348,16.6559
19349,16.6484
19350,16.6760
19351,16.7366
19352,16.6021
19353,16.7038
19354,16.6665
19355,16.6176
19356,16.7640
19357,16.5649
19358,16.5834
19359,17.3394
19360,16.2365
19361,16.6057
19362,16.5942
19363,16.6210
19364,16.7428
19365,16.7333
19366,17.3741
19367,17.4272
19368,15.1249
19369,16.6327
19370,16.6974
19371,16.6385
19372,17.7437
19373,16.1118
19374,19.7252
19375,13.6751
19376,17.4120
19377,15.4881
19378,16.4846
19379,16.6789
19380,16.9075
19381,16.4410
19382,16.6622
19383,16.8291
19384,16.4952
19385,16.6915
19386,17.8763
19387,16.0846
19388,16.1738
19389,17.5677
19390,15.5993
19391,16.6760
19392,17.4625
19393,16.7121
19394,16.2875
19395,16.2070
19396,16.6608
19397,16.7886
19398,16.6912
19399,17.1274
19400,16.3680
19401,16.3558
19402,16.8117
19403,17.2345
19404,15.9437
19405,16.6855
19406,16.7923
19407,16.7116
19408,16.5649
19409,16.6297
19410,16.7241
19411,16.5740
19412,16.6292
19413,16.7907
19414,17.6838
19415,16.2155
19416,16.0690
19417,16.5458
19418,16.6929
19419,17.8587
19420,15.4305
19421,16.7258
19422,16.8497
19423,17.0379
19424,16.1408
19425,16.7292
19426,16.8197
19427,16.5841
19428,16.8103
19429,17.3045
19430,17.0850
19431,15.3299
19432,16.6735
19433,20.0588
19434,13.3457
19435,16.7722
19436,16.4385
19437,16.8953
19438,16.5827
19439,16.9408
19440,16.2273
19441,17.1008
19442,16.2641
19443,16.6635
19444,17.0044
19445,16.3295
19446,16.7004
19447,16.7356
19448,16.4350
19449,16.7546
19450,16.6734
19451,16.6194
19452,16.7543
19453,16.5322
19454,16.8685
19455,16.5309
19456,16.8857
19457,16.5411
19458,16.6503
19459,16.6955
19460,17.6035
19461,15.6799
19462,17.2713
19463,15.9455
19464,16.7033
19465,16.7417
19466,16.6184
19467,16.6829
19468,16.6682
19469,16.7640
19470,16.4912
19471,16.6540
19472,16.8585
19473,16.5168
19474,16.8853
19475,16.6347
19476,16.7037
19477,17.2953
19478,17.0794
19479,15.3845
19480,16.6973
19481,16.6583
19482,16.5863
19483,16.8145
19484,16.5059
19485,16.6821
19486,17.5060
19487,16.8147
19488,15.6631
19489,16.7199
19490,16.7136
19491,16.6839
19492,16.6926
19493,16.6096
19494,16.6834
19495,16.8882
19496,16.3145
19497,16.8807
19498,16.5333
19499,16.7123
19500,17.8059
19501,17.2118
19502,14.9694
19503,16.6643
19504,17.2729
19505,16.0570
19506,16.5984
19507,16.7720
19508,16.6588
19509,16.5933
19510,17.1093
19511,16.2362
19512,16.9110
19513,16.6461
19514,16.4314
19515,16.6860
19516,16.6496
19517,16.6291
19518,17.5292
19519,15.8148
19520,16.7458
19521,16.7475
19522,16.4847
19523,16.8241
19524,16.9916
19525,16.6686
19526,16.2195
19527,16.8588
19528,16.4574
19529,16.7687
19530,16.5602
19531,16.6681
19532,17.3144
19533,16.8030
19534,16.4575
19535,16.0553
19536,16.8209
19537,16.6084
19538,17.1499
19539,16.6076
19540,16.2034
19541,16.6325
19542,16.6751
19543,16.7592
19544,16.6045
19545,16.5554
19546,17.9482
19547,16.1015
19548,16.1733
19549,16.5917
19550,16.6249
19551,16.6880
19552,16.7061
19553,16.5946
19554,16.7081
19555,16.6486
19556,16.7361
19557,16.6059
19558,17.8721
19559,15.9735
19560,17.8808
19561,15.6441
19562,15.8687
19563,16.7162
19564,16.6433
19565,16.6767
19566,16.7503
19567,16.5512
19568,16.9023
19569,16.5158
19570,16.7183
19571,16.6589
19572,16.5845
19573,16.6997
19574,16.6205
19575,16.7422
19576,16.6079
19577,16.5937
19578,16.8308
19579,16.6391
19580,16.6148
19581,16.8049
19582,16.5321
19583,17.5067
19584,15.8572
19585,16.6845
19586,16.5916
19587,16.6672
19588,16.6460
19589,16.6794
19590,16.7147
19591,16.6923
19592,16.5930
19593,16.5824
19594,16.7350
19595,17.8258
19596,15.4177
19597,16.8209
19598,17.1033
19599,16.2332
19600,16.6505
19601,16.6214
19602,16.7455
19603,16.6442
19604,16.6206
19605,16.6501
19606,16.6893
19607,16.9801
19608,16.4155
19609,17.1161
19610,16.1916
19611,16.6633
19612,16.6376
19613,16.5938
19614,16.6419
19615,16.7860
19616,16.6879
19617,16.6112
19618,16.7069
19619,16.6473
19620,16.6752
19621,16.6352
19622,16.7711
19623,17.9970
19624,15.9027
19625,16.0280
19626,16.6388
19627,16.6624
19628,16.6542
19629,16.8903
19630,16.3090
19631,16.7772
19632,16.6906
19633,16.6921
19634,16.5066
19635,16.8182
19636,16.6422
19637,17.5178
19638,15.7762
19639,17.0482
19640,16.6008
19641,16.4106
19642,16.5967
19643,16.7734
19644,16.6114
19645,17.5472
19646,15.7197
19647,16.7693
19648,16.5993
19649,16.6916
19650,16.7281
19651,16.8652
19652,16.3659
19653,16.7634
19654,16.7053
19655,16.5814
19656,17.4897
19657,16.3923
19658,16.0443
19659,16.7062
19660,16.6180
19661,16.7050
19662,16.6811
19663,16.6214
19664,16.7199
19665,17.5487
19666,15.8214
19667,16.6759
19668,17.1849
19669,17.0477
19670,16.4773
19671,16.4583
19672,16.1185
19673,16.7026
19674,16.6502
19675,16.5929
19676,16.6719
19677,16.8630
19678,17.2737
19679,16.0144
19680,17.2313
19681,16.1785
19682,16.4713
19683,16.6901
19684,16.5776
19685,16.6799
19686,16.7132
19687,16.5489
19688,16.7820
19689,16.6666
19690,16.7221
19691,16.7425
19692,16.5471
19693,16.7128
19694,16.6662
19695,16.6138
19696,16.7013
19697,16.6106
19698,16.6780
19699,16.8113
19700,16.5405
19701,16.7587
19702,17.4353
19703,16.7076
19704,17.0674
19705,15.3069
19706,19.0713
19707,14.2550
19708,16.7366
19709,16.6296
19710,16.6273
19711,16.7138
19712,16.6941
19713,16.7028
19714,16.6616
19715,16.5643
19716,17.1266
19717,16.7154
19718,16.7669
19719,16.1288
19720,16.6688
19721,16.6507
19722,16.8533
19723,16.4507
19724,16.6835
19725,16.8292
19726,17.3667
19727,16.4679
19728,16.8174
19729,16.1607
19730,16.3400
19731,16.6619
19732,16.9828
19733,16.3571
19734,16.6693
19735,16.5621
19736,16.6510
19737,16.7060
19738,16.7206
19739,16.6908
19740,16.6862
19741,16.6395
19742,16.7247
19743,16.7445
19744,16.4744
19745,17.4708
19746,15.8822
19747,16.7091
19748,16.5625
19749,16.7824
19750,17.1322
19751,16.1617
19752,16.9973
19753,16.4565
19754,16.4109
19755,16.9118
19756,16.5179
19757,16.6520
19758,17.4700
19759,15.8414
19760,16.7272
19761,16.6132
19762,16.7159
19763,16.6481
19764,17.1199
19765,16.6494
19766,16.1985
19767,16.8515
19768,16.4918
19769,16.6748
19770,17.1399
19771,16.2153
19772,16.6733
19773,16.6701
19774,16.6566
19775,17.3716
19776,16.0996
19777,16.8279
19778,16.3060
19779,16.7157
19780,16.7815
19781,16.6587
19782,16.5264
19783,16.6736
19784,16.7170
19785,16.6252
19786,16.7193
19787,16.6749
19788,17.3280
19789,16.6100
19790,16.2852
19791,16.4143
19792,16.6296
19793,16.6918
19794,16.6473
19795,16.7466
19796,16.5932
19797,16.5930
19798,16.8031
19799,17.3815
19800,16.2578
19801,16.5659
19802,16.4030
19803,16.6742
19804,16.6853
19805,16.6282
19806,16.7384
19807,16.6160
19808,16.7308
19809,16.5869
19810,16.6702
19811,16.8956
19812,17.1641
19813,16.3446
19814,16.2568
19815,16.7025
19816,16.6479
19817,16.5846
19818,16.7688
19819,16.6679
19820,16.6142
19821,16.6375
19822,16.7764
19823,16.6082
19824,17.1767
19825,16.8081
19826,15.8817
19827,16.7699
19828,16.5910
19829,16.7490
19830,16.6959
19831,16.5957
19832,16.6768
19833,16.6649
19834,16.6095
19835,17.3739
19836,16.6868
19837,16.4506
19838,16.1728
19839,16.6688
19840,16.7384
19841,16.6865
19842,16.5629
19843,16.6640
19844,16.6187
19845,16.7713
19846,16.6216
19847,17.5578
19848,16.2772
19849,16.5354
19850,16.3340
19851,16.6954
19852,16.7382
19853,16.5553
19854,16.6707
19855,16.7136
19856,16.5610
19857,16.7035
19858,16.5969
19859,16.7124
19860,17.0577
19861,16.2471
19862,16.9905
19863,16.6014
19864,16.4455
19865,16.6927
19866,16.5695
19867,16.6750
19868,16.7614
19869,16.6949
19870,16.6250
19871,16.7656
19872,16.9344
19873,16.4097
19874,17.7788
19875,15.5288
19876,17.2051
19877,15.9678
19878,16.7645
19879,16.6692
19880,16.6481
19881,16.7333
19882,16.5152
19883,16.8080
19884,17.0128
19885,16.1203
19886,16.7253
19887,16.8494
19888,16.4698
19889,17.2859
19890,16.1891
19891,16.5598
19892,16.7527
19893,16.6597
19894,16.7769
19895,17.3455
19896,16.0511
19897,17.2434
19898,15.8750
19899,16.6865
19900,16.6057
19901,16.7677
19902,16.7331
19903,16.6118
19904,17.2625
19905,16.0123
19906,16.9022
19907,17.1604
19908,16.2903
19909,16.4219
19910,19.0260
19911,14.8558
19912,16.0289
19913,16.6206
19914,16.6814
19915,16.6543
19916,16.6963
19917,16.6908
19918,16.7551
19919,16.5594
19920,17.0251
19921,16.6319
19922,16.3003
19923,16.7075
19924,16.6970
19925,16.7002
19926,16.6071
19927,16.6338
19928,16.7005
19929,16.5849
19930,16.7803
19931,16.6178
19932,17.3095
19933,16.7172
19934,15.9838
19935,16.6831
19936,16.5922
19937,16.7455
19938,17.1037
19939,16.1579
19940,16.7205
19941,16.8940
19942,16.4526
19943,16.6617
19944,16.9733
19945,16.9177
19946,16.0627
19947,16.7251
19948,16.6534
19949,16.6113
19950,16.7893
19951,16.6835
19952,16.6123
19953,17.4295
19954,16.9837
19955,16.2060
19956,18.9183
19957,14.7118
19958,15.7797
19959,16.5665
19960,16.6378
19961,17.2929
19962,16.1188
19963,16.6423
19964,16.6115
19965,16.7773
19966,16.6159
19967,17.1829
19968,16.4771
19969,17.0390
19970,15.9952
19971,16.7535
19972,16.5340
19973,16.8044
19974,16.5991
19975,16.6921
19976,16.5096
19977,16.8005
19978,16.5914
19979,16.6649
19980,16.7818
19981,16.6259
19982,16.7198
19983,16.6172
19984,16.6254
19985,16.6451
19986,18.3495
19987,15.0345
19988,18.4319
19989,18.8029
19990,13.5310
19991,19.3220
19992,13.9038
19993,16.5159
19994,17.0128
19995,17.3292
19996,15.6035
19997,16.4692
19998,16.8664
19999,16.3263
20000,16.4439
20001,16.6516
20002,16.7042
20003,16.6996
20004,16.6503
20005,16.7022
20006,16.6684
20007,16.7354
20008,16.8068
20009,16.5367
20010,16.7990
20011,16.5607
20012,16.7178
20013,16.4277
20014,17.2453
20015,16.7823
20016,16.1482
20017,16.5601
20018,16.7277
20019,16.6356
20020,18.0669
20021,15.2389
20022,16.6302
20023,17.2908
20024,16.0072
20025,16.6814
20026,16.6781
20027,16.5766
20028,16.8888
20029,17.3178
20030,17.6964
20031,15.0850
20032,16.3524
20033,17.4282
20034,16.0238
20035,16.6230
20036,16.6895
20037,16.6964
20038,16.7530
20039,16.5051
20040,17.3076
20041,16.0312
20042,16.7507
20043,16.5549
20044,17.9054
20045,15.5082
20046,16.6173
20047,16.8001
20048,16.7112
20049,16.6773
20050,18.0133
20051,16.4770
20052,17.2058
20053,14.8303
20054,18.6088
20055,14.9919
20056,16.8448
20057,16.6407
20058,16.2500
20059,16.7149
20060,16.5448
20061,16.7095
20062,16.8527
20063,16.4463
20064,16.7438
20065,16.5919
20066,16.6762
20067,16.7769
20068,16.5750
20069,18.8463
20070,14.6509
20071,16.5482
20072,16.6699
20073,16.7208
20074,16.4882
20075,16.8133
20076,16.5814
20077,16.5979
20078,16.6658
20079,16.6049
20080,16.7838
20081,16.7560
20082,17.8756
20083,15.4352
20084,17.5071
20085,15.7436
20086,17.0504
20087,16.9546
20088,16.8545
20089,16.1427
20090,16.7808
20091,16.2863
20092,16.6551
20093,16.5565
20094,16.7350
20095,16.5953
20096,16.7236
20097,16.6220
20098,16.7646
20099,16.7052
20100,16.9240
20101,16.7682
20102,16.4976
20103,16.3499
20104,16.6982
20105,16.6192
20106,16.7737
20107,16.4885
20108,16.7358
20109,16.6852
20110,16.6536
20111,17.1469
20112,17.4184
20113,16.6899
20114,17.4617
20115,14.5758
20116,16.7053
20117,16.6215
20118,16.6611
20119,16.7211
20120,16.5723
20121,16.7560
20122,16.5679
20123,16.7784
20124,17.1617
20125,16.3258
20126,17.0067
20127,16.1243
20128,16.7212
20129,16.7092
20130,16.6159
20131,16.6598
20132,16.6981
20133,16.5800
20134,16.7944
20135,17.0345
20136,16.8570
20137,16.8646
20138,16.2637
20139,16.2501
20140,16.6700
20141,16.6700
20142,16.6797
20143,16.6684
20144,16.5598
20145,16.8194
20146,16.6316
20147,16.5526
20148,16.7992
20149,17.1249
20150,16.0310
20151,16.7469
20152,16.5991
20153,16.9463
20154,16.5868
20155,16.5298
20156,16.6918
20157,16.5854
20158,16.7995
20159,16.6158
20160,17.1672
20161,16.5633
20162,16.1472
20163,16.7914
20164,16.6217
20165,16.6851
20166,16.6892
20167,16.6918
20168,16.6521
20169,16.7377
20170,16.5800
20171,16.7414
20172,16.9119
20173,16.7727
20174,16.7900
20175,16.0811
20176,16.7051
20177,16.7785
20178,16.5738
20179,16.6181
20180,16.5706
20181,16.8235
20182,16.6429
20183,16.6368
20184,16.9236
20185,16.7102
20186,16.2868
20187,16.7380
20188,16.6447
20189,16.6733
20190,16.6767
20191,16.5799
20192,16.6896
20193,16.7650
20194,16.7408
20195,16.6002
20196,16.9582
20197,17.3603
20198,15.9501
20199,16.3335
20200,16.6346
20201,16.7272
20202,16.5426
20203,16.7899
20204,16.5748
20205,16.7435
20206,16.7574
20207,17.0534
20208,16.4823
20209,16.4574
20210,16.5047
20211,16.7198
20212,16.6723
20213,16.7024
20214,16.6246
20215,16.7925
20216,16.4824
20217,16.8136
20218,16.6720
20219,16.7873
20220,16.5621
20221,16.8139
20222,16.5941
20223,16.8453
20224,16.4142
20225,16.5471
20226,16.6353
20227,16.7587
20228,16.5747
20229,16.6653
20230,16.6224
20231,16.7197
20232,16.8919
20233,17.2681
20234,15.8767
20235,16.8028
20236,16.6858
20237,16.3968
20238,17.8494
20239,16.2111
20240,16.0714
20241,16.6439
20242,16.7332
20243,16.6981
20244,16.5960
20245,16.6131
20246,16.6847
20247,17.3553
20248,15.9992
20249,16.7400
20250,18.1281
20251,16.1129
20252,15.7053
20253,16.5711
20254,16.8801
20255,16.5294
20256,17.5075
20257,15.8324
20258,16.7430
20259,16.5576
20260,16.6680
20261,16.6912
20262,16.7415
20263,17.3606
20264,15.8907
20265,16.7356
20266,16.5556
20267,16.7836
20268,16.6086
20269,16.7018
20270,16.6054
20271,16.6102
20272,16.7566
20273,16.5461
20274,16.7174
20275,16.8325
20276,17.0854
20277,16.3636
20278,16.4509
20279,16.7707
20280,16.5647
20281,16.7184
20282,16.5354
20283,16.6049
20284,16.7062
20285,16.9217
20286,16.4839
20287,16.6626
20288,16.6233
20289,16.6973
20290,16.5684
20291,16.7670
20292,16.6309
20293,16.9603
20294,16.8511
20295,16.1746
20296,16.9182
20297,16.5031
20298,16.5483
20299,16.6833
20300,16.8013
20301,16.5549
20302,16.6594
20303,16.7892
20304,16.7832
20305,17.9057
20306,15.2443
20307,16.7375
20308,16.6646
20309,16.6620
20310,16.5368
20311,16.6385
20312,16.7641
20313,16.6707
20314,17.0956
20315,16.8678
20316,16.0812
20317,16.6527
20318,17.1075
20319,16.1326
20320,16.7185
20321,16.6682
20322,16.7238
20323,16.6251
20324,16.5779
20325,16.9279
20326,16.4410
20327,17.3707
20328,16.4908
20329,16.0794
20330,16.7060
20331,16.7123
20332,16.6325
20333,16.5942
20334,16.6630
20335,16.8128
20336,16.5311
20337,16.7690
20338,16.7104
20339,16.5800
20340,16.8872
20341,16.3905
20342,17.6354
20343,15.8246
20344,16.6106
20345,16.6510
20346,16.6215
20347,17.2422
20348,16.1457
20349,16.7522
20350,16.6113
20351,17.0437
20352,16.6591
20353,16.2039
20354,16.7788
20355,16.8185
20356,17.1189
20357,15.9456
20358,16.7009
20359,16.6682
20360,16.7431
20361,16.6711
20362,16.7855
20363,16.5120
20364,16.5921
20365,16.7922
20366,16.6090
20367,16.6607
20368,16.8711
20369,16.5023
20370,16.6820
20371,17.2584
20372,16.0625
20373,16.5950
20374,16.7248
20375,16.6651
20376,16.5253
20377,17.4700
20378,16.0569
20379,16.5246
20380,16.6382
20381,16.7107
20382,16.6842
20383,16.6276
20384,16.7193
20385,16.5800
20386,16.7448
20387,16.6719
20388,16.6206
20389,16.7295
20390,16.6079
20391,16.6556
20392,16.6321
20393,16.7530
20394,16.5631
20395,17.2940
20396,16.0944
20397,16.7069
20398,16.6344
20399,16.7367
20400,16.5699
20401,16.6910
20402,16.6592
20403,16.6468
20404,16.8133
20405,16.5482
20406,16.7155
20407,16.6242
20408,16.6556
20409,16.7768
20410,16.6272
20411,16.6066
20412,16.6211
20413,16.7188
20414,16.6529
20415,16.6888
20416,16.6264
20417,16.8231
20418,16.5205
20419,16.6039
20420,16.6812
20421,16.6416
20422,17.0987
20423,16.5038
20424,17.1355
20425,16.2701
20426,16.4948
20427,16.5378
20428,16.6785
20429,16.6263
20430,16.6759
20431,16.6339
20432,16.7767
20433,16.5726
20434,16.7209
20435,16.6871
20436,16.6168
20437,17.3255
20438,16.2987
20439,16.3745
20440,16.6315
20441,16.7001
20442,16.6037
20443,16.7285
20444,16.6646
20445,16.6267
20446,16.9703
20447,16.7975
20448,16.2772
20449,17.3555
20450,16.3501
20451,16.2963
20452,16.6947
20453,16.7060
20454,16.5816
20455,16.6934
20456,16.6543
20457,16.6759
20458,16.7661
20459,17.0934
20460,16.1234
20461,16.6635
20462,16.6719
20463,17.2208
20464,16.7497
20465,16.0951
20466,16.6085
20467,16.8593
20468,16.4152
20469,16.6675
20470,16.6028
20471,16.6893
20472,16.7287
20473,16.8930
20474,16.5714
20475,16.6222
20476,16.6230
20477,16.9109
20478,17.1298
20479,15.8938
20480,16.6290
20481,16.7177
20482,16.6655
20483,16.7155
20484,16.6236
20485,16.6835
20486,16.6861
20487,16.6568
20488,16.7860
20489,16.6534
20490,16.6932
20491,16.7737
20492,16.9709
20493,16.0473
20494,16.7109
20495,16.7123
20496,16.5278
20497,16.7979
20498,16.6200
20499,16.6968
20500,16.8821
20501,16.4512
20502,16.6157
20503,16.6557
20504,16.8002
20505,17.4645
20506,16.7793
20507,15.6955
20508,16.6762
20509,16.7966
20510,17.9923
20511,15.1230
20512,16.7328
20513,16.6414
20514,16.6494
20515,16.7072
20516,16.6587
20517,16.6822
20518,16.9161
20519,16.5424
20520,17.3131
20521,16.0817
20522,16.4131
20523,16.7483
20524,16.6749
20525,16.6235
20526,16.6067
20527,16.7511
20528,16.7057
20529,16.5596
20530,16.7033
20531,16.6712
20532,16.8762
20533,16.8948
20534,16.4532
20535,16.3944
20536,16.6880
20537,16.6908
20538,16.7717
20539,16.4832
20540,16.7090
20541,16.5985
20542,16.7777
20543,16.6589
20544,16.6469
20545,16.8394
20546,17.2558
20547,16.6999
20548,15.9212
20549,16.6631
20550,16.6101
20551,16.6641
20552,16.5861
20553,16.8075
20554,16.6944
20555,16.6153
20556,16.6387
20557,17.3369
20558,16.4052
20559,16.2742
20560,17.1913
20561,16.0643
20562,16.6800
20563,16.6851
20564,16.7095
20565,16.6473
20566,16.6506
20567,17.5205
20568,16.1607
20569,16.6315
20570,16.9715
20571,16.0289
20572,17.0721
20573,16.2440
20574,16.6780
20575,16.6482
20576,16.7476
20577,16.6289
20578,16.6028
20579,16.6918
20580,16.6376
20581,17.0020
20582,16.9775
20583,15.9936
20584,16.6497
20585,17.5414
20586,16.0863
20587,16.9936
20588,16.1736
20589,16.6505
20590,16.6766
20591,16.6816
20592,16.6279
20593,16.9628
20594,16.6026
20595,16.3795
20596,16.6746
20597,16.6536
20598,16.7136
20599,16.7098
20600,16.5484
20601,16.7273
20602,16.6104
20603,16.7908
20604,16.5859
20605,16.6432
20606,16.7023
20607,16.6873
20608,16.6580
20609,16.5636
20610,16.7980
20611,16.5766
20612,16.6799
20613,16.6392
20614,16.6265
20615,17.0988
20616,16.4457
20617,16.6821
20618,16.8128
20619,16.3683
20620,16.5788
20621,16.8226
20622,16.5896
20623,16.6551
20624,16.5952
20625,16.6737
20626,16.7570
20627,16.7114
20628,16.6191
20629,17.0101
20630,17.3687
20631,16.8173
20632,15.5966
20633,17.7022
20634,15.5214
20635,16.6152
20636,16.7252
20637,16.6619
20638,16.6674
20639,16.6565
20640,17.3927
20641,16.7672
20642,15.8340
20643,16.6202
20644,17.9148
20645,15.4599
20646,16.5767
20647,16.7339
20648,16.7718
20649,16.6224
20650,16.6531
20651,16.6474
20652,16.6403
20653,17.1817
20654,16.6980
20655,16.1935
20656,16.6262
20657,16.7700
20658,17.4204
20659,15.7045
20660,16.9049
20661,16.5295
20662,16.6708
20663,16.7182
20664,16.5655
20665,17.2439
20666,16.8192
20667,15.8780
20668,17.1721
20669,16.3736
20670,18.4651
20671,14.7347
20672,16.6665
20673,16.8776
20674,16.4828
20675,16.7089
20676,16.4677
20677,16.7774
20678,16.9705
20679,16.3238
20680,16.7364
20681,16.6516
20682,16.6312
20683,17.8417
20684,15.4561
20685,16.7752
20686,16.7115
20687,16.6403
20688,16.9929
20689,16.8146
20690,16.3561
20691,16.4177
20692,17.0784
20693,16.1713
20694,16.7420
20695,16.5685
20696,16.7608
20697,16.7925
20698,16.5949
20699,16.5762
20700,16.6691
20701,16.8226
20702,17.2968
20703,15.9338
20704,16.7885
20705,16.6128
20706,16.6011
20707,16.7947
20708,16.5158
20709,16.6856
20710,16.7155
20711,16.6224
20712,16.8227
20713,16.7793
20714,16.6630
20715,16.3999
20716,16.5975
20717,16.6756
20718,16.7178
20719,16.6317
20720,16.9115
20721,16.3840
20722,16.8098
20723,16.5568
20724,16.5766
20725,17.1834
20726,16.7116
20727,16.1851
20728,16.6638
20729,16.7235
20730,16.6162
20731,16.6995
20732,16.6338
20733,16.7516
20734,16.5799
20735,16.6330
20736,16.8871
20737,16.6323
20738,17.6660
20739,15.7407
20740,16.4701
20741,16.6049
20742,16.6552
20743,16.7192
20744,16.6296
20745,16.7049
20746,16.7954
20747,16.6912
20748,16.5253
20749,16.7364
20750,16.7016
20751,16.5905
20752,16.6569
20753,18.2970
20754,15.9044
20755,19.3220
20756,17.2347
20757,12.9507
20758,16.3506
20759,16.9066
20760,16.8215
20761,16.6435
20762,17.9514
20763,14.9904
20764,16.6426
20765,17.2784
20766,15.9601
20767,18.3246
20768,15.1179
20769,19.9736
20770,13.3456
20771,16.7053
20772,17.0472
20773,16.6197
20774,16.6300
20775,16.2420
20776,16.7818
20777,16.6869
20778,17.7232
20779,15.5213
20780,16.6626
20781,16.8751
20782,16.3799
20783,16.8185
20784,16.7530
20785,17.0088
20786,16.6781
20787,16.3146
20788,16.3866
20789,16.7918
20790,16.6986
20791,16.5764
20792,16.7828
20793,16.8655
20794,16.3997
20795,16.6666
20796,16.7316
20797,16.4375
20798,16.8250
20799,16.9127
20800,16.5767
20801,16.4978
20802,16.8063
20803,17.3704
20804,15.7627
20805,16.7693
20806,16.6026
20807,17.0218
20808,17.1121
20809,16.2381
20810,17.0701
20811,15.8600
20812,17.2028
20813,16.2060
20814,16.6709
20815,16.5611
20816,16.6789
20817,16.6607
20818,16.6222
20819,16.9480
20820,16.3833
20821,17.0392
20822,16.7705
20823,16.1653
20824,17.2584
20825,16.1300
20826,16.7177
20827,16.6744
20828,16.6849
20829,16.6270
20830,16.6654
20831,16.7281
20832,16.8012
20833,16.9395
20834,16.4726
20835,16.3803
20836,16.6959
20837,16.6588
20838,16.5767
20839,16.7279
20840,16.7062
20841,16.5801
20842,16.7698
20843,16.6604
20844,16.7048
20845,17.0521
20846,16.4716
20847,16.4253
20848,16.6920
20849,16.6610
20850,16.5648
20851,16.7346
20852,16.6534
20853,16.7097
20854,16.6632
20855,18.5003
20856,15.0083
20857,16.7687
20858,16.6470
20859,16.3686
20860,16.6785
20861,16.6715
20862,16.6139
20863,16.7209
20864,16.6478
20865,16.7035
20866,16.6487
20867,16.6477
20868,16.7212
20869,16.6522
20870,17.3138
20871,15.8771
20872,16.9203
20873,16.9400
20874,16.2904
20875,16.5141
20876,16.6761
20877,16.8380
20878,16.5466
20879,16.5950
20880,16.7686
20881,17.0928
20882,16.2054
20883,16.6798
20884,16.9875
20885,16.4247
20886,16.6103
20887,16.8576
20888,16.4859
20889,16.6749
20890,16.6205
20891,16.5889
20892,16.7673
20893,17.0878
20894,16.2842
20895,16.6051
20896,16.6088
20897,17.6316
20898,16.5631
20899,15.8423
20900,16.6783
20901,16.6854
20902,16.6145
20903,16.9216
20904,16.4279
20905,16.7047
20906,16.5798
20907,16.9152
20908,16.4990
20909,16.6274
20910,16.8662
20911,17.3720
20912,15.6894
20913,16.8109
20914,16.6344
20915,16.6529
20916,16.6696
20917,16.6716
20918,16.7028
20919,16.6695
20920,16.5465
20921,16.9373
20922,16.5446
20923,16.6039
20924,16.8306
20925,16.4126
20926,17.1671
20927,16.2108
20928,16.6992
20929,17.1384
20930,16.5827
20931,16.3128
20932,16.6216
20933,16.6463
20934,16.6649
20935,16.6186
20936,16.7574
20937,16.6709
20938,16.6482
20939,17.2273
20940,16.1182
20941,16.6123
20942,16.7380
20943,16.6149
20944,16.7231
20945,16.6487
20946,16.6333
20947,16.6373
20948,16.6921
20949,16.6538
20950,16.7029
20951,16.7905
20952,16.4962
20953,16.9827
20954,16.6011
20955,16.3997
20956,16.7263
20957,16.5830
20958,16.7319
20959,16.8308
20960,16.4707
20961,16.7059
20962,16.6975
20963,17.0301
20964,17.6641
20965,15.1576
20966,16.7255
20967,16.7121
20968,16.8241
20969,16.5186
20970,16.6024
20971,16.9566
20972,16.4212
20973,16.8607
20974,16.4752
20975,16.5702
20976,17.1658
20977,16.7517
20978,16.0629
20979,17.2693
20980,16.1996
20981,16.5928
20982,16.6143
20983,16.8031
20984,16.5951
20985,16.6963
20986,16.7079
20987,16.6837
20988,16.6113
20989,16.7858
20990,17.1329
20991,16.6932
20992,16.4900
20993,16.2338
20994,16.7481
20995,16.5766
20996,16.5722
20997,16.7848
20998,16.6069
20999,16.6145
21000,16.6358
21001,16.7428
21002,16.6776
21003,16.7061
21004,16.6183
21005,16.6775
21006,16.6198
21007,16.7047
21008,16.6041
21009,16.6494
21010,16.6965
21011,16.6920
21012,16.7126
21013,16.5923
21014,16.6346
21015,16.7902
21016,16.6332
21017,16.5682
21018,18.1732
21019,15.2013
21020,16.5974
21021,16.8306
21022,16.5130
21023,16.7230
21024,16.8563
21025,16.4218
21026,16.8230
21027,16.5762
21028,16.8515
21029,16.4749
21030,18.1451
21031,15.1124
21032,16.8284
21033,16.5941
21034,16.6074
21035,16.7691
21036,16.6923
21037,16.5638
21038,16.6494
21039,16.8111
21040,16.6391
21041,16.5913
21042,16.7456
21043,16.7902
21044,16.5993
21045,16.5725
21046,16.6957
21047,16.6364
21048,17.9523
21049,15.9204
21050,16.1144
21051,16.7106
21052,16.6055
21053,16.6707
21054,16.6797
21055,16.6132
21056,16.6259
21057,16.7513
21058,16.6244
21059,19.0571
21060,14.3126
21061,16.6841
21062,16.7205
21063,16.5728
21064,17.5536
21065,15.8942
21066,16.6158
21067,16.6899
21068,16.6247
21069,16.7024
21070,16.9111
21071,16.3199
21072,17.7901
21073,15.5306
21074,17.0723
21075,17.4676
21076,16.1286
21077,16.9709
21078,15.7889
21079,16.6008
21080,16.6899
21081,16.6237
21082,16.6421
21083,17.0941
21084,16.4549
21085,16.5119
21086,16.8777
21087,16.4729
21088,16.5833
21089,16.6932
21090,16.6701
21091,16.6608
21092,16.7064
21093,16.6628
21094,16.6678
21095,16.6369
21096,17.7260
21097,16.0256
21098,16.7008
21099,16.3832
21100,16.5555
21101,16.5774
21102,18.7940
21103,14.6284
21104,16.6887
21105,16.5765
21106,16.6743
21107,16.7249
21108,16.7115
21109,16.7013
21110,17.2544
21111,15.9212
21112,17.5072
21113,16.4766
21114,16.3214
21115,16.4250
21116,16.6573
21117,16.5874
21118,16.6941
21119,16.6354
21120,16.6718
21121,17.3775
21122,16.1277
21123,16.6266
21124,16.5161
21125,16.7363
21126,16.7146
21127,16.6019
21128,16.6948
21129,16.5669
21130,16.7423
21131,16.6115
21132,16.7244
21133,17.0534
21134,17.3967
21135,15.7450
21136,18.3451
21137,15.5511
21138,15.8950
21139,16.6865
21140,16.5869
21141,16.7428
21142,16.6510
21143,16.6631
21144,17.0097
21145,16.5019
21146,16.4036
21147,16.7987
21148,16.7237
21149,16.5815
21150,16.7670
21151,16.6337
21152,16.5574
21153,16.6926
21154,16.6458
21155,16.7124
21156,16.6014
21157,16.6907
21158,16.7402
21159,16.6842
21160,16.5577
21161,16.6293
21162,16.9962
21163,16.5011
21164,16.6212
21165,16.7263
21166,16.5406
21167,16.6512
21168,17.2979
21169,16.2585
21170,16.5006
21171,16.6403
21172,16.6743
21173,17.1093
21174,16.2253
21175,16.6558
21176,16.6222
21177,16.7446
21178,16.6184
21179,17.2113
21180,16.0996
21181,16.6883
21182,16.7407
21183,16.6789
21184,16.6344
21185,16.6721
21186,16.5963
21187,16.8170
21188,16.6019
21189,16.7116
21190,16.6564
21191,16.6581
21192,17.6230
21193,16.1453
21194,16.8154
21195,16.1312
21196,16.6307
21197,16.7528
21198,16.6910
21199,16.4946
21200,16.6621
21201,16.7047
21202,16.6169
21203,16.7516
21204,16.5799
21205,16.9268
21206,17.3763
21207,15.9762
21208,16.2918
21209,16.8456
21210,16.5814
21211,16.6434
21212,16.8522
21213,16.6521
21214,16.5400
21215,16.6184
21216,17.0320
21217,16.6582
21218,17.6141
21219,16.4402
21220,15.5649
21221,16.9326
21222,16.4060
21223,16.6974
21224,16.6353
21225,16.6025
21226,16.6392
21227,16.8479
21228,16.6563
21229,16.5093
21230,16.9220
21231,16.5756
21232,16.7961
21233,16.5335
21234,17.6619
21235,17.3628
21236,14.8464
21237,16.6726
21238,16.7155
21239,16.6827
21240,16.5333
21241,17.3481
21242,16.0318
21243,16.6634
21244,17.2806
21245,16.1244
21246,16.5790
21247,16.8399
21248,16.4835
21249,16.8873
21250,16.4638
21251,16.7568
21252,16.5315
21253,16.7214
21254,16.7163
21255,16.6484
21256,16.6527
21257,16.7391
21258,16.6248
21259,16.6763
21260,16.6768
21261,16.6608
21262,17.4218
21263,15.8901
21264,16.6848
21265,16.5973
21266,16.7771
21267,16.6931
21268,16.5497
21269,16.7075
21270,16.6629
21271,16.7891
21272,16.5211
21273,16.7463
21274,16.6289
21275,16.6635
21276,16.6331
21277,16.8498
21278,16.7502
21279,16.6118
21280,16.4768
21281,16.6212
21282,16.6880
21283,16.6457
21284,16.7266
21285,16.6000
21286,16.6895
21287,16.6624
21288,17.2585
21289,16.1983
21290,17.0391
21291,16.9180
21292,16.3383
21293,16.2557
21294,17.3918
21295,15.9121
21296,16.6806
21297,16.6480
21298,16.6134
21299,16.8135
21300,16.5621
21301,17.5780
21302,16.8936
21303,15.8851
21304,17.5137
21305,15.5721
21306,16.6506
21307,16.6224
21308,16.6516
21309,16.6639
21310,16.7106
21311,16.6410
21312,17.0244
21313,16.2432
21314,16.6757
21315,16.8131
21316,16.6680
21317,16.5886
21318,18.3062
21319,14.9262
21320,16.7463
21321,16.6664
21322,16.6782
21323,16.6285
21324,16.6630
21325,16.5521
21326,17.0556
21327,16.6935
21328,16.3212
21329,16.9050
21330,16.5764
21331,16.9239
21332,16.2854
21333,17.2491
21334,16.0645
21335,16.6435
21336,16.8567
21337,16.4728
21338,17.2443
21339,16.0946
21340,16.7755
21341,16.7521
21342,16.5910
21343,16.5579
21344,16.7008
21345,16.6582
21346,16.6101
21347,16.7350
21348,16.6640
21349,16.6381
21350,17.1179
21351,16.7253
21352,16.2668
21353,16.5766
21354,16.6332
21355,16.6472
21356,16.7680
21357,16.6560
21358,16.8396
21359,16.4408
21360,16.6712
21361,17.9251
21362,15.3860
21363,17.2770
21364,16.3867
21365,20.3404
21366,14.4369
21367,15.4586
21368,17.6734
21369,15.1977
21370,16.7543
21371,16.5378
21372,18.6366
21373,14.6397
21374,16.9304
21375,16.6915
21376,16.3837
21377,19.7092
21378,13.6433
21379,17.2996
21380,16.0802
21381,16.6598
21382,16.5654
21383,16.7043
21384,16.7105
21385,16.5129
21386,17.3155
21387,16.3871
21388,16.3883
21389,16.6217
21390,16.7115
21391,16.7695
21392,16.5990
21393,16.6539
21394,16.7072
21395,16.5287
21396,16.7338
21397,16.6448
21398,17.1130
21399,16.8713
21400,16.0519
21401,16.6483
21402,16.6864
21403,16.7387
21404,16.5163
21405,16.7255
21406,16.6338
21407,16.6850
21408,17.3690
21409,15.9694
21410,17.8756
21411,15.4197
21412,17.1929
21413,16.2117
21414,16.6468
21415,16.5445
21416,16.7200
21417,16.8419
21418,16.4815
21419,16.8064
21420,16.5365
21421,16.8133
21422,16.5729
21423,16.8644
21424,16.5270
21425,16.6298
21426,16.6178
21427,16.6518
21428,16.7092
21429,16.6083
21430,16.6129
21431,16.8160
21432,16.7315
21433,16.5598
21434,16.6816
21435,17.2805
21436,16.0341
21437,16.6815
21438,16.6606
21439,16.6009
21440,16.7359
21441,16.7209
21442,16.6140
21443,16.6819
21444,16.6739
21445,16.5172
21446,16.7574
21447,16.8441
21448,16.5195
21449,16.7596
21450,16.5588
21451,16.7080
21452,16.6499
21453,17.0574
21454,16.2732
21455,16.5982
21456,16.7891
21457,16.5262
21458,17.4314
21459,29.6352
21460,4.5778
21461,16.4163
21462,15.6884
21463,18.5690
21464,16.4649
21465,18.2607
21466,13.7245
21467,17.0761
21468,15.9301
21469,16.6882
21470,16.7817
21471,16.2617
21472,16.8327
21473,16.4909
21474,16.6415
21475,18.1109
21476,16.0646
21477,16.5451
21478,17.3687
21479,15.9521
21480,17.6649
21481,18.1994
21482,15.2793
21483,15.2741
21484,17.1543
21485,16.3767
21486,32.6441
21487,2.4060
21488,14.2439
21489,16.6556
21490,16.7480
21491,16.7345
21492,16.5301
21493,16.6687
21494,17.1199
21495,16.7652
21496,16.1130
21497,16.6007
21498,17.0170
21499,17.1124
21500,16.5118
21501,16.9416
21502,16.7452
21503,16.5162
21504,16.8658
21505,18.8005
21506,13.8881
21507,16.2780
21508,16.6542
21509,16.6335
21510,16.6915
21511,17.3864
21512,16.7464
21513,16.9869
21514,16.9857
21515,15.9425
21516,17.1331
21517,16.7248
21518,18.6455
21519,14.1787
21520,16.7513
21521,16.6535
21522,16.6539
21523,16.9392
21524,16.3969
21525,17.0072
21526,17.0607
21527,16.8142
21528,14.9990
21529,16.8478
21530,17.3559
21531,15.7430
21532,18.4650
21533,14.8166
21534,16.7160
21535,16.6434
21536,16.6643
21537,16.6534
21538,16.7892
21539,16.7712
21540,16.4782
21541,16.7343
21542,16.6108
21543,16.7903
21544,16.6648
21545,16.9491
21546,16.3090
21547,17.4768
21548,16.7005
21549,16.7947
21550,17.2794
21551,15.0720
21552,16.8994
21553,17.4519
21554,15.5557
21555,16.7077
21556,16.8476
21557,16.6480
21558,16.4850
21559,17.3607
21560,15.9404
21561,17.9447
21562,16.3789
21563,16.7288
21564,16.5504
21565,16.7040
21566,17.3643
21567,15.9342
21568,16.6575
21569,16.5909
21570,17.5531
21571,14.9826
21572,19.2487
21573,15.1584
21574,16.5695
21575,16.5821
21576,15.8860
21577,16.4899
21578,17.0857
21579,17.4418
21580,16.4300
21581,17.3289
21582,15.9867
21583,16.8066
21584,15.9284
21585,16.3405
21586,16.6989
21587,16.6823
21588,16.5861
21589,16.6870
21590,16.6714
21591,17.9206
21592,15.5216
21593,16.7523
21594,16.4300
21595,16.8654
21596,17.1296
21597,16.7209
21598,15.9957
21599,16.7268
21600,16.6083
21601,16.6898
21602,16.8678
21603,17.3590
21604,15.8142
21605,17.6407
21606,16.9395
21607,16.6631
21608,16.0540
21609,16.7052
21610,17.0072
21611,17.0156
21612,15.2737
21613,17.6268
21614,15.5941
21615,16.7651
21616,16.5905
21617,16.6663
21618,16.9523
21619,16.4534
21620,16.7184
21621,16.5222
21622,16.7918
21623,16.5786
21624,16.6911
21625,16.9084
21626,17.1280
21627,15.9855
21628,16.7853
21629,16.7773
21630,17.2872
21631,15.8925
21632,16.6634
21633,16.6188
21634,16.6574
21635,16.6929
21636,16.7137
21637,16.5289
21638,17.1228
21639,16.2043
21640,16.6122
21641,16.8492
21642,16.6589
21643,16.5988
21644,16.6618
21645,16.6453
21646,16.8058
21647,16.5707
21648,16.6079
21649,16.9904
21650,16.5622
21651,16.4894
21652,16.7341
21653,16.6271
21654,16.6551
21655,16.5444
21656,16.7686
21657,16.7008
21658,16.5401
21659,16.7543
21660,16.6935
21661,16.5948
21662,16.6684
21663,18.2660
21664,16.0979
21665,16.3947
21666,15.8818
21667,16.7638
21668,16.6450
21669,16.6702
21670,16.6311
21671,16.7742
21672,16.5447
21673,16.7273
21674,16.6821
21675,16.6481
21676,16.6522
21677,16.6540
21678,16.7890
21679,16.3679
21680,16.9056
21681,16.6124
21682,16.6518
21683,16.6344
21684,16.8132
21685,16.4223
21686,17.2260
21687,16.7511
21688,16.2713
21689,16.4639
21690,16.9243
21691,16.4440
21692,16.7127
21693,16.6500
21694,17.9053
21695,15.3411
21696,16.7176
21697,16.6795
21698,17.5680
21699,15.6795
21700,16.7029
21701,16.7148
21702,16.6489
21703,16.6367
21704,16.8128
21705,16.7119
21706,16.5952
21707,18.2319
21708,14.9998
21709,16.6556
21710,16.6535
21711,16.6954
21712,16.7137
21713,16.5411
21714,16.8888
21715,16.5284
21716,16.7662
21717,16.5161
21718,16.8745
21719,16.8356
21720,16.4996
21721,16.6847
21722,16.7273
21723,16.3981
21724,16.7277
21725,16.6578
21726,16.7113
21727,16.6018
21728,16.7470
21729,16.6059
21730,16.6838
21731,16.5913
21732,16.6920
21733,16.6610
21734,17.2350
21735,16.5089
21736,16.2031
21737,16.6586
21738,16.8418
21739,16.5374
21740,16.6750
21741,16.6770
21742,16.6840
21743,16.8268
21744,16.4372
21745,17.2676
21746,16.1258
21747,16.6239
21748,16.8212
21749,16.5186
21750,17.0194
21751,16.2747
21752,16.8780
21753,16.8288
21754,16.5075
21755,16.6047
21756,16.5632
21757,17.3241
21758,17.4804
21759,16.1049
21760,16.7640
21761,16.4954
21762,16.4755
21763,16.6549
21764,17.2691
21765,16.7257
21766,16.7081
21767,16.7235
21768,15.4169
21769,18.1546
21770,16.6139
21771,16.3122
21772,15.4297
21773,16.6348
21774,16.7278
21775,16.6259
21776,16.6747
21777,16.6356
21778,16.8628
21779,16.5485
21780,16.7301
21781,16.5354
21782,16.7012
21783,16.7706
21784,16.6590
21785,17.4173
21786,17.3810
21787,15.1412
21788,17.5417
21789,16.6663
21790,16.9120
21791,16.4519
21792,16.9938
21793,16.7632
21794,16.5433
21795,16.2677
21796,17.3217
21797,16.0387
21798,16.6118
21799,16.5028
21800,16.4924
21801,17.0122
21802,16.5732
21803,17.1930
21804,16.5788
21805,16.7610
21806,16.0723
21807,16.5687
21808,16.0786
21809,16.8217
21810,17.2402
21811,15.9659
21812,16.7310
21813,16.5349
21814,16.7032
21815,16.6871
21816,16.6856
21817,17.8926
21818,15.6811
21819,16.4755
21820,16.6848
21821,16.4851
21822,16.7205
21823,16.6372
21824,16.6766
21825,16.6810
21826,16.5968
21827,16.7884
21828,16.6915
21829,16.5368
21830,17.6676
21831,16.3481
21832,17.1729
21833,15.5809
21834,16.5848
21835,16.6768
21836,16.8470
21837,16.5162
21838,16.6978
21839,16.6800
21840,16.6144
21841,17.0403
21842,16.4752
21843,17.2400
21844,15.8930
21845,16.7391
21846,16.6256
21847,16.6509
21848,16.7117
21849,16.7004
21850,16.6175
21851,16.5848
21852,16.6941
21853,17.2434
21854,16.3422
21855,16.7698
21856,16.3426
21857,16.5957
21858,16.7752
21859,16.5262
21860,16.7364
21861,16.7674
21862,16.6420
21863,16.6658
21864,16.5302
21865,16.7034
21866,17.3818
21867,15.9557
21868,16.6661
21869,16.6434
21870,16.6993
21871,16.7710
21872,16.5679
21873,16.6457
21874,16.6362
21875,16.6893
21876,16.6628
21877,16.6598
21878,16.7097
21879,16.8070
21880,16.5436
21881,16.7895
21882,17.1135
21883,16.0297
21884,21.1271
21885,16.6395
21886,13.1387
21887,18.0367
21888,14.4631
21889,16.7139
21890,16.6036
21891,18.5312
21892,15.0921
21893,16.4892
21894,16.5750
21895,16.8771
21896,16.5347
21897,16.5907
21898,16.6583
21899,16.5963
21900,16.6695
21901,16.8400
21902,16.5248
21903,17.1773
21904,17.6847
21905,15.0202
21906,16.8301
21907,16.5642
21908,16.7896
21909,16.5823
21910,16.7692
21911,16.5460
21912,16.6558
21913,16.6849
21914,16.6127
21915,16.8415
21916,16.4984
21917,16.8077
21918,17.1509
21919,16.0549
21920,16.6640
21921,16.6751
21922,16.6549
21923,16.7173
21924,16.6941
21925,16.6784
21926,16.5914
21927,17.1598
21928,16.0975
21929,16.7801
21930,16.5993
21931,16.6772
21932,16.9447
21933,16.3946
21934,16.6583
21935,16.6402
21936,16.8865
21937,16.4509
21938,18.1460
21939,15.5067
21940,16.6083
21941,16.4260
21942,16.6656
21943,16.6839
21944,16.6766
21945,16.6518
21946,16.6263
21947,16.8373
21948,16.5192
21949,16.7110
21950,16.6664
21951,17.3675
21952,16.1643
21953,16.4386
21954,16.9317
21955,17.0766
21956,15.9521
21957,16.9059
21958,16.4695
21959,16.7003
21960,16.7319
21961,17.8222
21962,15.7089
21963,17.5443
21964,15.6650
21965,16.6552
21966,16.5446
21967,16.7157
21968,16.5231
21969,16.7577
21970,16.5032
21971,16.8249
21972,16.5859
21973,16.7223
21974,16.6283
21975,16.7174
21976,17.1887
21977,16.0397
21978,16.7860
21979,16.8675
21980,16.3940
21981,16.6285
21982,16.7312
21983,16.7142
21984,16.6184
21985,16.8307
21986,16.4779
21987,16.6125
21988,16.6905
21989,16.7762
21990,16.6889
21991,16.5996
21992,16.6221
21993,16.6761
21994,16.6802
21995,16.6627
21996,16.6073
21997,16.6451
21998,16.7505
21999,16.6519
22000,16.7873
22001,16.5236
22002,17.5326
22003,15.8446
22004,16.6704
22005,16.9224
22006,16.4740
22007,16.6592
22008,16.8986
22009,16.5683
22010,17.9927
22011,16.4683
22012,16.5392
22013,16.5359
22014,16.8109
22015,18.1087
22016,13.9946
22017,17.0572
22018,17.2421
22019,16.4756
22020,18.4317
22021,14.4312
22022,16.4135
22023,17.0610
22024,16.4700
22025,16.8980
22026,16.3660
22027,16.5913
22028,16.5039
22029,16.7170
22030,16.6908
22031,16.5927
22032,16.9811
22033,16.8768
22034,16.2164
22035,17.0377
22036,16.2589
22037,16.6326
22038,16.6825
22039,16.7073
22040,16.6032
22041,16.6239
22042,16.7182
22043,16.7106
22044,16.7076
22045,16.8944
22046,16.8539
22047,16.6226
22048,16.1680
22049,16.6986
22050,16.6972
22051,16.6184
22052,16.7068
22053,16.8064
22054,16.5315
22055,16.6977
22056,16.6597
22057,16.7139
22058,16.9840
22059,16.8186
22060,16.1992
22061,16.6739
22062,16.5586
22063,16.7048
22064,16.6951
22065,16.5871
22066,16.6949
22067,16.9100
22068,16.4677
22069,16.6308
22070,16.6589
22071,17.7947
22072,16.4940
22073,16.0188
22074,16.3985
22075,16.6654
22076,16.5992
22077,16.6803
22078,16.6979
22079,16.7030
22080,16.7047
22081,16.6876
22082,16.5995
22083,17.3397
22084,16.4333
22085,16.1509
22086,16.7507
22087,16.6920
22088,16.6832
22089,16.5327
22090,17.2553
22091,16.1081
22092,16.6754
22093,16.7115
22094,16.6285
22095,16.6607
22096,16.6527
22097,16.5803
22098,16.8232
22099,16.5187
22100,16.9656
22101,16.7046
22102,16.3942
22103,16.6380
22104,16.6628
22105,16.6732
22106,16.6834
22107,18.1600
22108,17.0076
22109,14.8217
22110,16.6882
22111,17.2856
22112,17.0534
22113,15.6350
22114,17.7736
22115,15.5636
22116,16.7296
22117,16.6214
22118,16.7443
22119,17.1760
22120,16.5250
22121,16.4370
22122,16.4759
22123,16.6704
22124,16.8656
22125,20.8532
22126,12.4763
22127,17.0424
22128,17.8837
22129,14.9922
22130,17.2058
22131,16.9545
22132,16.1468
22133,16.8200
22134,15.9821
22135,17.2127
22136,16.1833
22137,16.6240
22138,16.7245
22139,16.6321
22140,16.6257
22141,16.6925
22142,16.7496
22143,17.4933
22144,17.8698
22145,14.5946
22146,16.6769
22147,17.6968
22148,15.6664
22149,16.7843
22150,16.4973
22151,16.6865
22152,16.6914
22153,16.5386
22154,16.7283
22155,16.9493
22156,16.6744
22157,16.4181
22158,16.5329
22159,16.7332
22160,16.6151
22161,16.7153
22162,16.8118
22163,16.6064
22164,16.5626
22165,16.7191
22166,16.6459
22167,16.6460
22168,16.6871
22169,16.7416
22170,16.6374
22171,16.6504
22172,16.6799
22173,16.6279
22174,19.9941
22175,15.0658
22176,15.3949
22177,17.6123
22178,15.3422
22179,16.7496
22180,16.7982
22181,16.6204
22182,16.4444
22183,16.6555
22184,16.6665
22185,16.7026
22186,16.8557
22187,16.5338
22188,18.6585
22189,14.5996
22190,17.1881
22191,16.2257
22192,16.6062
22193,16.6097
22194,17.3575
22195,16.0290
22196,16.6372
22197,17.2707
22198,16.1724
22199,16.6125
22200,16.5456
22201,17.1874
22202,17.1784
22203,16.5262
22204,15.8104
22205,17.3188
22206,16.0637
22207,16.5807
22208,16.6030
22209,16.7712
22210,16.7045
22211,16.6150
22212,16.7650
22213,16.7856
22214,16.4903
22215,16.6858
22216,17.8287
22217,15.4359
22218,17.6400
22219,15.8574
22220,16.5595
22221,16.6097
22222,16.7864
22223,16.6450
22224,16.8431
22225,16.5798
22226,16.9555
22227,16.6495
22228,16.2497
22229,16.6003
22230,16.7451
22231,16.6212
22232,16.6179
22233,16.6531
22234,16.6607
22235,16.8815
22236,16.4938
22237,16.6613
22238,16.7139
22239,16.6182
22240,16.6199
22241,16.7993
22242,16.5583
22243,16.7294
22244,16.6795
22245,16.6321
22246,16.8155
22247,16.5411
22248,16.6431
22249,16.8493
22250,17.1173
22251,16.5809
22252,16.2136
22253,17.2287
22254,16.0352
22255,16.6560
22256,16.6700
22257,16.6889
22258,16.5831
22259,16.6377
22260,16.6735
22261,16.7430
22262,16.6089
22263,16.6526
22264,16.8560
22265,16.7093
22266,17.2438
22267,16.3614
22268,16.1681
22269,16.7868
22270,16.6007
22271,16.7132
22272,16.6101
22273,16.6620
22274,16.7376
22275,16.5583
22276,16.6978
22277,16.6447
22278,16.6740
22279,17.3979
22280,15.9113
22281,16.6391
22282,16.6362
22283,16.7476
22284,16.6655
22285,16.6331
22286,16.7262
22287,16.6480
22288,16.6707
22289,16.6027
22290,16.8018
22291,16.6528
22292,16.6815
22293,16.5762
22294,16.5826
22295,16.6822
22296,16.7859
22297,16.6166
22298,16.7198
22299,16.5436
22300,16.7585
22301,17.2992
22302,15.9414
22303,16.7024
22304,16.7093
22305,16.6220
22306,16.7171
22307,16.7082
22308,16.5311
22309,16.6757
22310,16.6785
22311,16.6617
22312,16.6426
22313,16.7422
22314,16.6488
22315,16.5912
22316,16.7298
22317,16.6666
22318,16.6595
22319,17.5240
22320,15.7681
22321,16.7228
22322,16.8953
22323,16.7240
22324,16.8092
22325,16.8309
22326,16.0437
22327,16.7194
22328,16.5561
22329,16.6922
22330,16.7546
22331,16.5291
22332,16.8161
22333,16.6516
22334,16.6412
22335,17.0096
22336,16.9123
22337,16.1037
22338,16.6602
22339,16.6187
22340,16.6843
22341,16.7015
22342,16.6242
22343,16.7641
22344,16.4937
22345,16.7726
22346,16.6767
22347,17.0659
22348,16.1701
22349,16.8230
22350,16.5559
22351,16.6840
22352,17.2414
22353,20.1897
22354,13.9438
22355,15.2858
22356,18.8014
22357,14.6415
22358,16.6134
22359,16.6697
22360,16.6348
22361,16.9308
22362,18.9348
22363,14.0897
22364,16.6414
22365,16.7314
22366,17.0220
22367,16.3378
22368,16.9703
22369,16.3232
22370,16.6158
22371,17.7569
22372,17.3723
22373,16.6138
22374,15.3718
22375,16.2222
22376,16.6897
22377,16.6661
22378,16.7038
22379,16.6732
22380,17.2104
22381,16.1318
22382,16.7166
22383,17.1089
22384,17.2193
22385,16.0535
22386,16.8647
22387,16.0362
22388,16.7151
22389,16.6272
22390,16.6929
22391,16.5901
22392,16.6545
22393,16.8814
22394,16.4289
22395,16.8751
22396,16.4744
22397,16.7529
22398,17.5356
22399,16.4943
22400,15.9492
22401,16.6656
22402,16.6971
22403,16.7397
22404,16.6029
22405,16.6290
22406,16.6712
22407,16.6229
22408,16.6786
22409,16.7927
22410,16.6566
22411,16.5958
22412,16.8479
22413,16.5453
22414,16.5186
22415,17.2510
22416,17.2441
22417,15.6729
22418,16.6362
22419,16.5850
22420,16.6593
22421,16.6797
22422,16.5579
22423,16.6552
22424,16.9109
22425,16.5909
22426,16.5273
22427,16.6757
22428,17.3786
22429,15.9834
22430,16.5763
22431,16.7174
22432,16.6266
22433,16.7026
22434,16.8443
22435,16.4787
22436,16.9116
22437,16.8688
22438,16.8305
22439,16.7813
22440,16.4748
22441,16.2113
22442,17.3790
22443,17.5765
22444,14.9410
22445,17.4089
22446,15.9074
22447,16.6643
22448,16.7345
22449,16.8826
22450,16.4894
22451,16.7700
22452,16.7742
22453,16.6731
22454,16.4417
22455,16.9100
22456,16.7524
22457,16.3694
22458,16.6749
22459,16.5529
22460,16.8424
22461,16.4991
22462,16.7158
22463,16.7450
22464,16.5109
22465,16.7856
22466,17.6158
22467,16.0105
22468,17.9896
22469,15.2380
22470,17.6069
22471,16.4594
22472,18.4953
22473,15.9313
22474,15.9355
22475,15.3885
22476,16.9145
22477,16.5937
22478,16.5357
22479,16.7910
22480,16.7447
22481,16.3604
22482,16.6503
22483,16.6214
22484,16.8010
22485,16.5813
22486,16.6191
22487,16.7173
22488,16.6826
22489,16.8144
22490,17.8964
22491,15.2893
22492,17.5405
22493,15.9186
22494,16.5280
22495,16.6987
22496,16.8579
22497,16.4421
22498,17.0830
22499,17.6798
22500,16.7210
22501,16.1058
22502,15.7239
22503,19.6190
22504,13.8397
22505,16.5836
22506,16.7010
22507,17.0448
22508,16.2165
22509,16.6651
22510,16.6790
22511,16.6488
22512,16.6592
22513,17.0688
22514,16.1868
22515,17.4496
22516,15.8793
22517,16.8087
22518,16.6373
22519,16.6293
22520,16.5841
22521,16.8046
22522,16.5747
22523,16.8629
22524,16.4515
22525,16.7119
22526,16.6983
22527,17.6858
22528,16.0381
22529,16.2230
22530,16.6577
22531,16.6495
22532,16.6581
22533,16.7479
22534,16.6349
22535,16.7317
22536,16.6529
22537,16.5641
22538,18.0804
22539,15.3136
22540,16.8450
22541,16.5467
22542,18.3739
22543,16.8080
22544,20.9645
22545,10.7956
22546,16.8267
22547,16.2670
22548,16.6157
22549,16.6063
22550,16.6727
22551,16.6053
22552,17.5424
22553,16.2377
22554,17.0835
22555,15.7874
22556,16.7200
22557,17.1057
22558,16.3024
22559,16.5905
22560,16.6643
22561,16.6412
22562,17.3908
22563,16.8142
22564,16.0633
22565,16.7553
22566,16.3075
22567,16.7201
22568,16.6279
22569,16.7589
22570,16.5317
22571,16.7632
22572,16.6447
22573,16.5512
22574,16.8443
22575,16.6176
22576,16.7800
22577,16.4581
22578,18.0674
22579,15.9611
22580,16.0718
22581,16.6045
22582,16.6819
22583,16.6844
22584,16.5940
22585,16.6556
22586,16.9902
22587,16.3929
22588,16.8645
22589,16.5332
22590,16.6065
22591,16.6515
22592,16.7555
22593,17.4166
22594,16.0681
22595,16.4304
22596,16.6801
22597,16.5628
22598,16.7629
22599,16.7294
22600,16.5888
22601,16.8688
22602,16.4355
22603,16.7128
22604,16.6455
22605,16.7713
22606,16.5228
22607,17.2764
22608,16.1487
22609,16.6112
22610,16.7818
22611,16.6965
22612,16.5461
22613,16.6738
22614,16.6616
22615,16.6328
22616,16.6771
22617,16.6085
22618,16.8415
22619,16.6366
22620,16.8556
22621,16.4621
22622,16.6171
22623,16.8457
22624,16.4117
22625,16.7807
22626,16.6618
22627,16.5911
22628,16.6412
22629,16.6258
22630,16.6775
22631,16.7386
22632,16.6678
22633,17.7140
22634,16.3112
22635,16.5027
22636,16.5717
22637,16.1763
22638,16.7569
22639,16.6113
22640,16.7549
22641,16.6322
22642,16.6071
22643,16.8239
22644,16.5531
22645,16.7287
22646,16.5777
22647,17.3104
22648,16.1598
22649,16.4460
22650,16.7093
22651,16.6718
22652,16.6484
22653,16.6933
22654,16.6555
22655,16.5263
22656,16.7514
22657,16.7120
22658,17.1667
22659,16.6287
22660,17.3977
22661,15.5216
22662,16.6155
22663,16.6618
22664,16.6926
22665,16.6403
22666,16.7163
22667,16.6907
22668,16.6923
22669,16.6773
22670,16.5912
22671,17.5937
22672,16.5171
22673,15.7618
22674,16.7676
22675,16.7030
22676,16.6037
22677,17.7931
22678,15.5493
22679,16.6920
22680,16.6501
22681,16.7974
22682,17.0585
22683,16.2226
22684,17.8615
22685,16.3002
22686,15.8341
22687,16.6201
22688,16.7894
22689,16.5915
22690,16.7127
22691,17.1272
22692,17.1272
22693,18.7381
22694,15.5472
22695,15.0435
22696,16.3407
22697,17.6156
22698,16.2646
22699,16.1518
22700,16.6599
22701,16.6019
22702,16.6093
22703,16.7254
22704,16.6936
22705,16.6274
22706,16.6560
22707,17.2148
22708,16.2154
22709,17.6628
22710,15.5410
22711,16.7217
22712,16.6277
22713,16.9649
22714,16.4712
22715,16.4959
22716,16.7439
22717,16.8478
22718,16.6054
22719,16.4963
22720,17.2055
22721,16.1623
22722,17.5370
22723,15.7769
22724,16.7088
22725,16.6850
22726,16.5900
22727,16.7536
22728,16.5959
22729,16.6955
22730,16.8170
22731,17.0142
22732,16.5330
22733,17.1102
22734,15.8718
22735,16.6265
22736,16.6576
22737,16.7896
22738,16.5818
22739,16.7488
22740,16.5985
22741,16.6160
22742,16.6915
22743,16.7077
22744,16.6953
22745,16.6265
22746,16.7724
22747,16.6105
22748,16.6809
22749,16.5583
22750,17.6359
22751,16.1004
22752,16.3025
22753,16.6203
22754,16.9694
22755,16.3505
22756,16.7421
22757,16.6391
22758,16.7504
22759,16.5308
22760,16.7469
22761,16.5660
22762,16.7123
22763,16.7179
22764,16.7346
22765,16.5070
22766,16.6559
22767,16.7651
22768,16.8829
22769,16.3569
22770,16.7377
22771,16.5823
22772,16.7148
22773,16.6743
22774,16.6776
22775,16.6897
22776,16.7044
22777,16.6473
22778,17.0086
22779,16.2438
22780,17.4289
22781,15.8581
22782,16.7956
22783,16.6018
22784,16.8127
22785,16.5340
22786,16.6966
22787,16.6853
22788,16.6784
22789,16.6710
22790,16.6971
22791,17.2141
22792,16.0585
22793,16.6187
22794,16.6837
22795,16.6430
22796,17.7528
22797,16.0570
22798,16.1563
22799,16.7953
22800,16.6890
22801,16.6096
22802,17.2341
22803,15.9925
22804,16.8050
22805,16.5374
22806,16.7114
22807,16.6640
22808,16.7686
22809,16.6646
22810,16.7463
22811,16.5163
22812,17.0762
22813,16.1867
22814,16.6989
22815,16.6203
22816,16.7473
22817,16.6293
22818,16.6075
22819,16.7658
22820,16.5148
22821,16.8650
22822,17.5229
22823,15.7459
22824,16.7142
22825,16.5670
22826,16.7040
22827,16.6857
22828,16.7307
22829,16.6719
22830,16.6214
22831,16.6973
22832,16.6821
22833,17.3097
22834,16.3435
22835,16.3544
22836,16.5438
22837,16.5652
22838,16.7380
22839,16.6891
22840,16.7462
22841,16.7371
22842,16.6663
22843,16.5592
22844,16.8223
22845,16.4750
22846,17.6470
22847,16.5178
22848,15.7860
22849,16.6877
22850,16.6998
22851,16.8698
22852,16.7102
22853,16.5071
22854,16.6336
22855,16.5942
22856,16.6373
22857,16.7085
22858,16.6068
22859,16.7598
22860,16.6279
22861,17.1654
22862,16.7784
22863,16.0252
22864,17.2372
22865,16.5956
22866,16.3997
22867,16.4157
22868,16.6687
22869,16.6621
22870,16.7218
22871,16.6769
22872,16.6206
22873,16.6516
22874,18.1427
22875,15.2055
22876,17.6152
22877,15.6462
22878,18.2715
22879,15.1607
22880,16.6214
22881,16.7458
22882,17.7826
22883,19.3501
22884,12.7476
22885,16.8038
22886,17.7618
22887,15.8998
22888,17.5208
22889,15.3868
22890,16.6763
22891,16.7295
22892,17.4444
22893,15.8516
22894,16.6213
22895,16.7539
22896,16.5530
22897,16.6736
22898,16.6438
22899,16.7236
22900,17.4655
22901,15.8707
22902,17.4297
22903,16.6822
22904,20.2393
22905,12.5752
22906,17.6421
22907,15.5191
22908,16.6864
22909,16.4402
22910,16.7923
22911,16.7106
22912,17.1957
22913,16.6785
22914,16.0723
22915,16.6167
22916,16.7049
22917,16.6595
22918,16.7036
22919,16.6280
22920,16.7638
22921,16.5278
22922,18.0142
22923,15.7515
22924,16.8748
22925,16.3711
22926,16.3234
22927,16.6933
22928,16.6780
22929,16.6994
22930,16.6675
22931,16.6635
22932,16.6468
22933,16.6889
22934,16.6998
22935,16.6433
22936,16.5829
22937,16.7727
22938,16.5754
22939,16.6816
22940,16.6937
22941,16.6641
22942,16.5976
22943,16.7523
22944,16.6200
22945,16.6742
22946,16.5803
22947,16.7845
22948,17.2648
22949,16.5584
22950,16.1386
22951,16.5780
22952,16.7728
22953,16.6629
22954,16.6297
22955,16.6726
22956,16.7595
22957,16.7950
22958,16.8249
22959,16.2557
22960,17.1088
22961,16.4680
22962,16.4875
22963,17.0721
22964,16.1558
22965,17.0868
22966,16.3027
22967,16.7892
22968,16.5448
22969,16.6186
22970,16.6469
22971,16.7739
22972,17.2340
22973,16.0152
22974,16.7735
22975,16.6935
22976,16.5784
22977,16.6972
22978,16.6846
22979,16.7136
22980,16.5711
22981,16.6329
22982,16.7488
22983,17.2173
22984,16.3122
22985,17.7536
22986,16.2485
22987,16.1844
22988,16.2204
22989,16.7111
22990,16.6791
22991,16.6030
22992,16.6490
22993,16.6240
22994,16.8989
22995,16.5454
22996,17.1396
22997,16.7491
22998,15.9757
22999,16.7202
23000,16.6456
23001,16.7963
23002,16.6398
23003,16.7157
23004,17.4814
23005,15.7593
23006,16.6995
23007,16.6601
23008,17.9909
23009,15.3054
23010,16.6494
23011,16.7869
23012,16.7082
23013,16.5883
23014,16.6291
23015,16.7470
23016,17.0702
23017,16.1211
23018,16.6061
23019,16.7236
23020,16.6862
23021,16.7756
23022,16.5732
23023,17.8025
23024,16.4560
23025,15.9133
23026,16.6706
23027,16.6249
23028,17.7738
23029,16.1404
23030,15.9910
23031,16.5649
23032,17.4800
23033,16.4169
23034,16.1437
23035,17.2088
23036,16.8006
23037,16.5954
23038,16.1672
23039,16.6204
23040,16.6420
23041,16.6568
23042,17.9494
23043,15.9215
23044,16.1369
23045,16.6196
23046,17.0075
23047,16.3464
23048,16.7337
23049,17.1371
23050,16.1876
23051,16.5974
23052,16.7616
23053,16.5962
23054,16.6290
23055,16.7265
23056,16.6928
23057,16.5785
23058,16.6268
23059,17.0647
23060,17.4247
23061,15.6056
23062,16.6731
23063,16.6064
23064,16.7594
23065,16.5271
23066,16.7825
23067,17.4481
23068,15.8653
23069,16.7203
23070,17.2662
23071,16.0027
23072,16.5831
23073,16.6560
23074,16.7866
23075,16.5532
23076,16.7597
23077,16.5218
23078,16.7680
23079,16.7698
23080,17.5341
23081,15.9689
23082,16.4143
23083,16.6066
23084,16.9518
23085,16.4716
23086,16.7263
23087,16.6454
23088,16.5973
23089,16.6411
23090,17.3858
23091,16.5180
23092,16.1269
23093,16.6986
23094,16.5973
23095,16.7445
23096,16.6045
23097,16.7120
23098,16.6611
23099,16.7203
23100,17.0309
23101,16.1454
23102,16.7948
23103,16.6996
23104,16.5953
23105,16.6872
23106,17.0022
23107,16.1678
23108,16.6475
23109,16.8096
23110,16.6132
23111,17.2968
23112,16.0524
23113,16.6239
23114,16.6171
23115,16.7808
23116,16.7492
23117,16.5748
23118,16.6596
23119,16.7393
23120,17.1617
23121,16.2254
23122,16.4888
23123,16.5877
23124,16.7099
23125,16.7094
23126,16.8451
23127,16.6510
23128,16.5964
23129,16.6576
23130,17.2762
23131,15.9049
23132,16.6954
23133,17.0009
23134,16.3530
23135,16.8184
23136,17.0963
23137,17.2099
23138,16.4288
23139,15.7813
23140,16.7605
23141,16.5397
23142,16.8302
23143,16.5545
23144,16.6816
23145,16.8721
23146,16.5289
23147,16.6937
23148,16.6798
23149,16.5258
23150,17.7087
23151,15.7573
23152,16.6718
23153,17.6888
23154,15.4303
23155,16.8847
23156,16.5250
23157,16.6459
23158,16.7033
23159,16.6891
23160,16.7158
23161,16.7154
23162,17.6582
23163,16.1263
23164,16.5748
23165,16.2130
23166,16.6366
23167,17.0466
23168,16.3988
23169,16.6429
23170,16.6163
23171,16.6889
23172,16.5744
23173,16.9185
23174,16.5563
23175,16.5172
23176,17.7431
23177,16.2878
23178,16.3046
23179,16.2609
23180,16.7749
23181,16.7060
23182,16.5282
23183,16.7290
23184,16.7197
23185,16.5282
23186,16.7942
23187,16.6454
23188,16.5536
23189,16.7634
23190,16.8733
23191,16.4553
23192,16.7955
23193,16.5868
23194,16.6806
23195,16.6194
23196,16.6996
23197,16.6650
23198,16.6445
23199,16.6581
23200,16.6407
23201,16.7042
23202,16.5933
23203,17.7191
23204,15.5891
23205,16.8166
23206,16.6859
23207,16.6036
23208,16.6351
23209,16.6669
23210,16.6414
23211,17.3578
23212,16.9557
23213,16.1208
23214,16.1316
23215,16.8035
23216,16.5855
23217,16.7290
23218,16.6976
23219,16.5895
23220,16.6910
23221,16.6052
23222,16.7056
23223,16.6611
23224,17.2144
23225,16.8086
23226,16.0037
23227,16.6929
23228,16.6513
23229,16.6864
23230,16.5903
23231,16.7634
23232,16.6449
23233,16.5227
23234,16.7380
23235,16.7117
23236,17.0216
23237,16.9726
23238,16.0048
23239,16.6464
23240,16.6887
23241,16.6235
23242,16.7169
23243,16.6658
23244,16.6486
23245,16.6441
23246,16.6994
23247,17.2374
23248,16.5896
23249,16.5817
23250,16.3669
23251,16.5475
23252,16.6895
23253,16.6380
23254,16.6960
23255,16.6729
23256,16.6149
23257,16.6158
23258,16.7337
23259,17.4944
23260,16.4255
23261,16.0805
23262,16.6851
23263,16.6283
23264,16.7051
23265,16.8987
23266,16.6824
23267,16.4132
23268,17.0737
23269,18.1244
23270,14.8203
23271,17.0763
23272,16.3145
23273,16.6298
23274,16.7443
23275,17.6990
23276,15.4018
23277,16.7363
23278,16.7658
23279,16.6397
23280,16.6944
23281,16.6067
23282,16.5673
23283,17.2100
23284,18.6386
23285,19.8562
23286,11.9418
23287,15.7061
23288,16.7020
23289,16.6378
23290,16.8529
23291,16.6041
23292,16.5934
23293,16.5809
23294,16.7057
23295,16.8364
23296,16.4883
23297,16.9994
23298,16.3427
23299,16.6751
23300,17.2774
23301,16.7486
23302,16.6697
23303,15.9794
23304,16.6002
23305,16.7796
23306,16.6924
23307,16.5878
23308,16.6571
23309,16.8093
23310,16.8285
23311,16.5516
23312,16.4386
23313,16.7496
23314,16.6165
23315,16.6296
23316,16.6330
23317,16.7156
23318,16.7458
23319,16.6274
23320,16.7014
23321,16.6615
23322,16.5910
23323,16.6949
23324,16.8194
23325,16.5349
23326,16.6818
23327,17.2445
23328,16.4804
23329,16.1738
23330,16.7381
23331,16.6915
23332,16.5242
23333,16.8211
23334,16.6745
23335,16.5269
23336,16.7434
23337,16.6843
23338,16.6047
23339,16.7006
23340,16.8054
23341,16.5523
23342,16.7068
23343,16.8440
23344,16.4150
23345,16.7045
23346,16.6033
23347,16.6523
23348,16.6794
23349,16.6764
23350,16.7596
23351,16.6933
23352,16.6741
23353,16.5289
23354,16.6843
23355,16.6114
23356,16.7623
23357,17.5489
23358,15.8185
23359,16.5267
23360,16.6741
23361,16.7763
23362,16.5795
23363,16.7255
23364,16.6432
23365,16.7221
23366,16.6695
23367,16.7311
23368,16.5920
23369,17.3944
23370,15.9668
23371,16.6068
23372,16.7158
23373,16.5557
23374,16.6278
23375,16.9214
23376,16.4595
23377,16.7835
23378,16.6502
23379,17.3423
23380,16.8691
23381,16.2045
23382,16.4206
23383,16.3860
23384,16.7379
23385,16.7074
23386,16.5558
23387,16.6573
23388,16.8964
23389,16.5168
23390,16.8400
23391,16.3761
23392,16.8299
23393,16.5540
23394,16.6180
23395,16.6622
23396,17.6468
23397,16.2433
23398,16.2476
23399,16.5690
23400,16.8035
23401,16.5673
23402,16.6936
23403,16.9917
23404,16.7128
23405,16.3255
23406,16.6361
23407,16.6190
23408,16.6074
23409,16.7013
23410,17.0505
23411,16.2939
23412,16.6607
23413,16.6190
23414,16.7377
23415,16.5809
23416,16.7779
23417,16.5922
23418,16.6388
23419,16.8128
23420,16.7702
23421,16.5580
23422,16.7412
23423,17.0172
23424,16.8943
23425,15.9727
23426,16.5817
23427,16.6903
23428,16.6581
23429,16.6394
23430,16.7886
23431,16.5452
23432,16.7044
23433,16.8036
23434,16.5583
23435,16.6821
23436,16.8091
23437,17.3181
23438,16.0765
23439,16.4034
23440,16.6554
23441,16.6397
23442,16.6860
23443,16.6652
23444,16.7508
23445,16.6292
23446,16.7605
23447,16.6629
23448,16.5377
23449,16.9574
23450,16.5117
23451,16.5188
23452,16.8390
23453,16.4868
23454,16.6857
23455,16.6409
23456,16.7136
23457,16.6941
23458,16.5192
23459,16.8452
23460,16.5633
23461,16.6676
23462,17.9660
23463,15.7162
23464,16.7431
23465,16.5523
23466,16.3815
23467,16.6846
23468,16.6724
23469,16.6511
23470,16.6174
23471,16.7435
23472,16.6397
23473,16.6159
23474,16.7829
23475,16.6088
23476,16.9324
23477,17.0495
23478,16.6369
23479,16.6525
23480,16.0480
23481,16.6421
23482,16.7296
23483,16.6755
23484,16.5985
23485,16.7146
23486,16.6163
23487,16.6138
23488,16.7410
23489,17.3015
23490,15.9718
23491,16.6460
23492,16.6460
23493,16.7966
23494,16.6415
23495,16.6780
23496,16.6254
23497,16.6374
23498,16.7019
23499,16.5750
23500,17.0718
23501,16.5457
23502,16.4630
23503,16.6787
23504,16.7011
23505,16.6606
23506,16.6047
23507,16.7666
23508,16.6222
23509,16.6485
23510,16.8187
23511,16.4355
23512,16.8193
23513,16.9366
23514,16.6888
23515,16.2265
23516,16.8934
23517,16.4704
23518,16.6683
23519,16.7142
23520,16.6803
23521,16.5562
23522,16.7203
23523,17.0760
23524,16.8324
23525,16.9248
23526,15.9277
23527,16.7220
23528,16.5302
23529,16.6285
23530,16.7213
23531,16.6824
23532,16.7239
23533,16.6961
23534,16.5402
23535,16.6289
23536,16.7312
23537,17.2566
23538,17.1152
23539,15.5941
23540,16.6944
23541,16.8410
23542,16.4029
23543,16.6726
23544,17.0460
23545,16.2426
23546,16.7278
23547,16.6557
23548,16.8241
23549,18.4466
23550,14.7425
23551,16.7245
23552,17.1496
23553,16.1581
23554,16.7137
23555,16.6196
23556,16.6839
23557,17.1403
23558,16.7831
23559,16.0049
23560,16.8303
23561,16.8260
23562,16.9154
23563,16.0811
23564,16.6431
23565,16.7350
23566,16.8718
23567,16.5096
23568,16.6209
23569,16.6107
23570,16.6571
23571,17.0756
23572,16.9904
23573,15.9015
23574,16.7655
23575,16.7132
23576,16.6707
23577,16.5975
23578,16.6850
23579,16.6492
23580,16.7526
23581,16.6573
23582,16.5785
23583,16.8103
23584,16.5400
23585,17.6793
23586,15.6236
23587,16.7932
23588,16.5887
23589,16.8172
23590,16.5765
23591,16.6793
23592,16.5530
23593,16.7034
23594,16.6007
23595,16.6948
23596,16.7669
23597,16.6688
23598,17.2418
23599,16.3686
23600,16.3644
23601,16.6773
23602,16.5708
23603,16.7002
23604,16.7273
23605,16.7385
23606,16.5468
23607,16.6829
23608,16.6214
23609,16.7378
23610,16.6822
23611,16.7756
23612,16.4645
23613,16.6865
23614,16.8518
23615,16.4554
23616,16.7343
23617,16.6949
23618,16.6625
23619,16.6023
23620,16.7075
23621,17.2616
23622,16.1625
23623,16.5611
23624,16.8855
23625,16.7270
23626,16.4316
23627,16.9506
23628,17.0912
23629,16.3186
23630,16.1946
23631,16.6797
23632,16.7685
23633,16.9111
23634,16.7086
23635,16.5769
23636,16.3902
23637,16.7334
23638,16.6985
23639,16.5884
23640,16.8058
23641,16.6038
23642,16.5352
23643,17.5493
23644,15.8066
23645,16.8023
23646,16.5439
23647,16.6318
23648,16.6889
23649,16.5127
23650,17.9524
23651,15.5040
23652,17.2235
23653,16.0948
23654,16.7676
23655,16.6268
23656,16.8162
23657,16.6438
23658,17.3955
23659,15.9464
23660,16.5052
23661,16.6771
23662,16.6465
23663,16.6739
23664,16.5958
23665,16.6833
23666,16.7077
23667,17.6618
23668,15.7372
23669,16.6935
23670,16.6155
23671,16.8407
23672,16.5147
23673,16.5923
23674,17.1687
23675,16.2650
23676,17.2547
23677,15.9664
23678,16.5841
23679,16.7546
23680,16.7217
23681,16.7939
23682,16.4977
23683,16.6592
23684,16.7259
23685,16.6215
23686,16.7635
23687,17.4135
23688,16.6813
23689,17.1261
23690,15.3756
23691,16.7520
23692,17.0990
23693,16.0869
23694,16.6885
23695,16.7272
23696,16.5946
23697,16.6759
23698,16.7993
23699,16.6788
23700,17.6231
23701,15.8234
23702,19.1456
23703,13.9264
23704,16.6905
23705,16.8937
23706,16.5397
23707,16.7189
23708,16.4999
23709,16.7150
23710,16.6694
23711,16.6812
23712,16.6958
23713,16.7302
23714,16.5840
23715,17.7464
23716,16.6334
23717,15.5409
23718,16.7462
23719,16.5803
23720,16.6936
23721,17.0421
23722,16.2863
23723,16.8219
23724,16.5824
23725,16.7352
23726,16.4756
23727,16.6107
23728,16.8309
23729,16.7304
23730,16.7319
23731,16.4824
23732,16.6325
23733,16.7180
23734,16.6345
23735,16.6915
23736,16.6133
23737,16.6116
23738,16.6810
23739,17.2537
23740,16.2245
23741,16.5868
23742,16.7022
23743,16.5399
23744,16.8132
23745,16.5149
23746,16.7304
23747,16.6675
23748,16.7208
23749,16.6528
23750,16.6811
23751,16.5847
23752,16.6516
23753,16.8996
23754,16.5944
23755,16.5749
23756,16.5806
23757,17.6969
23758,15.6098
23759,16.7961
23760,16.6067
23761,16.6777
23762,16.6744
23763,16.5615
23764,17.3491
23765,16.1339
23766,16.6383
23767,16.5352
23768,16.7925
23769,16.9852
23770,16.5360
23771,16.5481
23772,16.6396
23773,16.9426
23774,16.5720
23775,17.7851
23776,15.4948
23777,16.5525
23778,16.5484
23779,16.7428
23780,16.7833
23781,17.5572
23782,16.4063
23783,15.9341
23784,16.5972
23785,16.6887
23786,16.7139
23787,16.5600
23788,16.6842
23789,16.8242
23790,16.5723
23791,16.5517
23792,16.8357
23793,16.6698
23794,16.6759
23795,16.5068
23796,17.4803
23797,16.1430
23798,16.4708
23799,16.5977
23800,16.7509
23801,16.6793
23802,16.5303
23803,16.7263
23804,16.8225
23805,16.4458
23806,16.8566
23807,16.5726
23808,16.6438
23809,16.8133
23810,17.7422
23811,15.4484
23812,16.7043
23813,19.7607
23814,13.6339
23815,16.5938
23816,16.6796
23817,16.5361
23818,16.7586
23819,16.8253
23820,16.4281
23821,16.6417
23822,16.7065
23823,17.5515
23824,16.3034
23825,16.1917
23826,16.6187
23827,16.6314
23828,16.6804
23829,16.6358
23830,16.8302
23831,16.5985
23832,16.6731
23833,16.6997
23834,16.6399
23835,16.8161
23836,16.6607
23837,16.5475
23838,17.2779
23839,16.6218
23840,16.0674
23841,16.6867
23842,16.6783
23843,16.5780
23844,16.7386
23845,16.5951
23846,16.6536
23847,16.6813
23848,16.7750
23849,16.5873
23850,16.5786
23851,17.0221
23852,17.4210
23853,15.5047
23854,16.7897
23855,16.7177
23856,16.6262
23857,16.7316
23858,16.5886
23859,17.0318
23860,16.7966
23861,16.3114
23862,16.5620
23863,16.6561
23864,17.0479
23865,16.1766
23866,16.6767
23867,16.8935
23868,16.4407
23869,16.7650
23870,16.6973
23871,16.6208
23872,16.6739
23873,16.7893
23874,16.6571
23875,16.5921
23876,16.7240
23877,16.5917
23878,17.0923
23879,16.2191
23880,16.5756
23881,16.6524
23882,16.7434
23883,17.0760
23884,17.4333
23885,15.4063
23886,16.6538
23887,16.6546
23888,16.6975
23889,16.6229
23890,17.2334
23891,16.2249
23892,16.6537
23893,16.7138
23894,16.6397
23895,16.6064
23896,16.6347
23897,16.7122
23898,16.6338
23899,16.7701
23900,16.5977
23901,16.7332
23902,16.7534
23903,16.4492
23904,16.9371
23905,17.7828
23906,15.3853
23907,16.6063
23908,16.7281
23909,16.6017
23910,16.6509
23911,16.7572
23912,16.6234
23913,16.5960
23914,16.9520
23915,16.5656
23916,16.5714
23917,16.6873
23918,17.5495
23919,16.4167
23920,16.1678
23921,16.4272
23922,16.7077
23923,16.5961
23924,16.7265
23925,16.6177
23926,16.9705
23927,16.4763
23928,16.5133
23929,16.9544
23930,16.5395
23931,16.9745
23932,17.5828
23933,15.9473
23934,16.7482
23935,16.5229
23936,16.0638
23937,16.7440
23938,16.7508
23939,16.6961
23940,16.5511
23941,16.7635
23942,16.6013
23943,16.7213
23944,16.7530
23945,16.6173
23946,17.6804
23947,15.7502
23948,16.8009
23949,16.2320
23950,16.6701
23951,16.6834
23952,16.6750
23953,16.7292
23954,16.7178
23955,16.7198
23956,16.6366
23957,16.5568
23958,16.7655
23959,16.8336
23960,17.5080
23961,15.4644
23962,16.8096
23963,16.5672
23964,16.7081
23965,16.7015
23966,16.7074
23967,16.6564
23968,16.6677
23969,16.7417
23970,16.5765
23971,16.5766
23972,16.8736
23973,17.6068
23974,15.9880
23975,16.3182
23976,16.5747
23977,16.7093
23978,16.6298
23979,16.7989
23980,16.4708
23981,16.7815
23982,16.6425
23983,16.8933
23984,16.5195
23985,16.5372
23986,16.6490
23987,16.7838
23988,17.6171
23989,16.1444
23990,16.1382
23991,16.8108
23992,16.4557
23993,16.8300
23994,16.5364
23995,16.8483
23996,16.5752
23997,16.6251
23998,16.8242
23999,16.5134
24000,16.8002
24001,16.6045
24002,16.8469
24003,16.7427
24004,16.4950
24005,16.7330
24006,16.6578
24007,16.3524
24008,16.7105
24009,16.6428
24010,16.7790
24011,16.5968
24012,16.8406
24013,16.4531
24014,16.7000
24015,16.6389
24016,16.8505
24017,16.7972
24018,16.4699
24019,16.8061
24020,16.5477
24021,16.6525
24022,16.5203
24023,16.6912
24024,16.6754
24025,16.9072
24026,16.5692
24027,16.5687
24028,16.8019
24029,16.6873
24030,16.7413
24031,16.7140
24032,16.3704
24033,16.6707
24034,16.8171
24035,16.6977
24036,16.8362
24037,16.3423
24038,16.6128
24039,16.6571
24040,16.7359
24041,16.6719
24042,16.6448
24043,16.6401
24044,16.7078
24045,17.2738
24046,16.2946
24047,16.4462
24048,16.5925
24049,16.6873
24050,16.7332
24051,17.0954
24052,16.4727
24053,17.0598
24054,15.9439
24055,16.9190
24056,16.5488
24057,16.5651
24058,16.6121
24059,16.7382
24060,16.6022
24061,16.8615
24062,16.5503
24063,16.6015
24064,16.6490
24065,16.7397
24066,16.6410
24067,16.8249
24068,16.6526
24069,16.4697
24070,16.8825
24071,16.5944
24072,17.2910
24073,16.2361
24074,16.4169
24075,16.5744
24076,16.7713
24077,16.6204
24078,16.5796
24079,16.8015
24080,16.5515
24081,16.6609
24082,16.7613
24083,16.6237
24084,16.6368
24085,16.5733
24086,16.7920
24087,17.0569
24088,16.3936
24089,16.5060
24090,16.7246
24091,16.6747
24092,16.6498
24093,16.6819
24094,16.6930
24095,16.5512
24096,16.8657
24097,16.4769
24098,16.8740
24099,17.0975
24100,16.1378
24101,16.5592
24102,16.7629
24103,16.6626
24104,16.6382
24105,16.6980
24106,16.6630
24107,16.5849
24108,16.6863
24109,16.6877
24110,16.7126
24111,16.7249
24112,16.5002
24113,17.4067
24114,15.9505
24115,16.6096
24116,16.9316
24117,16.4484
24118,16.6349
24119,16.7674
24120,16.5432
24121,16.9224
24122,16.5788
24123,17.3526
24124,16.8804
24125,15.7904
24126,16.4972
24127,16.6559
24128,16.6597
24129,17.0717
24130,16.4253
24131,16.6329
24132,16.5637
24133,16.6980
24134,16.5996
24135,16.9896
24136,16.4402
24137,16.7031
24138,16.7100
24139,17.5594
24140,15.8817
24141,16.4251
24142,16.7669
24143,16.5571
24144,16.8109
24145,16.5733
24146,16.6914
24147,16.5950
24148,16.8136
24149,16.5720
24150,16.7709
24151,16.6762
24152,16.4600
24153,17.7958
24154,16.4267
24155,15.8082
24156,17.0978
24157,16.2160
24158,16.6958
24159,16.6951
24160,16.6567
24161,16.6581
24162,16.6964
24163,16.5768
24164,16.7211
24165,16.8657
24166,16.5980
24167,16.7268
24168,16.4667
24169,16.6660
24170,16.6571
24171,16.7691
24172,16.5748
24173,16.6770
24174,16.6275
24175,16.6750
24176,16.6845
24177,16.7017
24178,16.6332
24179,16.7105
24180,16.5644
24181,16.6941
24182,16.7188
24183,16.6190
24184,16.6819
24185,16.8284
24186,16.7166
24187,16.4361
24188,17.8943
24189,15.4534
24190,16.7134
24191,16.6437
24192,16.5408
24193,16.7342
24194,16.6821
24195,16.6847
24196,16.6477
24197,16.7235
24198,16.6879
24199,16.6554
24200,16.5595
24201,16.7514
24202,16.7892
24203,16.4642
24204,16.7410
24205,16.6036
24206,16.8085
24207,16.5427
24208,16.6840
24209,16.7058
24210,16.7917
24211,16.5568
24212,16.6485
24213,16.5569
24214,16.7221
24215,16.6489
24216,16.7138
24217,16.7178
24218,16.6011
24219,16.5762
24220,17.7426
24221,16.5312
24222,17.1035
24223,15.3506
24224,16.7058
24225,16.6014
24226,16.7539
24227,16.6285
24228,16.7941
24229,16.5329
24230,16.5525
24231,16.8176
24232,16.6132
24233,16.6767
24234,16.6879
24235,16.7468
24236,17.1915
24237,15.9765
24238,16.9996
24239,16.3756
24240,16.6736
24241,16.7049
24242,16.7578
24243,16.5281
24244,17.2034
24245,17.0740
24246,15.7812
24247,17.5357
24248,15.7172
24249,16.5795
24250,17.4052
24251,15.9975
24252,16.7022
24253,16.7867
24254,16.5786
24255,16.6105
24256,16.6610
24257,16.7019
24258,16.6825
24259,16.8668
24260,16.5214
24261,16.6802
24262,16.5314
24263,16.7231
24264,17.3205
24265,16.0409
24266,16.6653
24267,16.5514
24268,16.9231
24269,16.4833
24270,16.6479
24271,16.6097
24272,16.7632
24273,16.7381
24274,16.5948
24275,16.6038
24276,16.6846
24277,16.6973
24278,17.5477
24279,16.1402
24280,16.3121
24281,16.7009
24282,16.7632
24283,16.5057
24284,16.6016
24285,16.8036
24286,16.7378
24287,16.7343
24288,16.5221
24289,16.6791
24290,16.5160
24291,17.6541
24292,16.5445
24293,16.7698
24294,15.8852
24295,16.5554
24296,16.6485
24297,16.7043
24298,16.5884
24299,16.8630
24300,16.5947
24301,16.6390
24302,16.6859
24303,16.6611
24304,16.6761
24305,17.2166
24306,17.8405
24307,14.8223
24308,16.7508
24309,17.3415
24310,16.0677
24311,16.5381
24312,16.6765
24313,16.7034
24314,16.5897
24315,16.6860
24316,16.6817
24317,16.6439
24318,17.9832
24319,15.6363
24320,17.0972
24321,16.5693
24322,16.0642
24323,16.7122
24324,16.6767
24325,16.6696
24326,16.6364
24327,16.5620
24328,16.6826
24329,17.2808
24330,16.7071
24331,15.9664
24332,16.7249
24333,16.7226
24334,17.3242
24335,15.9739
24336,16.7589
24337,16.4880
24338,16.7968
24339,16.6342
24340,16.6554
24341,16.7082
24342,17.2289
24343,16.0823
24344,16.6632
24345,16.7347
24346,16.5513
24347,16.7135
24348,17.4752
24349,15.8880
24350,16.6735
24351,16.6866
24352,16.8653
24353,16.9098
24354,17.9449
24355,19.2756
24356,14.7364
24357,15.2551
24358,15.7865
24359,17.3741
24360,15.8938
24361,16.5621
24362,17.2025
24363,16.1043
24364,16.7087
24365,17.4972
24366,15.8431
24367,16.7524
24368,16.5182
24369,16.7292
24370,16.6090
24371,16.7119
24372,16.7474
24373,16.9994
24374,16.2201
24375,16.6789
24376,16.7321
24377,16.5527
24378,16.6976
24379,16.7351
24380,16.6465
24381,16.6109
24382,16.7088
24383,16.6540
24384,16.6504
24385,16.6843
24386,16.6188
24387,16.6497
24388,16.9008
24389,16.3946
24390,17.3935
24391,16.3702
24392,16.2834
24393,16.6716
24394,16.6681
24395,16.6942
24396,16.6318
24397,16.6870
24398,16.5788
24399,16.7563
24400,16.6607
24401,16.6473
24402,16.6583
24403,16.7522
24404,16.9689
24405,17.0314
24406,15.9619
24407,16.6333
24408,16.7215
24409,16.6769
24410,16.7196
24411,16.8965
24412,19.9688
24413,13.3473
24414,16.3721
24415,16.7481
24416,16.6410
24417,17.3337
24418,16.5695
24419,16.0311
24420,16.8307
24421,16.4936
24422,16.6596
24423,16.6766
24424,16.5897
24425,16.7082
24426,16.7468
24427,17.4750
24428,15.8515
24429,16.8177
24430,17.2406
24431,15.8811
24432,17.1431
24433,16.1544
24434,16.7436
24435,16.5002
24436,16.8063
24437,16.5628
24438,17.0734
24439,16.5734
24440,16.4274
24441,16.7813
24442,16.5498
24443,16.7460
24444,16.6946
24445,16.5684
24446,16.6670
24447,16.7074
24448,16.7162
24449,16.5903
24450,16.5931
24451,16.7419
24452,16.6304
24453,16.6691
24454,16.6941
24455,16.7444
24456,16.5484
24457,16.5837
24458,17.1699
24459,16.3189
24460,16.7900
24461,16.4855
24462,16.6981
24463,16.5715
24464,16.6814
24465,16.7541
24466,17.0619
24467,16.3354
24468,16.5439
24469,16.6479
24470,16.6644
24471,16.7690
24472,16.4926
24473,16.7462
24474,17.1637
24475,16.2176
24476,16.6598
24477,16.7350
24478,16.5539
24479,17.0495
24480,16.3211
24481,16.9071
24482,16.3830
24483,17.8674
24484,15.4309
24485,16.7094
24486,17.8586
24487,15.4563
24488,16.9855
24489,16.4166
24490,16.6260
24491,16.6639
24492,16.6367
24493,16.7390
24494,16.6696
24495,16.9906
24496,16.3353
24497,16.5887
24498,17.4114
24499,16.3275
24500,17.0352
24501,17.1311
24502,15.4195
24503,17.2663
24504,17.5023
24505,18.3155
24506,14.6361
24507,15.6647
24508,16.7549
24509,16.5451
24510,16.8916
24511,16.7246
24512,16.3735
24513,16.6796
24514,16.6203
24515,16.7665
24516,17.2324
24517,16.0854
24518,16.6563
24519,16.6772
24520,16.6793
24521,16.6873
24522,17.2563
24523,16.3251
24524,16.3324
24525,16.7004
24526,16.6948
24527,16.6104
24528,16.6127
24529,17.2548
24530,16.1262
24531,16.6817
24532,16.6680
24533,16.6084
24534,17.0642
24535,16.4066
24536,17.0364
24537,16.2150
24538,16.6180
24539,16.7828
24540,16.5682
24541,16.8559
24542,16.7500
24543,16.4543
24544,17.3861
24545,16.3049
24546,16.6993
24547,17.6576
24548,15.3085
24549,16.5911
24550,16.7152
24551,16.6763
24552,16.6636
24553,16.6465
24554,16.7279
24555,16.5862
24556,17.6364
24557,16.2000
24558,16.0612
24559,16.7242
24560,16.7096
24561,16.6376
24562,16.6797
24563,16.6406
24564,16.6693
24565,16.7451
24566,16.6901
24567,16.6035
24568,16.5664
24569,16.8150
24570,16.5151
24571,16.7979
24572,16.7042
24573,16.5914
24574,16.6065
24575,16.8446
24576,16.5386
24577,16.8013
24578,16.6551
24579,16.5953
24580,16.6471
24581,16.6585
24582,17.0324
24583,17.2844
24584,17.0228
24585,15.2166
24586,16.7826
24587,16.6239
24588,16.6860
24589,16.6601
24590,16.6574
24591,16.7285
24592,16.5812
24593,16.7133
24594,16.8848
24595,17.5059
24596,16.3077
24597,16.3271
24598,16.2945
24599,16.5928
24600,16.7232
24601,16.6185
24602,16.6654
24603,16.8104
24604,16.9345
24605,16.4022
24606,17.4546
24607,15.7346
24608,16.7640
24609,16.5387
24610,17.2598
24611,16.2253
24612,16.6654
24613,16.5802
24614,17.8476
24615,15.4946
24616,16.7792
24617,16.5927
24618,16.5665
24619,16.8915
24620,16.8316
24621,16.4813
24622,17.9857
24623,17.8081
24624,15.5690
24625,16.3978
24626,15.8453
24627,16.2243
24628,16.6814
24629,16.6575
24630,17.0103
24631,16.6053
24632,16.3626
24633,16.6241
24634,16.7505
24635,16.5783
24636,16.8677
24637,17.0236
24638,16.0650
24639,16.9713
24640,16.4628
24641,16.6665
24642,16.9797
24643,16.5876
24644,16.5565
24645,16.4776
24646,16.7487
24647,16.6192
24648,16.7266
24649,17.2826
24650,16.0135
24651,16.6316
24652,16.7155
24653,16.8964
24654,16.3421
24655,16.6966
24656,16.6666
24657,16.9034
24658,16.4698
24659,16.6691
24660,16.6618
24661,16.5769
24662,16.8452
24663,16.5484
24664,16.9194
24665,16.4007
24666,16.6431
24667,16.6894
24668,16.6125
24669,16.8238
24670,16.8483
24671,16.4562
24672,16.8195
24673,16.5329
24674,17.0520
24675,16.1394
24676,16.8021
24677,16.7681
24678,16.4662
24679,16.7531
24680,16.5576
24681,16.6792
24682,16.6530
24683,16.7626
24684,16.6746
24685,16.6006
24686,16.7268
24687,16.7303
24688,16.5957
24689,16.6295
24690,16.6652
24691,16.6547
24692,16.8654
24693,16.4960
24694,16.6668
24695,16.8390
24696,16.6296
24697,16.4043
24698,16.8418
24699,16.5497
24700,16.8760
24701,17.2895
24702,16.0210
24703,16.6426
24704,16.7193
24705,16.7091
24706,16.4862
24707,16.5242
24708,16.8096
24709,16.6616
24710,16.6551
24711,16.7291
24712,16.7867
24713,16.5041
24714,16.7026
24715,16.9371
24716,16.3561
24717,16.6601
24718,16.6424
24719,16.6369
24720,16.6349
24721,16.6453
24722,16.9053
24723,16.5022
24724,17.0018
24725,17.0280
24726,16.6594
24727,16.0099
24728,16.9567
24729,16.2768
24730,16.6939
24731,16.6567
24732,16.7663
24733,16.6005
24734,16.7554
24735,16.6332
24736,16.5956
24737,16.6968
24738,16.6393
24739,16.7157
24740,16.6372
24741,16.8208
24742,16.4520
24743,16.7566
24744,16.5531
24745,16.7655
24746,16.6788
24747,16.6037
24748,16.6520
24749,16.9538
24750,16.6918
24751,16.3721
24752,16.8435
24753,16.6167
24754,17.0350
24755,16.3841
24756,17.0572
24757,16.0804
24758,16.6609
24759,16.6753
24760,16.5908
24761,16.6994
24762,16.6431
24763,16.7511
24764,16.7206
24765,16.9615
24766,17.7441
24767,17.6976
24768,14.7197
24769,16.1246
24770,16.6532
24771,17.1345
24772,16.3131
24773,17.4150
24774,15.7188
24775,16.7673
24776,16.5813
24777,16.7344
24778,16.6391
24779,16.7515
24780,16.4707
24781,16.7589
24782,16.7002
24783,16.6401
24784,16.6684
24785,16.8805
24786,17.5635
24787,15.5125
24788,16.6553
24789,16.7547
24790,17.0141
24791,16.3766
24792,16.5933
24793,16.8679
24794,17.4779
24795,16.0064
24796,16.3507
24797,17.0300
24798,16.2403
24799,16.7621
24800,16.6270
24801,16.6810
24802,16.5821
24803,17.1254
24804,16.2386
24805,16.7103
24806,16.6469
24807,16.5759
24808,16.7887
24809,16.6787
24810,16.6439
24811,16.5950
24812,16.6861
24813,16.7591
24814,16.6326
24815,16.5502
24816,16.7091
24817,16.6946
24818,16.6736
24819,16.7388
24820,16.5629
24821,17.6608
24822,16.7348
24823,15.7611
24824,17.8150
24825,15.2912
24826,16.7724
24827,16.7377
24828,17.3496
24829,15.9201
24830,16.6526
24831,16.7226
24832,16.7759
24833,16.6085
24834,16.7461
24835,17.1537
24836,16.0184
24837,16.6417
24838,16.6792
24839,16.7071
24840,16.6356
24841,16.6502
24842,16.6548
24843,16.7654
24844,16.5774
24845,17.4895
24846,16.4539
24847,16.0549
24848,16.7134
24849,16.7711
24850,16.5462
24851,16.5882
24852,16.7007
24853,16.6389
24854,16.9007
24855,16.6852
24856,16.4915
24857,16.7325
24858,16.5353
24859,16.6394
24860,16.6764
24861,16.7584
24862,16.5734
24863,16.6828
24864,17.0040
24865,16.4706
24866,17.7367
24867,15.4973
24868,16.6282
24869,16.9075
24870,16.4227
24871,16.7631
24872,16.6331
24873,16.6156
24874,16.5487
24875,16.9361
24876,16.5517
24877,16.8990
24878,16.5989
24879,16.7610
24880,17.2735
24881,16.4710
24882,15.9582
24883,16.6687
24884,16.6775
24885,16.7415
24886,16.6035
24887,16.8109
24888,16.4949
24889,16.7198
24890,16.6104
24891,16.9323
24892,16.3319
24893,16.9421
24894,16.3285
24895,17.5495
24896,16.6451
24897,15.8245
24898,16.7457
24899,16.6943
24900,16.6756
24901,16.6816
24902,16.6031
24903,16.6326
24904,16.7662
24905,17.1985
24906,17.1142
24907,16.5116
24908,16.0155
24909,16.4866
24910,16.8395
24911,17.9468
24912,15.1415
24913,16.7154
24914,16.6039
24915,16.7649
24916,17.4139
24917,16.1107
24918,16.4341
24919,16.6852
24920,17.1696
24921,16.1838
24922,16.6689
24923,16.6191
24924,16.6780
24925,16.8820
24926,16.4795
24927,16.7391
24928,16.5084
24929,16.6991
24930,16.6847
24931,16.7925
24932,16.5458
24933,16.7462
24934,17.1898
24935,16.0630
24936,16.6431
24937,16.7057
24938,16.6462
24939,16.7303
24940,16.8934
24941,17.1144
24942,16.0242
24943,17.0694
24944,16.1823
24945,16.6487
24946,16.6019
24947,16.7546
24948,17.4031
24949,17.4196
24950,16.7036
24951,17.0802
24952,16.2500
24953,17.5890
24954,14.7207
24955,16.1769
24956,16.7056
24957,16.5376
24958,17.0029
24959,16.5873
24960,16.4365
24961,16.7075
24962,18.3491
24963,14.9687
24964,16.7112
24965,16.6369
24966,18.0166
24967,15.9748
24968,15.9632
24969,16.7114
24970,16.7798
24971,16.5304
24972,16.6263
24973,16.7009
24974,16.6042
24975,16.7348
24976,16.6907
24977,16.6084
24978,16.7188
24979,17.1439
24980,16.0789
24981,16.7294
24982,16.6820
24983,17.7052
24984,15.5371
24985,17.1919
24986,16.4901
24987,16.3881
24988,16.8072
24989,16.5384
24990,16.5729
24991,17.0677
24992,16.3554
24993,16.6155
24994,16.6205
24995,16.8507
24996,16.6525
24997,16.5354
24998,17.7072
24999,16.5221
25000,15.8123
25001,16.6762
25002,16.6613
25003,16.6548
25004,16.6865
25005,16.5718
25006,16.6289
25007,16.7946
25008,16.6625
25009,16.7218
25010,16.6687
25011,16.7399
25012,16.6568
25013,16.6826
25014,16.5263
25015,17.0785
25016,17.7851
25017,15.0866
25018,16.6667
25019,16.7366
25020,16.6376
25021,16.7763
25022,16.6454
25023,17.3280
25024,16.7987
25025,15.8389
25026,17.3219
25027,16.1959
25028,16.4056
25029,16.6480
25030,16.7168
25031,16.6986
25032,17.5593
25033,15.7746
25034,16.6369
25035,16.8340
25036,16.4396
25037,16.6804
25038,16.6378
25039,17.6666
25040,15.9223
25041,16.4388
25042,16.6102
25043,16.7838
25044,16.6428
25045,16.5711
25046,16.7960
25047,16.6727
25048,16.6111
25049,16.6613
25050,16.6273
25051,16.6533
25052,17.7478
25053,15.7248
25054,16.5570
25055,16.7085
25056,16.6488
25057,16.5967
25058,16.6643
25059,16.7599
25060,16.7216
25061,17.6276
25062,16.9137
25063,15.5041
25064,16.5266
25065,16.6819
25066,16.7158
25067,16.4801
25068,16.7201
25069,16.7829
25070,16.6276
25071,16.7253
25072,16.5196
25073,16.7743
25074,16.6309
25075,16.7628
25076,16.5608
25077,16.7639
25078,16.6746
25079,17.4026
25080,15.7968
25081,16.6767
25082,16.6238
25083,16.6255
25084,16.7596
25085,17.4727
25086,15.8702
25087,16.5803
25088,16.9728
25089,16.4180
25090,16.5681
25091,16.7820
25092,16.6225
25093,16.6493
25094,17.1146
25095,16.3698
25096,16.5838
25097,16.6299
25098,17.4706
25099,15.8925
25100,16.6643
25101,17.6987
25102,15.6666
25103,16.6314
25104,16.6432
25105,16.8380
25106,16.4968
25107,17.8038
25108,15.4834
25109,16.7266
25110,16.6493
25111,16.6505
25112,16.7198
25113,16.6205
25114,16.9040
25115,16.5319
25116,16.6624
25117,16.7580
25118,16.5273
25119,16.6979
25120,18.0622
25121,15.1951
25122,16.6534
25123,16.6021
25124,16.8064
25125,17.3310
25126,16.0003
25127,16.5977
25128,16.6686
25129,16.6524
25130,16.6869
25131,16.9388
25132,17.3790
25133,16.3756
25134,15.9489
25135,16.7246
25136,16.5704
25137,16.6254
25138,16.8081
25139,16.7339
25140,16.4275
25141,16.7706
25142,16.6076
25143,16.7362
25144,20.7109
25145,12.9592
25146,16.8070
25147,16.7280
25148,16.1161
25149,16.8778
25150,16.4191
25151,16.7246
25152,16.5682
25153,16.7831
25154,16.5568
25155,16.8679
25156,17.0361
25157,17.0804
25158,18.1480
25159,14.2604
25160,16.6677
25161,16.7358
25162,16.5861
25163,16.7624
25164,16.6305
25165,16.6412
25166,16.6995
25167,17.3215
25168,15.9540
25169,16.7648
25170,16.6739
25171,16.4960
25172,16.7423
25173,16.7058
25174,16.6613
25175,16.5962
25176,16.6054
25177,16.8755
25178,17.3496
25179,15.8640
25180,16.5394
25181,16.7054
25182,18.4206
25183,15.7967
25184,15.9572
25185,16.5790
25186,16.8775
25187,16.5207
25188,16.5597
25189,16.7327
25190,16.6599
25191,16.6035
25192,16.6997
25193,16.6888
25194,16.6182
25195,16.7153
25196,16.8091
25197,16.5689
25198,16.9026
25199,16.3057
25200,16.7663
25201,17.5008
25202,15.6224
25203,16.8741
25204,16.4964
25205,17.2638
25206,16.1466
25207,16.6230
25208,17.2396
25209,16.2680
25210,16.7414
25211,16.4825
25212,16.7104
25213,16.7502
25214,16.6453
25215,17.0157
25216,16.1376
25217,16.8400
25218,16.6251
25219,16.7501
25220,16.6012
25221,16.6108
25222,16.6713
25223,16.6520
25224,16.6776
25225,16.6782
25226,16.6505
25227,16.6940
25228,16.6743
25229,17.5854
25230,16.3181
25231,16.0226
25232,16.7278
25233,16.6885
25234,16.5588
25235,16.7651
25236,16.5600
25237,16.7836
25238,16.6393
25239,16.7308
25240,16.5247
25241,16.7888
25242,16.6040
25243,16.7480
25244,17.7024
25245,15.4640
25246,16.8145
25247,16.6282
25248,16.6393
25249,16.6354
25250,16.5589
25251,16.8983
25252,17.2593
25253,16.3985
25254,16.2855
25255,16.6098
25256,16.5965
25257,16.7590
25258,16.6132
25259,16.7749
25260,16.6239
25261,16.6144
25262,16.7275
25263,16.6633
25264,16.6447
25265,16.7005
25266,16.6517
25267,16.6724
25268,16.7023
25269,16.6621
25270,16.9189
25271,16.3838
25272,17.6320
25273,15.9334
25274,16.4918
25275,16.5224
25276,16.7560
25277,16.6451
25278,16.6437
25279,16.7004
25280,16.6757
25281,16.6705
25282,16.6396
25283,16.7998
25284,16.5843
25285,16.5873
25286,17.0345
25287,16.2775
25288,16.8411
25289,16.4685
25290,16.7128
25291,16.6974
25292,16.6477
25293,16.6958
25294,16.6729
25295,16.6756
25296,16.6104
25297,16.6596
25298,16.6930
25299,17.6775
25300,16.1726
25301,16.1411
25302,16.6136
25303,16.7240
25304,16.5028
25305,17.0601
25306,16.4187
25307,16.7035
25308,16.6323
25309,16.6695
25310,16.5844
25311,16.7307
25312,16.7765
25313,16.7608
25314,16.5777
25315,16.5458
25316,16.6469
25317,16.7832
25318,16.4853
25319,16.8348
25320,16.4786
25321,17.1262
25322,16.4758
25323,16.6082
25324,16.5148
25325,17.6518
25326,15.7048
25327,16.6819
25328,16.6213
25329,16.6709
25330,16.8056
25331,16.8480
25332,16.4243
25333,16.5935
25334,16.6999
25335,16.8140
25336,16.6594
25337,17.6117
25338,15.5233
25339,19.2130
25340,14.1293
25341,16.6706
25342,16.7036
25343,16.7445
25344,16.6236
25345,16.6887
25346,16.6258
25347,16.6234
25348,16.6867
25349,17.4029
25350,16.0222
25351,16.6203
25352,16.5781
25353,16.7944
25354,16.6523
25355,16.5405
25356,16.6763
25357,16.8050
25358,16.6317
25359,16.6273
25360,16.6360
25361,16.8533
25362,16.4415
25363,17.1203
25364,16.2472
25365,16.7043
25366,16.5376
25367,17.0047
25368,16.3439
25369,17.3636
25370,16.9414
25371,15.7727
25372,16.6513
25373,16.5767
25374,17.4537
25375,16.7521
25376,15.9054
25377,16.4814
25378,16.8235
25379,16.6982
25380,16.8315
25381,16.4907
25382,16.6608
25383,16.7138
25384,17.2432
25385,16.0314
25386,16.6535
25387,16.5878
25388,16.6180
25389,16.8076
25390,16.9840
25391,16.3400
25392,16.7875
25393,16.5805
25394,16.5724
25395,16.8329
25396,16.4448
25397,17.5662
25398,16.1277
25399,16.3459
25400,16.7256
25401,16.6667
25402,16.7033
25403,16.5968
25404,16.5383
25405,16.8930
25406,16.7189
25407,16.5163
25408,16.6564
25409,16.6056
25410,18.5762
25411,14.8018
25412,16.7720
25413,16.5613
25414,16.6561
25415,16.7270
25416,16.6756
25417,16.6135
25418,16.7339
25419,16.6311
25420,16.6698
25421,16.7015
25422,17.4905
25423,15.7527
25424,16.7068
25425,16.6582
25426,16.7338
25427,16.5814
25428,16.7442
25429,16.6133
25430,16.6189
25431,16.9597
25432,16.4337
25433,16.7062
25434,16.7007
25435,16.6259
25436,16.5697
25437,16.7163
25438,16.6309
25439,17.4349
25440,16.5881
25441,15.9087
25442,16.7431
25443,16.8461
25444,16.5764
25445,16.5982
25446,17.6017
25447,16.1443
25448,17.0902
25449,15.7430
25450,16.7136
25451,17.3242
25452,16.0541
25453,16.9540
25454,16.4633
25455,16.4848
25456,16.7054
25457,16.6349
25458,16.6510
25459,16.7698
25460,16.5878
25461,16.7614
25462,16.6012
25463,16.6006
25464,16.6206
25465,16.7096
25466,16.6167
25467,16.8259
25468,16.5933
25469,17.5585
25470,16.0290
25471,16.4934
25472,16.5846
25473,16.6301
25474,16.7015
25475,16.6428
25476,16.6595
25477,16.7420
25478,16.6401
25479,16.7106
25480,16.5934
25481,16.6692
25482,16.6011
25483,16.7350
25484,16.7328
25485,16.6114
25486,16.6178
25487,16.7868
25488,16.6254
25489,16.6894
25490,16.9515
25491,16.3939
25492,17.2510
25493,16.0645
25494,17.7726
25495,15.9701
25496,16.5519
25497,16.4906
25498,16.6176
25499,16.5757
25500,16.6290
25501,16.7791
25502,16.6960
25503,16.5360
25504,16.7088
25505,16.6421
25506,16.6811
25507,16.7197
25508,17.1233
25509,16.0732
25510,16.7962
25511,16.5940
25512,16.6578
25513,16.7752
25514,16.7681
25515,16.4375
25516,16.7000
25517,16.8631
25518,16.4260
25519,16.6750
25520,16.6982
25521,16.7760
25522,16.5540
25523,16.6495
25524,16.7180
25525,16.6135
25526,16.7701
25527,16.5026
25528,16.6991
25529,16.6199
25530,16.7812
25531,16.5707
25532,16.7918
25533,16.5248
25534,16.7765
25535,16.6162
25536,16.6583
25537,17.4674
25538,16.9452
25539,15.6973
25540,16.6474
25541,17.1251
25542,16.2583
25543,16.5835
25544,16.6150
25545,16.7046
25546,16.6866
25547,16.5680
25548,16.7865
25549,16.7427
25550,17.1608
25551,16.1321
25552,16.5438
25553,16.6747
25554,16.6907
25555,16.7998
25556,16.4552
25557,16.7072
25558,16.6618
25559,16.7014
25560,16.7242
25561,16.6778
25562,17.3813
25563,15.9997
25564,16.6183
25565,16.6211
25566,17.2250
25567,16.8583
25568,15.9161
25569,17.0825
25570,16.3284
25571,17.0818
25572,18.4989
25573,17.5111
25574,13.7492
25575,16.4779
25576,16.7763
25577,16.4342
25578,16.6636
25579,16.7213
25580,16.6302
25581,16.6468
25582,16.6936
25583,17.1040
25584,16.2431
25585,16.6586
25586,16.6617
25587,16.6450
25588,16.6471
25589,17.2163
25590,16.5577
25591,16.6653
25592,16.5218
25593,16.3753
25594,16.7371
25595,16.5160
25596,16.6911
25597,16.7032
25598,16.6843
25599,16.7286
25600,16.6065
25601,16.6476
25602,16.7206
25603,16.6459
25604,16.5490
25605,16.8732
25606,16.5711
25607,16.6587
25608,16.7162
25609,16.6619
25610,16.7312
25611,16.4557
25612,16.8283
25613,17.0677
25614,16.1014
25615,17.2808
25616,16.1235
25617,16.8095
25618,16.5101
25619,16.7223
25620,16.7054
25621,16.5713
25622,16.7178
25623,16.7017
25624,16.6454
25625,16.6806
25626,16.5201
25627,17.0543
25628,18.4515
25629,14.8822
25630,16.3379
25631,16.7357
25632,16.5922
25633,16.6701
25634,16.8416
25635,16.6927
25636,16.5446
25637,16.6548
25638,16.5875
25639,17.1142
25640,17.2229
25641,16.5017
25642,16.4225
25643,16.1033
25644,16.6698
25645,16.5684
25646,16.8474
25647,16.5327
25648,16.6675
25649,16.7751
25650,16.6065
25651,16.7418
25652,16.6367
25653,16.7354
25654,16.6195
25655,16.8550
25656,17.1121
25657,20.7038
25658,13.6294
25659,15.4991
25660,16.5400
25661,16.3233
25662,18.8450
25663,15.0432
25664,16.0178
25665,16.7661
25666,16.5743
25667,16.7533
25668,16.6710
25669,16.6921
25670,16.6602
25671,16.5406
25672,17.5335
25673,16.5478
25674,16.2320
25675,16.8296
25676,17.2542
25677,15.6579
25678,16.7055
25679,16.6022
25680,16.5622
25681,16.7789
25682,16.5711
25683,16.7367
25684,16.6862
25685,16.7942
25686,17.6804
25687,16.2394
25688,16.0758
25689,16.4525
25690,16.7962
25691,16.6411
25692,16.5849
25693,17.0679
25694,16.3586
25695,16.8524
25696,16.4774
25697,16.6686
25698,16.6310
25699,17.1730
25700,16.5414
25701,17.4885
25702,15.2970
25703,17.9136
25704,15.5121
25705,16.6842
25706,16.7278
25707,16.5944
25708,16.6821
25709,16.6502
25710,16.6767
25711,17.2990
25712,16.2752
25713,17.0778
25714,15.9989
25715,16.6898
25716,16.6963
25717,16.6697
25718,16.6413
25719,16.7315
25720,16.6258
25721,16.7802
25722,16.5235
25723,17.4646
25724,16.8551
25725,17.7141
25726,15.4885
25727,15.7687
25728,16.9503
25729,16.8262
25730,16.8836
25731,16.0415
25732,16.8181
25733,16.5223
25734,16.7322
25735,16.7962
25736,16.4569
25737,16.6637
25738,16.8268
25739,16.5937
25740,16.6525
25741,16.6985
25742,16.9000
25743,16.3670
25744,16.5936
25745,16.7280
25746,16.6978
25747,16.7666
25748,16.7756
25749,16.4026
25750,16.7894
25751,16.5832
25752,18.2589
25753,15.5015
25754,16.2031
25755,16.6822
25756,16.7179
25757,16.5114
25758,16.6759
25759,16.7815
25760,16.8561
25761,16.4429
25762,16.8043
25763,16.6123
25764,16.5669
25765,16.7260
25766,16.7410
25767,16.6182
25768,16.6222
25769,16.7076
25770,16.6640
25771,16.7140
25772,16.6065
25773,16.6863
25774,16.6519
25775,16.6086
25776,16.6385
25777,17.3734
25778,15.9797
25779,16.7470
25780,17.2648
25781,15.9473
25782,17.9523
25783,15.4540
25784,16.6265
25785,16.5962
25786,16.7486
25787,16.7043
25788,16.5660
25789,16.7822
25790,16.5925
25791,17.0543
25792,16.3786
25793,16.6941
25794,16.5618
25795,17.2726
25796,16.1715
25797,16.5543
25798,16.5826
25799,16.7222
25800,16.7038
25801,16.6714
25802,16.7850
25803,16.4798
25804,16.6982
25805,16.7082
25806,17.6865
25807,16.4216
25808,16.8700
25809,15.8777
25810,16.4497
25811,16.5696
25812,16.7134
25813,16.7188
25814,16.5829
25815,16.6256
25816,16.7769
25817,16.8344
25818,16.5912
25819,16.8480
25820,17.1581
25821,16.6276
25822,16.6202
25823,16.3145
25824,16.3257
25825,16.6721
25826,16.6140
25827,16.7568
25828,16.6274
25829,16.6732
25830,16.9305
25831,17.1903
25832,16.7819
25833,15.6778
25834,16.9919
25835,16.4413
25836,16.6702
25837,16.5615
25838,16.7847
25839,16.6327
25840,16.6896
25841,16.5965
25842,16.6540
25843,16.7443
25844,16.7612
25845,16.5026
25846,17.2448
25847,16.4162
25848,16.3454
25849,16.8586
25850,16.5360
25851,16.5345
25852,16.7774
25853,16.6561
25854,16.6846
25855,16.6397
25856,17.0051
25857,16.3158
25858,16.8581
25859,16.8358
25860,16.3040
25861,16.8391
25862,16.4266
25863,16.7734
25864,17.2561
25865,16.0109
25866,16.6309
25867,16.6695
25868,16.7922
25869,16.6012
25870,16.6847
25871,16.5802
25872,16.6366
25873,16.9916
25874,16.5521
25875,16.4625
25876,16.7407
25877,17.6387
25878,15.6263
25879,16.8182
25880,16.5397
25881,16.7506
25882,16.5328
25883,16.6595
25884,16.7546
25885,16.6522
25886,16.5623
25887,16.8017
25888,16.5789
25889,16.6243
25890,16.9135
25891,16.5456
25892,16.5831
25893,16.7471
25894,16.6641
25895,16.6485
25896,16.6735
25897,16.6508
25898,16.6473
25899,16.6091
25900,16.7497
25901,16.7077
25902,16.7381
25903,16.4595
25904,17.5405
25905,16.3320
25906,16.2122
25907,16.6671
25908,16.6608
25909,16.6532
25910,16.6728
25911,16.6820
25912,16.6841
25913,16.6116
25914,16.6716
25915,16.7606
25916,16.6391
25917,16.7467
25918,17.7683
25919,16.3678
25920,15.7429
25921,16.7191
25922,16.6589
25923,16.6762
25924,16.6281
25925,16.5991
25926,16.8609
25927,17.1689
25928,16.4785
25929,16.2010
25930,16.6009
25931,16.7534
25932,16.5712
25933,16.8113
25934,16.6309
25935,16.6473
25936,16.6769
25937,16.7000
25938,16.8526
25939,16.4149
25940,16.5741
25941,16.6794
25942,17.7208
25943,16.4548
25944,15.8741
25945,16.7062
25946,16.5302
25947,16.8049
25948,16.6862
25949,16.4907
25950,16.9589
25951,16.7641
25952,16.5180
25953,16.8283
25954,17.3093
25955,16.2175
25956,16.9730
25957,15.9200
25958,16.6166
25959,16.6324
25960,16.7472
25961,16.6117
25962,16.6855
25963,16.6857
25964,16.6608
25965,16.9786
25966,16.4686
25967,16.5258
25968,16.5895
25969,17.9917
25970,15.3700
25971,16.7070
25972,16.6967
25973,16.5951
25974,17.2053
25975,17.0722
25976,15.7898
25977,16.6577
25978,16.6323
25979,16.7430
25980,16.6491
25981,16.7024
25982,16.6034
25983,16.7054
25984,16.7100
25985,16.5926
25986,16.6468
25987,16.7032
25988,16.6615
25989,16.6522
25990,16.7050
25991,16.6406
25992,16.6621
25993,16.7690
25994,16.4881
25995,16.9124
25996,16.4862
25997,16.9136
25998,17.3605
25999,15.7716
26000,17.3521
26001,16.0087
26002,16.5681
26003,16.9928
26004,16.3416
26005,16.6538
26006,16.6416
26007,16.7291
26008,16.6889
26009,16.6701
26010,16.6446
26011,17.2056
26012,16.7225
26013,16.5531
26014,16.1732
26015,16.6641
26016,16.6375
26017,16.6635
26018,16.5645
26019,16.8132
26020,16.7359
26021,16.5708
26022,16.6164
26023,17.9951
26024,15.3452
26025,16.6824
26026,16.6539
26027,16.7384
26028,16.5373
26029,16.7967
26030,17.2487
26031,16.0239
26032,16.8421
26033,16.4913
26034,16.5958
26035,16.7854
26036,17.3495
26037,15.9469
26038,16.6742
26039,18.7841
26040,14.5983
26041,17.1446
26042,16.1175
26043,16.7151
26044,16.6370
26045,16.6468
26046,16.6622
26047,17.0012
26048,16.3500
26049,16.7165
26050,16.6081
26051,16.8512
26052,16.5430
26053,16.6784
26054,16.6414
26055,16.7724
26056,16.6256
26057,16.6801
26058,16.7143
26059,16.6444
26060,16.6048
26061,16.6166
26062,16.6834
26063,16.7701
26064,16.5125
26065,16.7401
26066,16.6575
26067,16.6750
26068,16.8686
26069,18.1167
26070,15.1776
26071,17.1430
26072,16.5411
26073,16.2114
26074,19.0043
26075,14.2842
26076,17.1365
26077,16.3654
26078,16.5704
26079,16.5367
26080,16.6750
26081,16.5777
26082,16.7636
26083,16.7905
26084,16.8145
26085,16.3062
26086,16.6700
26087,16.6199
26088,17.1873
26089,16.3240
26090,16.5876
26091,16.7206
26092,16.6749
26093,16.5491
26094,17.3686
26095,16.0504
26096,17.2565
26097,16.1027
26098,16.6372
26099,16.6701
26100,16.6665
26101,16.6409
26102,16.7639
26103,16.4878
26104,17.3044
26105,16.0863
26106,16.6140
26107,16.7309
26108,17.0103
26109,16.2436
26110,17.4006
26111,15.9825
26112,16.5895
26113,16.7785
26114,16.6567
26115,16.6689
26116,16.6377
26117,16.6225
26118,16.7574
26119,16.6117
26120,16.8306
26121,17.8844
26122,16.4998
26123,15.7131
26124,16.8682
26125,16.2944
26126,16.5999
26127,16.9827
26128,16.4114
26129,16.6860
26130,16.5282
26131,16.8018
26132,17.1116
26133,16.8752
26134,15.8661
26135,16.6682
26136,18.2272
26137,16.2504
26138,16.7435
26139,15.5033
26140,16.7353
26141,16.6896
26142,17.7053
26143,15.5900
26144,17.5336
26145,16.3108
26146,16.1273
26147,16.5675
26148,16.7109
26149,17.8512
26150,15.4946
26151,16.6395
26152,16.8628
26153,16.5323
26154,16.5891
26155,16.8557
26156,17.3437
26157,17.0687
26158,17.5861
26159,14.4805
26160,16.6893
26161,16.7909
26162,16.6002
26163,16.5992
26164,16.7467
26165,16.6051
26166,16.6487
26167,18.0941
26168,15.3036
26169,18.1753
26170,15.0786
26171,16.7283
26172,16.6608
26173,16.6864
26174,16.5845
26175,16.6777
26176,16.7630
26177,16.5477
26178,17.0949
26179,16.3848
26180,16.6246
26181,16.7157
26182,16.5282
26183,16.6634
26184,16.6850
26185,16.7121
26186,16.6732
26187,16.6866
26188,16.5678
26189,17.6972
26190,15.7376
26191,16.5444
26192,16.6685
26193,16.8007
26194,16.6553
26195,16.5659
26196,16.7666
26197,16.5882
26198,16.8061
26199,16.3989
26200,16.9359
26201,16.5107
26202,16.6286
26203,17.1137
26204,16.6607
26205,16.8741
26206,16.0510
26207,16.5853
26208,16.7002
26209,16.8750
26210,16.4492
26211,16.7622
26212,16.6458
26213,16.6246
26214,16.7469
26215,16.5077
26216,18.2151
26217,15.6468
26218,16.2017
26219,16.6398
26220,16.6753
26221,16.6779
26222,16.6509
26223,16.8880
26224,16.5681
26225,16.5321
26226,16.8198
26227,16.8082
26228,17.1156
26229,18.6854
26230,13.8882
26231,16.6802
26232,16.7273
26233,16.6596
26234,16.6938
26235,16.6723
26236,16.6985
26237,16.6402
26238,16.7441
26239,16.5352
26240,17.1527
26241,16.7746
26242,16.0825
26243,16.6368
26244,16.6524
26245,16.7278
26246,16.7345
26247,16.5959
26248,16.6336
26249,16.6461
26250,16.7755
26251,16.6527
26252,16.5691
26253,17.2749
26254,16.1730
26255,16.5718
26256,17.0762
26257,17.0180
26258,15.9362
26259,16.6559
26260,16.7173
26261,16.5374
26262,16.8560
26263,16.5663
26264,17.0771
26265,16.2941
26266,16.6159
26267,16.7231
26268,16.8177
26269,16.6461
26270,17.1042
26271,16.1295
26272,18.0186
26273,15.1845
26274,16.6924
26275,16.7459
26276,16.9390
26277,16.4294
26278,16.5487
26279,16.7924
26280,16.5619
26281,16.6887
26282,16.6058
26283,16.7311
26284,16.5078
26285,16.8255
26286,17.2934
26287,16.4481
26288,17.7664
26289,17.4744
26290,15.2054
26291,17.2810
26292,15.2745
26293,17.7336
26294,15.8183
26295,17.7659
26296,15.3278
26297,16.5968
26298,16.7104
26299,18.5587
26300,16.4883
26301,14.9117
26302,19.0842
26303,14.3917
26304,16.5022
26305,16.5658
26306,16.7657
26307,16.6514
26308,16.6326
26309,16.6723
26310,16.7212
26311,16.6359
26312,16.7447
26313,16.5857
26314,17.2377
26315,16.1472
26316,16.5763
26317,16.7755
26318,16.6890
26319,16.4617
26320,16.7805
26321,16.7843
26322,16.5243
26323,16.8475
26324,16.4516
26325,16.6131
26326,16.7653
26327,18.2487
26328,15.0367
26329,16.6769
26330,16.6528
26331,16.6094
26332,16.7969
26333,16.6325
26334,16.7647
26335,16.5584
26336,17.2241
26337,16.0166
26338,16.6185
26339,16.7179
26340,16.6879
26341,16.7240
26342,16.6343
26343,16.6101
26344,16.6550
26345,16.7758
26346,16.5081
26347,16.8214
26348,17.3231
26349,16.2914
26350,17.0079
26351,15.9663
26352,16.6557
26353,16.6919
26354,16.6623
26355,16.7883
26356,16.6322
26357,16.5897
26358,16.8746
26359,16.5003
26360,17.1010
26361,18.1732
26362,14.7371
26363,16.7571
26364,16.6212
26365,17.2221
26366,16.1349
26367,16.5784
26368,16.7119
26369,16.5795
26370,16.6968
26371,16.6516
26372,17.6032
26373,15.7298
26374,16.7352
26375,16.6281
26376,16.5986
26377,16.7815
26378,18.5691
26379,14.7847
26380,16.5336
26381,16.7060
26382,16.9511
26383,16.4092
26384,16.5843
26385,16.7448
26386,16.7203
26387,16.7395
26388,16.5510
26389,16.7843
26390,17.2362
26391,15.8900
26392,16.8200
26393,16.4683
26394,16.7313
26395,16.7749
26396,16.5624
26397,16.6198
26398,16.7802
26399,16.6439
26400,16.6572
26401,16.7629
26402,17.2907
26403,15.8529
26404,16.7838
26405,16.6812
26406,16.5803
26407,17.1450
26408,16.6308
26409,17.0932
26410,15.8252
26411,16.6066
26412,16.6466
26413,16.6785
26414,16.7335
26415,16.7526
26416,16.5407
26417,16.6421
26418,16.6913
26419,16.7076
26420,16.9487
26421,16.7382
26422,16.1637
26423,16.7841
26424,16.7237
26425,16.6671
26426,16.5802
26427,17.3019
26428,16.1042
26429,18.2038
26430,15.3271
26431,16.5084
26432,16.6301
26433,16.6068
26434,16.6918
26435,16.6785
26436,16.7723
26437,16.5757
26438,16.7590
26439,16.4744
26440,16.7633
26441,16.6646
26442,16.6568
26443,16.7973
26444,17.0165
26445,16.4305
26446,16.4237
26447,16.6805
26448,16.6045
26449,16.6548
26450,16.6678
26451,16.7129
26452,16.6449
26453,16.6522
26454,17.8546
26455,15.4900
26456,17.0650
26457,16.9742
26458,16.3991
26459,16.1768
26460,16.7250
26461,16.5537
26462,16.7757
26463,16.6028
26464,16.7193
26465,16.6121
26466,16.7399
26467,16.6775
26468,16.9498
26469,17.2104
26470,16.2124
26471,16.4057
26472,16.9849
26473,16.0758
26474,16.7762
26475,16.6317
26476,16.6425
26477,16.7345
26478,16.7029
26479,16.6091
26480,16.8490
26481,16.4603
26482,16.6798
26483,16.7885
26484,16.4784
26485,16.8959
26486,17.7577
26487,15.4188
26488,16.7056
26489,16.6233
26490,16.6751
26491,16.6700
26492,16.6567
26493,16.7507
26494,16.6324
26495,16.6995
26496,16.7715
26497,16.5672
26498,16.5204
26499,16.8164
26500,16.9615
26501,16.8576
26502,16.6019
26503,16.4566
26504,16.4159
26505,16.5471
26506,16.7530
26507,16.6317
26508,16.6530
26509,16.6215
26510,16.7059
26511,16.8475
26512,16.5401
26513,16.7856
26514,16.5021
26515,17.3347
26516,16.4901
26517,16.8739
26518,16.0243
26519,16.6534
26520,16.5549
26521,16.7777
26522,16.6536
26523,16.6582
26524,16.6169
26525,16.7006
26526,16.6433
26527,17.5547
26528,16.4505
26529,16.3721
26530,16.3124
26531,16.6857
26532,16.5887
26533,16.8130
26534,16.6105
26535,16.6702
26536,16.5407
26537,16.7694
26538,16.7718
26539,16.7000
26540,16.7661
26541,16.5987
26542,16.3602
26543,16.8196
26544,16.6109
26545,16.6440
26546,16.8719
26547,16.5180
26548,16.7696
26549,16.4360
26550,16.7814
26551,18.0859
26552,15.2298
26553,16.6344
26554,16.8949
26555,16.4739
26556,16.7274
26557,16.5765
26558,16.6878
26559,16.7758
26560,16.4911
26561,16.6746
26562,16.6992
26563,16.6862
26564,16.7168
26565,16.5422
26566,16.8328
26567,16.6338
26568,16.6393
26569,16.6449
26570,17.3152
26571,15.9912
26572,16.6184
26573,16.7414
26574,16.6190
26575,16.5903
26576,16.7713
26577,16.5813
26578,16.8447
26579,16.7044
26580,16.5342
26581,16.6925
26582,16.7039
26583,16.5274
26584,16.7575
26585,16.6751
26586,16.5466
26587,16.9809
26588,16.8254
26589,17.0252
26590,15.8488
26591,16.7668
26592,16.6754
26593,16.8162
26594,16.4824
26595,16.6879
26596,16.8637
26597,17.5556
26598,15.5135
26599,16.7250
26600,16.7333
26601,16.6042
26602,16.5179
26603,16.8294
26604,16.5989
26605,16.6596
26606,16.6937
26607,16.7880
26608,16.5202
26609,16.5891
26610,17.1430
26611,16.4216
26612,16.8202
26613,16.7289
26614,16.8494
26615,16.1195
26616,16.6318
26617,16.7390
26618,16.5423
26619,16.7819
26620,16.9107
26621,16.4118
26622,16.6971
26623,16.6570
26624,17.2625
26625,16.4177
26626,16.6081
26627,16.3181
26628,16.6682
26629,16.6095
26630,16.8213
26631,16.5757
26632,16.6368
26633,16.8050
26634,16.5141
26635,16.8746
26636,16.5385
26637,17.4773
26638,16.1848
26639,16.2297
26640,16.7633
26641,16.5559
26642,16.7780
26643,16.6315
26644,16.8097
26645,16.5470
26646,17.2972
26647,16.6086
26648,16.6443
26649,17.4032
26650,15.7371
26651,16.3327
26652,16.5572
26653,16.7508
26654,16.6710
26655,16.6568
26656,16.6888
26657,16.6161
26658,16.6566
26659,16.7009
26660,16.6373
26661,16.9989
26662,16.4024
26663,16.6590
26664,17.2439
26665,16.1242
26666,16.5629
26667,16.8556
26668,16.6115
26669,16.5072
26670,16.6162
26671,16.7447
26672,16.6036
26673,16.8509
26674,16.6181
26675,16.6147
26676,16.5867
26677,16.8027
26678,17.0666
26679,16.2805
26680,16.5573
26681,16.6451
26682,16.7986
26683,16.6363
26684,16.6288
26685,16.6092
26686,16.7801
26687,16.5659
26688,16.7421
26689,16.5654
26690,16.7041
26691,18.4073
26692,15.2013
26693,16.8368
26694,16.2275
26695,16.5684
26696,16.7603
26697,16.7837
26698,16.5921
26699,16.6398
26700,16.5902
26701,16.8268
26702,16.7085
26703,16.7161
26704,16.4551
26705,16.6480
26706,16.7577
26707,16.6675
26708,16.5920
26709,16.6320
26710,16.7681
26711,16.5552
26712,17.0928
26713,16.3142
26714,16.6707
26715,16.5982
26716,16.7653
26717,17.0795
26718,16.2105
26719,16.6800
26720,16.8462
26721,17.0002
26722,16.0906
26723,16.7436
26724,16.5587
26725,16.6354
26726,16.7338
26727,16.8867
26728,16.4165
26729,16.8443
26730,16.5183
26731,16.7823
26732,16.6116
26733,18.0036
26734,15.2340
26735,16.6612
26736,16.6836
26737,16.6734
26738,16.6757
26739,16.6539
26740,16.6979
26741,16.6093
26742,16.6830
26743,16.9342
26744,16.7820
26745,16.4881
26746,16.4799
26747,17.0232
26748,17.3219
26749,15.6347
26750,16.6890
26751,16.6362
26752,16.7683
26753,16.7009
26754,16.5741
26755,16.6545
26756,16.8648
26757,16.4142
26758,16.7385
26759,17.1396
26760,16.2020
26761,16.6529
26762,16.8478
26763,16.6128
26764,16.5220
26765,16.6895
26766,16.7275
26767,18.6502
26768,14.9997
26769,16.1944
26770,19.5201
26771,13.7947
26772,16.7147
26773,16.7316
26774,16.7388
26775,16.5719
26776,16.6315
26777,16.7175
26778,16.6352
26779,16.6069
26780,17.1517
26781,16.8082
26782,16.0349
26783,17.2157
26784,16.2066
26785,16.6176
26786,16.7806
26787,16.6110
26788,16.8403
26789,16.5071
26790,18.2909
26791,16.0933
26792,17.2962
26793,14.9378
26794,17.0116
26795,16.2846
26796,16.6957
26797,16.6967
26798,16.6726
26799,16.8935
26800,18.6135
26801,15.1245
26802,15.9816
26803,16.7141
26804,16.7161
26805,16.6569
26806,16.7291
26807,17.6682
26808,20.4946
26809,13.0274
26810,19.7691
26811,12.2264
26812,16.8411
26813,16.6000
26814,16.5328
26815,17.3401
26816,16.4792
26817,17.7292
26818,15.1259
26819,17.1054
26820,16.8313
26821,17.0878
26822,17.7950
26823,14.6200
26824,16.5793
26825,16.7229
26826,16.6246
26827,16.7373
26828,16.5828
26829,17.3206
26830,16.3026
26831,16.6158
26832,16.4278
26833,16.6180
26834,16.8985
26835,16.5345
26836,16.6601
26837,16.6202
26838,16.6274
26839,16.6933
26840,16.7174
26841,17.8351
26842,15.7288
26843,16.3663
26844,16.6274
26845,16.8048
26846,16.6128
26847,16.7320
26848,16.6998
26849,16.7046
26850,16.5012
26851,16.7148
26852,16.5708
26853,16.7746
26854,16.6601
26855,16.6452
26856,16.5679
26857,16.8353
26858,16.9049
26859,16.3318
26860,16.7568
26861,16.6108
26862,16.6298
26863,17.4377
26864,15.7963
26865,16.6288
26866,16.7652
26867,16.6939
26868,16.7252
26869,16.6453
26870,17.2586
26871,16.0705
26872,16.5511
26873,16.8134
26874,16.6099
26875,16.7037
26876,16.6626
26877,16.7224
26878,16.5410
26879,16.6499
26880,16.6640
26881,16.7806
26882,17.1313
26883,16.2367
26884,16.5640
26885,16.7595
26886,16.5447
26887,17.3821
26888,16.3986
26889,16.2309
26890,16.6891
26891,16.8478
26892,17.3304
26893,15.8806
26894,16.5017
26895,16.6621
26896,16.9414
26897,16.6397
26898,16.4893
26899,16.7057
26900,16.6618
26901,16.5849
26902,17.2413
26903,16.0859
26904,16.7662
26905,16.7452
26906,16.6450
26907,16.9607
26908,16.3155
26909,16.8130
26910,16.5206
26911,17.3462
26912,16.6106
26913,15.8955
26914,16.7837
26915,16.6472
26916,16.7184
26917,16.7349
26918,16.5830
26919,16.8354
26920,16.9612
26921,16.1384
26922,16.6824
26923,16.7392
26924,16.5173
26925,17.4795
26926,15.9550
26927,16.6329
26928,16.7134
26929,16.5958
26930,16.6284
26931,16.7481
26932,16.8895
26933,16.4297
26934,16.6721
26935,16.6349
26936,17.4455
26937,15.9839
26938,17.4304
26939,15.9316
26940,16.5469
26941,16.8580
26942,16.4669
26943,16.7065
26944,16.6615
26945,16.8359
26946,16.5423
26947,16.6783
26948,17.2968
26949,19.5071
26950,14.6091
26951,15.5474
26952,16.2968
26953,16.7515
26954,16.6608
26955,16.5876
26956,16.7593
26957,17.2867
26958,15.9414
26959,16.7351
26960,16.6202
26961,16.9112
26962,16.7915
26963,16.3523
26964,16.5406
26965,16.7195
26966,16.7688
26967,17.0946
26968,16.2016
26969,16.5793
26970,16.8781
26971,16.5391
26972,16.6395
26973,16.8892
26974,16.3498
26975,16.8828
26976,16.3635
26977,17.5581
26978,16.1420
26979,16.4145
26980,16.6957
26981,16.6613
26982,16.6192
26983,16.7525
26984,16.6037
26985,17.3693
26986,16.3066
26987,16.3735
26988,16.6214
26989,16.6427
26990,16.6283
26991,16.7150
26992,17.2706
26993,16.0783
26994,16.6301
26995,16.6775
26996,16.7536
26997,16.9761
26998,16.4658
26999,16.5512
27000,16.6442
27001,16.6360
27002,16.5958
27003,16.6719
27004,16.6850
27005,16.7216
27006,17.1163
27007,16.1411
27008,16.7005
27009,17.0110
27010,16.2422
27011,16.8078
27012,16.5391
27013,16.6577
27014,16.9857
27015,16.4626
27016,16.6263
27017,16.6826
27018,16.9593
27019,16.4241
27020,16.6093
27021,17.1605
27022,16.5923
27023,16.6216
27024,16.2466
27025,16.7571
27026,16.6315
27027,16.6510
27028,16.7918
27029,16.5300
27030,16.7214
27031,16.7573
27032,16.9838
27033,16.1783
27034,16.7073
27035,16.7068
27036,16.5989
27037,16.7119
27038,16.9081
27039,17.9318
27040,15.0950
27041,17.2621
27042,16.7606
27043,16.6538
27044,16.5401
27045,16.1349
27046,16.7144
27047,16.6166
27048,18.5405
27049,14.8893
27050,16.5811
27051,16.6486
27052,16.7343
27053,16.6371
27054,16.6123
27055,16.7566
27056,17.4816
27057,15.8344
27058,16.6843
27059,16.5194
27060,16.6661
27061,17.2347
27062,16.2458
27063,16.7516
27064,16.6499
27065,16.5040
27066,16.6839
27067,16.7670
27068,16.5878
27069,16.6522
27070,16.5541
27071,16.8513
27072,16.5473
27073,16.8538
27074,16.5479
27075,17.1717
27076,16.6898
27077,16.4137
27078,16.4365
27079,16.5592
27080,16.6568
27081,16.6961
27082,17.0837
27083,16.2018
27084,16.6160
27085,16.8623
27086,16.5790
27087,16.7048
27088,16.7151
27089,16.5156
27090,16.7137
27091,16.8874
27092,16.4277
27093,16.6970
27094,16.6985
27095,16.6794
27096,16.5986
27097,16.8168
27098,16.7231
27099,16.5916
27100,16.5586
27101,17.1937
27102,17.0106
27103,15.8553
27104,16.5435
27105,16.6711
27106,16.6111
27107,16.7667
27108,16.6167
27109,16.7147
27110,16.7868
27111,16.5775
27112,16.7826
27113,16.5733
27114,16.6742
27115,17.3112
27116,16.6669
27117,15.9758
27118,16.6938
27119,16.6389
27120,16.5860
27121,16.7237
27122,16.6234
27123,16.6717
27124,16.6219
27125,16.9595
27126,16.4770
27127,17.6262
27128,16.3549
27129,16.8459
27130,15.8083
27131,17.1329
27132,16.1770
27133,16.7406
27134,16.5732
27135,16.6603
27136,16.7594
27137,16.5854
27138,16.8077
27139,16.7495
27140,16.5128
27141,16.6028
27142,17.7293
27143,16.4091
27144,15.8382
27145,16.7501
27146,16.6012
27147,16.6379
27148,16.6654
27149,16.6920
27150,16.7017
27151,16.6136
27152,17.3365
27153,16.1191
27154,16.6537
27155,16.6007
27156,16.7237
27157,16.6553
27158,16.7634
27159,16.7917
27160,16.4324
27161,16.6168
27162,16.7083
27163,16.6061
27164,16.6282
27165,16.7869
27166,16.6580
27167,16.5889
27168,16.6884
27169,16.8007
27170,16.6110
27171,16.7252
27172,16.5347
27173,17.3760
27174,16.0366
27175,16.5251
27176,16.7035
27177,16.6159
27178,16.7237
27179,16.6293
27180,16.7406
27181,16.6876
27182,16.6279
27183,16.7171
27184,16.6764
27185,16.6320
27186,16.5198
27187,17.4916
27188,15.9101
27189,16.6611
27190,16.6095
27191,16.7814
27192,16.6281
27193,16.8137
27194,16.5601
27195,16.6408
27196,16.6284
27197,17.1268
27198,16.2801
27199,16.6247
27200,17.1596
27201,16.7199
27202,16.7669
27203,16.2847
27204,16.2913
27205,16.6735
27206,16.7466
27207,16.7010
27208,16.6452
27209,16.6938
27210,16.7697
27211,16.5486
27212,16.5931
27213,17.0240
27214,16.6225
27215,16.4104
27216,17.3306
27217,16.0750
27218,16.4997
27219,16.7489
27220,16.6648
27221,16.6871
27222,16.6227
27223,16.6881
27224,17.3069
27225,16.1574
27226,16.7407
27227,16.4360
27228,16.7475
27229,16.6419
27230,16.5586
27231,16.7617
27232,16.6542
27233,16.6182
27234,16.6913
27235,16.8977
27236,16.4789
27237,18.3576
27238,18.7475
27239,13.3303
27240,17.2367
27241,15.6834
27242,16.5839
27243,16.6202
27244,16.7642
27245,16.6333
27246,16.6507
27247,16.7047
27248,17.1414
27249,16.6440
27250,16.3970
27251,16.6135
27252,16.9265
27253,16.3991
27254,16.6698
27255,16.7464
27256,16.4563
27257,17.3183
27258,16.2565
27259,16.4398
27260,16.6858
27261,17.9947
27262,17.6408
27263,14.4086
27264,16.6849
27265,16.7301
27266,16.5428
27267,17.7454
27268,16.2891
27269,16.0796
27270,16.5726
27271,16.8397
27272,16.4690
27273,17.5007
27274,15.8803
27275,16.5831
27276,16.7329
27277,16.6694
27278,16.6110
27279,16.6464
27280,17.5773
27281,16.2614
27282,16.0923
27283,16.7881
27284,16.8713
27285,16.5495
27286,16.5651
27287,16.6349
27288,16.7926
27289,16.5927
27290,16.5809
27291,16.8494
27292,16.6371
27293,16.7088
27294,16.4975
27295,17.0694
27296,16.8991
27297,15.9752
27298,16.8327
27299,16.5735
27300,16.5603
27301,16.7422
27302,16.6974
27303,16.6543
27304,16.6746
27305,16.6710
27306,16.5865
27307,16.9496
27308,16.5187
27309,17.4455
27310,15.8029
27311,16.6855
27312,16.6533
27313,16.6451
27314,16.6973
27315,16.5845
27316,16.6503
27317,16.7702
27318,16.5906
27319,16.8255
27320,16.4996
27321,16.7781
27322,16.6806
27323,16.5841
27324,16.6631
27325,16.7141
27326,16.6397
27327,16.7772
27328,16.6955
27329,16.4647
27330,16.8209
27331,16.6761
27332,16.9395
27333,16.3640
27334,16.8028
27335,16.4956
27336,17.2408
27337,16.4553
27338,16.2607
27339,16.7611
27340,16.6840
27341,16.6412
27342,16.5410
27343,16.8049
27344,16.8007
27345,16.3870
27346,16.7837
27347,16.6755
27348,16.5005
27349,16.9308
27350,16.4507
27351,16.6957
27352,16.6631
27353,16.6188
27354,16.5875
27355,16.7820
27356,16.7799
27357,16.4651
27358,16.7319
27359,16.6443
27360,16.6292
27361,17.1874
27362,16.2378
27363,16.6287
27364,16.6765
27365,16.6262
27366,16.6968
27367,16.6765
27368,17.0348
27369,16.8339
27370,16.4008
27371,16.4093
27372,16.6861
27373,16.7151
27374,16.5879
27375,17.1265
27376,16.3164
27377,16.5515
27378,16.6281
27379,16.8310
27380,16.5428
27381,17.1240
27382,16.4553
27383,16.4550
27384,16.6193
27385,16.7335
27386,16.6869
27387,16.6114
27388,16.6757
27389,16.6656
27390,16.5880
27391,16.7400
27392,16.7112
27393,16.6727
27394,16.6415
27395,16.9278
27396,16.3385
27397,18.1761
27398,15.2191
27399,16.7408
27400,16.5793
27401,16.9262
27402,16.6774
27403,18.6422
27404,15.1902
27405,19.3117
27406,18.3930
27407,12.0011
27408,16.7060
27409,16.1450
27410,17.0336
27411,16.6926
27412,16.3822
27413,17.0102
27414,16.3052
27415,16.7859
27416,16.5407
27417,16.8692
27418,17.4929
27419,15.4921
27420,16.8175
27421,16.4769
27422,16.6998
27423,16.7061
27424,16.7179
27425,16.5492
27426,17.5197
27427,17.3676
27428,15.1335
27429,16.8352
27430,16.4992
27431,16.7646
27432,16.6424
27433,18.7956
27434,14.4861
27435,16.7216
27436,16.6389
27437,17.2229
27438,16.0774
27439,16.6678
27440,17.5536
27441,16.7031
27442,15.7118
27443,16.7402
27444,16.6279
27445,16.7017
27446,16.6000
27447,16.7194
27448,17.5220
27449,15.6518
27450,16.7757
27451,16.6513
27452,16.7102
27453,16.9498
27454,16.4065
27455,16.6931
27456,16.7908
27457,16.5082
27458,16.7616
27459,16.5515
27460,16.6587
27461,16.8057
27462,16.6561
27463,16.7024
27464,16.6854
27465,17.3360
27466,15.7996
27467,16.6637
27468,16.6366
27469,16.7760
27470,16.6604
27471,16.6885
27472,16.6614
27473,16.6448
27474,16.7406
27475,16.5293
27476,17.1575
27477,16.7921
27478,18.1699
27479,15.4270
27480,18.3848
27481,14.6695
27482,16.1118
27483,16.6341
27484,16.6438
27485,16.6863
27486,16.6617
27487,16.6683
27488,17.1407
27489,17.4076
27490,15.4124
27491,16.7201
27492,16.5026
27493,16.8879
27494,16.5933
27495,16.6480
27496,16.6420
27497,16.6932
27498,16.7475
27499,17.4980
27500,15.7281
27501,16.7683
27502,16.5753
27503,16.8096
27504,16.6215
27505,17.4319
27506,16.5009
27507,15.8496
27508,16.7690
27509,16.7421
27510,16.5654
27511,16.6687
27512,16.8055
27513,16.5826
27514,16.8349
27515,16.5122
27516,16.9386
27517,16.3375
27518,17.4297
27519,15.8636
27520,16.8671
27521,16.5418
27522,16.7159
27523,16.6439
27524,16.5372
27525,16.7540
27526,16.6790
27527,16.8877
27528,16.4826
27529,16.6719
27530,16.8166
27531,16.9012
27532,16.7400
27533,16.1715
27534,16.5956
27535,16.7146
27536,16.6800
27537,16.5724
27538,16.7708
27539,16.6856
27540,16.5737
27541,16.7082
27542,16.7656
27543,16.6859
27544,16.6382
27545,16.5697
27546,16.6263
27547,16.6982
27548,16.6404
27549,16.7501
27550,16.7458
27551,16.5739
27552,16.7304
27553,16.7320
27554,16.5631
27555,16.6469
27556,17.3454
27557,16.0509
27558,16.6559
27559,16.5830
27560,16.6786
27561,17.2816
27562,16.1045
27563,17.8969
27564,18.2266
27565,13.8825
27566,17.0112
27567,16.3535
27568,16.5666
27569,16.7300
27570,16.5972
27571,16.6511
27572,16.7720
27573,16.5755
27574,16.6267
27575,16.6711
27576,16.8551
27577,16.5352
27578,16.7881
27579,16.8072
27580,17.5466
27581,16.1945
27582,16.3116
27583,16.3776
27584,16.5731
27585,16.6880
27586,16.6014
27587,16.7205
27588,16.7439
27589,16.5528
27590,16.7223
27591,16.7180
27592,16.6413
27593,16.6523
27594,16.6135
27595,16.6868
27596,17.4440
27597,16.6081
27598,16.0009
27599,16.6586
27600,16.6722
27601,16.6021
27602,16.6716
27603,16.6174
27604,16.7368
27605,16.6897
27606,16.5823
27607,16.6883
27608,17.4742
27609,15.7829
27610,17.0728
27611,16.2370
27612,17.4180
27613,16.0716
27614,16.6198
27615,16.6508
27616,16.7219
27617,16.5649
27618,16.6494
27619,16.8004
27620,16.7007
27621,16.6339
27622,16.5575
27623,18.8610
27624,14.8955
27625,16.3249
27626,16.6145
27627,16.6834
27628,16.7634
27629,16.5406
27630,16.6994
27631,16.6438
27632,16.6574
27633,16.6663
27634,16.7583
27635,16.6813
27636,16.6611
27637,17.0520
27638,16.5586
27639,16.2829
27640,16.8810
27641,16.6721
27642,16.5284
27643,16.5878
27644,16.7261
27645,16.6316
27646,16.7876
27647,16.4858
27648,16.7120
27649,16.8581
27650,16.4737
27651,17.4705
27652,16.5990
27653,16.8868
27654,15.7497
27655,16.6780
27656,16.7181
27657,16.5262
27658,16.6589
27659,16.7865
27660,16.5791
27661,16.6003
27662,16.7112
27663,16.8421
27664,16.5642
27665,17.3266
27666,15.9308
27667,16.6709
27668,16.6123
27669,16.7404
27670,16.6840
27671,16.6683
27672,16.6981
27673,16.5742
27674,16.7961
27675,16.6138
27676,16.7997
27677,16.6230
27678,16.5804
27679,17.5457
27680,15.8142
27681,17.1771
27682,16.1216
27683,16.6092
27684,16.6598
27685,16.7710
27686,16.5237
27687,16.6733
27688,16.7387
27689,16.6279
27690,16.6865
27691,17.2361
27692,16.0270
27693,16.7888
27694,16.6226
27695,16.6590
27696,16.7051
27697,16.6038
27698,16.7316
27699,16.5638
27700,16.9635
27701,16.5850
27702,17.3606
27703,15.8089
27704,16.7153
27705,16.5799
27706,16.5927
27707,16.8664
27708,16.6279
27709,16.6842
27710,16.5522
27711,16.7460
27712,16.6069
27713,16.7532
27714,17.6268
27715,16.0309
27716,16.3015
27717,16.7505
27718,16.5626
27719,16.7189
27720,16.6652
27721,16.5407
27722,16.7399
27723,16.6790
27724,16.6732
27725,16.6036
27726,16.8015
27727,16.5798
27728,17.6588
27729,16.7066
27730,15.6515
27731,16.6554
27732,16.6367
27733,16.6909
27734,16.5327
27735,16.8101
27736,16.6816
27737,16.6408
27738,16.6034
27739,16.7634
27740,16.5899
27741,16.7235
27742,17.9711
27743,15.9493
27744,17.4439
27745,15.1794
27746,16.7170
27747,16.7145
27748,16.6915
27749,16.6619
27750,16.5617
27751,16.6635
27752,17.2535
27753,16.1692
27754,16.9218
27755,16.3408
27756,17.2365
27757,16.1357
27758,16.6795
27759,16.7826
27760,16.5445
27761,16.6658
27762,16.6417
27763,16.7040
27764,16.7313
27765,16.5535
27766,16.7582
27767,16.6875
27768,16.4847
27769,16.8463
27770,16.6111
27771,16.6670
27772,16.6332
27773,16.7039
27774,16.5818
27775,16.7931
27776,16.6557
27777,20.8135
27778,12.4402
27779,17.3490
27780,18.0218
27781,14.6281
27782,17.2426
27783,16.1924
27784,16.5977
27785,16.8726
27786,16.4712
27787,16.6996
27788,17.2708
27789,16.0958
27790,16.5601
27791,17.2671
27792,16.7429
27793,16.1877
27794,16.5552
27795,16.7689
27796,18.0970
27797,15.2568
27798,16.4623
27799,16.6157
27800,16.6910
27801,16.6679
27802,16.6183
27803,16.6250
27804,16.7405
27805,16.7179
27806,16.7496
27807,16.5165
27808,16.7729
27809,16.5239
27810,17.5240
27811,15.9362
27812,16.6240
27813,16.6784
27814,16.6593
27815,16.6620
27816,16.7366
27817,16.4923
27818,16.8491
27819,16.5277
27820,17.0417
27821,16.3902
27822,16.7767
27823,16.4421
27824,17.5421
27825,15.9183
27826,17.8640
27827,15.3000
27828,16.7444
27829,16.6849
27830,16.6057
27831,16.7054
27832,16.5642
27833,16.9494
27834,16.4566
27835,16.8239
27836,16.4515
27837,17.6191
27838,16.2333
27839,16.2145
27840,16.6882
27841,16.7068
27842,16.6425
27843,16.7148
27844,16.6122
27845,16.6432
27846,16.7345
27847,16.6338
27848,16.5548
27849,17.5632
27850,17.1585
27851,15.2899
27852,16.6910
27853,16.7350
27854,16.7115
27855,16.6203
27856,16.6455
27857,16.6925
27858,16.7115
27859,16.6155
27860,16.5794
27861,16.9632
27862,16.5440
27863,16.6382
27864,16.7655
27865,17.1937
27866,15.9114
27867,16.6303
27868,16.8621
27869,16.4675
27870,16.7270
27871,16.6605
27872,16.9326
27873,16.7633
27874,16.3009
27875,16.7565
27876,16.5830
27877,16.7472
27878,17.1398
27879,16.7272
27880,15.9313
27881,16.9232
27882,16.4683
27883,16.8423
27884,16.6219
27885,16.6621
27886,16.5560
27887,16.7591
27888,16.6220
27889,16.7791
27890,16.5987
27891,16.6299
27892,16.6822
27893,16.6140
27894,16.5850
27895,16.7638
27896,16.6206
27897,17.2991
27898,15.9902
27899,16.6798
27900,16.6635
27901,16.8952
27902,16.4461
27903,16.8189
27904,16.5670
27905,16.7041
27906,16.6311
27907,16.6533
27908,16.6806
27909,16.6647
27910,16.7276
27911,16.5361
27912,16.7654
27913,16.6034
27914,16.8616
27915,16.4857
27916,16.6491
27917,17.2303
27918,16.1266
27919,16.6499
27920,16.9539
27921,16.4120
27922,16.5805
27923,16.7630
27924,16.6434
27925,16.7052
27926,16.7866
27927,16.5134
27928,16.6145
27929,17.2826
27930,16.0038
27931,16.6543
27932,16.7576
27933,16.6949
27934,16.6225
27935,16.6335
27936,16.7151
27937,16.7214
27938,16.7896
27939,16.5196
27940,16.6952
27941,16.7467
27942,16.8305
27943,17.3745
27944,15.6697
27945,16.6767
27946,16.5920
27947,17.2679
27948,16.0691
27949,16.6590
27950,16.7252
27951,16.6727
27952,16.6887
27953,16.6479
27954,16.6775
27955,16.6255
27956,16.7116
27957,16.9668
27958,17.6488
27959,16.0531
27960,15.9060
27961,16.7104
27962,16.6681
27963,16.6512
27964,16.7158
27965,16.5617
27966,16.7475
27967,16.7607
27968,17.2723
27969,16.6526
27970,16.8286
27971,16.4636
27972,15.9626
27973,16.6442
27974,16.7221
27975,16.6496
27976,16.6630
27977,16.6687
27978,16.7654
27979,16.6185
27980,16.6416
27981,16.7970
27982,16.4304
27983,17.3075
27984,16.6123
27985,16.1412
27986,16.7134
27987,16.6005
27988,16.7165
27989,16.6640
27990,16.6078
27991,16.7633
27992,16.6493
27993,16.6533
27994,17.5495
27995,16.8138
27996,16.1154
27997,16.5558
27998,16.2399
27999,16.6101
28000,16.7696
28001,16.6868
28002,16.6588
28003,16.6047
28004,16.7694
28005,16.7470
28006,16.5570
28007,16.5328
28008,16.7369
28009,16.8529
28010,17.5327
28011,15.6787
28012,16.6490
28013,16.7063
28014,16.7108
28015,16.6433
28016,16.8937
28017,16.3539
28018,16.6251
28019,16.7977
28020,16.7762
28021,16.5540
28022,16.9266
28023,16.3302
28024,16.7025
28025,16.7027
28026,16.5794
28027,16.7071
28028,16.6443
28029,16.6731
28030,16.6073
28031,16.7313
28032,16.6288
28033,16.5942
28034,16.9109
28035,17.1896
28036,15.9962
28037,16.6491
28038,16.7339
28039,16.6251
28040,16.6690
28041,16.7314
28042,16.9441
28043,16.4174
28044,16.5291
28045,16.6497
28046,17.0135
28047,16.3720
28048,16.6403
28049,16.7871
28050,16.4182
28051,16.7480
28052,16.6484
28053,16.7491
28054,16.6142
28055,16.7150
28056,17.1267
28057,16.4162
28058,16.5716
28059,16.7557
28060,17.2704
28061,16.3193
28062,16.3531
28063,16.5038
28064,16.6482
28065,16.6852
28066,16.6493
28067,16.7365
28068,16.6339
28069,16.5619
28070,16.6920
28071,16.7322
28072,17.6425
28073,16.3229
28074,16.6015
28075,16.5558
28076,16.3139
28077,16.6445
28078,16.5187
28079,16.6974
28080,16.6336
28081,16.7656
28082,16.6115
28083,16.7063
28084,16.5920
28085,17.8288
28086,15.4928
28087,16.7644
28088,16.5997
28089,17.0364
28090,16.4518
28091,16.4092
28092,16.6739
28093,16.8592
28094,16.5507
28095,16.9450
28096,16.4707
28097,16.5364
28098,16.7374
28099,16.7953
28100,16.4386
28101,16.8812
28102,16.6028
28103,16.6480
28104,16.6043
28105,16.6428
28106,16.7636
28107,16.5481
28108,16.6871
28109,17.3353
28110,16.6720
28111,16.6778
28112,15.9674
28113,16.6871
28114,16.6187
28115,16.6740
28116,16.6681
28117,16.6840
28118,16.7884
28119,16.5748
28120,16.6262
28121,16.7130
28122,16.6098
28123,16.7841
28124,16.5423
28125,16.7058
28126,16.9297
28127,17.1473
28128,15.8765
28129,16.6829
28130,17.3907
28131,17.1714
28132,15.5132
28133,16.6134
28134,16.6804
28135,16.6406
28136,16.7491
28137,16.7183
28138,17.0284
28139,16.6214
28140,16.4115
28141,16.5223
28142,16.6040
28143,16.7451
28144,16.5409
28145,16.7727
28146,16.6398
28147,16.6406
28148,16.6661
28149,17.9275
28150,15.9758
28151,16.0753
28152,17.2435
28153,16.1486
28154,16.6565
28155,16.6685
28156,16.5602
28157,16.7950
28158,16.6054
28159,16.6076
28160,16.8045
28161,17.3115
28162,16.4458
28163,16.6698
28164,16.1231
28165,16.6323
28166,16.7283
28167,16.7239
28168,16.5941
28169,16.8112
28170,16.5324
28171,16.6875
28172,16.6752
28173,16.7958
28174,16.5709
28175,17.6125
28176,15.6575
28177,16.7229
28178,16.5841
28179,16.6990
28180,16.6859
28181,16.6793
28182,16.5590
28183,16.7862
28184,17.1593
28185,17.6632
28186,15.8627
28187,15.9929
28188,18.2545
28189,14.9856
28190,16.7807
28191,16.6405
28192,16.5779
28193,16.7508
28194,16.5396
28195,16.7212
28196,16.8159
28197,16.5996
28198,16.5915
28199,16.6507
28200,16.7240
28201,17.4795
28202,15.8004
28203,16.6639
28204,16.7273
28205,17.5098
28206,16.0526
28207,16.5205
28208,16.4324
28209,16.7643
28210,17.4217
28211,15.9765
28212,16.5595
28213,16.9104
28214,16.7661
28215,16.4013
28216,16.6285
28217,16.6755
28218,16.6111
28219,16.6852
28220,16.7395
28221,16.6722
28222,16.6017
28223,16.7216
28224,16.7372
28225,16.4912
28226,16.9348
28227,16.8977
28228,16.2160
28229,16.7070
28230,16.6339
28231,16.6780
28232,16.7794
28233,16.5570
28234,16.7245
28235,16.5356
28236,16.6654
28237,16.8036
28238,17.9636
28239,15.6187
28240,16.3217
28241,16.7392
28242,16.5266
28243,16.7130
28244,16.6584
28245,16.9286
28246,16.5457
28247,16.6497
28248,16.4992
28249,16.8765
28250,16.5176
28251,16.6869
28252,16.6331
28253,16.6969
28254,16.6270
28255,16.6484
28256,17.4831
28257,15.9216
28258,16.6543
28259,16.6903
28260,16.6302
28261,16.5885
28262,16.9699
28263,16.4355
28264,16.7966
28265,16.8561
28266,16.4512
28267,16.5477
28268,16.6732
28269,16.7199
28270,16.6034
28271,16.7121
28272,16.5892
28273,16.7309
28274,16.7796
28275,16.5453
28276,16.8629
28277,16.5538
28278,16.5730
28279,17.2012
28280,16.3369
28281,16.4204
28282,16.8976
28283,17.1761
28284,15.9130
28285,16.6576
28286,17.2429
28287,16.0163
28288,16.8213
28289,16.5305
28290,16.7993
28291,16.6442
28292,16.7677
28293,16.6942
28294,16.5163
28295,16.6196
28296,16.6814
28297,16.6807
28298,16.7333
28299,16.6126
28300,16.7183
28301,16.6438
28302,16.6500
28303,16.7038
28304,16.5912
28305,16.6375
28306,17.9176
28307,16.2727
28308,15.8414
28309,17.8819
28310,17.7653
28311,14.3530
28312,17.1549
28313,16.2992
28314,16.6105
28315,16.6594
28316,16.5758
28317,16.8807
28318,16.6232
28319,17.6251
28320,15.9254
28321,16.5193
28322,16.5322
28323,16.5745
28324,16.7078
28325,16.6204
28326,16.6399
28327,16.9133
28328,16.9501
28329,16.9000
28330,15.9593
28331,17.2465
28332,16.0313
28333,16.8387
28334,17.3513
28335,15.8440
28336,16.6128
28337,16.7759
28338,16.6690
28339,16.5941
28340,16.7280
28341,16.7150
28342,16.6821
28343,16.6312
28344,16.5095
28345,16.9310
28346,16.4922
28347,16.8151
28348,17.2224
28349,15.8984
28350,16.7595
28351,16.6881
28352,16.5717
28353,17.3194
28354,16.6733
28355,16.0390
28356,16.6077
28357,16.8002
28358,16.5478
28359,16.8221
28360,16.6966
28361,16.5187
28362,16.7859
28363,16.5476
28364,16.7087
28365,16.6174
28366,16.7105
28367,16.8767
28368,16.4278
28369,16.6973
28370,16.6492
28371,16.6953
28372,17.3125
28373,16.0953
28374,17.7954
28375,16.0745
28376,15.9932
28377,16.7033
28378,16.6886
28379,16.6949
28380,16.6551
28381,16.5813
28382,16.6951
28383,16.6471
28384,16.6930
28385,16.6805
28386,16.5825
28387,16.6550
28388,16.7215
28389,16.6642
28390,16.7481
28391,16.5676
28392,16.7908
28393,16.6128
28394,16.6201
28395,16.5960
28396,16.7482
28397,17.2147
28398,16.2013
28399,16.6010
28400,16.6144
28401,17.5404
28402,16.0277
28403,16.5395
28404,16.5262
28405,16.8549
28406,16.4878
28407,16.6536
28408,16.6993
28409,16.6932
28410,16.6377
28411,16.6621
28412,16.6884
28413,16.6404
28414,16.6314
28415,17.2334
28416,16.5981
28417,16.1273
28418,16.8433
28419,16.5495
28420,16.6940
28421,16.5906
28422,16.7529
28423,16.6045
28424,16.7024
28425,16.6971
28426,16.5896
28427,17.2593
28428,16.6338
28429,16.1080
28430,16.7006
28431,16.6955
28432,16.6220
28433,16.6186
28434,16.7741
28435,16.6494
28436,16.5861
28437,16.7976
28438,17.1447
28439,16.0300
28440,16.7251
28441,16.6877
28442,16.6946
28443,16.6772
28444,16.6403
28445,16.6037
28446,16.7523
28447,16.7919
28448,16.5299
28449,17.3895
28450,16.4804
28451,17.2039
28452,15.9967
28453,16.2646
28454,16.6842
28455,16.5908
28456,16.6388
28457,16.7586
28458,16.6140
28459,16.6993
28460,16.6459
28461,16.6885
28462,16.7582
28463,16.4740
28464,17.5355
28465,16.8339
28466,15.6878
28467,16.8414
28468,16.5756
28469,16.6204
28470,18.3538
28471,16.2820
28472,16.2309
28473,16.0175
28474,18.1836
28475,16.3445
28476,17.9582
28477,15.0533
28478,16.1999
28479,17.2191
28480,16.7059
28481,15.6163
28482,16.6018
28483,16.7222
28484,16.8392
28485,16.6877
28486,16.7834
28487,16.9150
28488,16.4211
28489,18.2480
28490,14.6423
28491,17.2914
28492,16.0741
28493,16.5622
28494,16.9058
28495,17.0154
28496,16.1951
28497,16.7457
28498,16.5189
28499,17.1575
28500,16.4098
28501,16.3711
28502,16.7495
28503,16.9021
28504,17.1887
28505,15.9675
28506,16.7626
28507,16.5961
28508,16.7347
28509,16.4919
28510,17.3712
28511,16.0096
28512,16.6701
28513,17.4852
28514,15.7315
28515,16.9355
28516,16.3734
28517,16.7142
28518,16.7110
28519,16.7384
28520,16.5462
28521,16.6415
28522,16.7082
28523,17.3733
28524,17.4060
28525,15.2529
28526,16.5934
28527,16.6775
28528,16.6723
28529,16.6838
28530,16.5715
28531,16.8460
28532,16.6556
28533,16.6542
28534,16.5693
28535,16.7309
28536,16.6369
28537,20.3349
28538,15.0780
28539,15.0363
28540,16.3975
28541,16.6061
28542,16.6588
28543,16.5964
28544,16.6997
28545,16.5635
28546,17.6607
28547,16.0740
28548,17.4856
28549,15.5283
28550,16.5630
28551,16.7811
28552,16.5934
28553,16.6362
28554,16.6828
28555,16.7736
28556,16.5444
28557,16.6837
28558,16.6835
28559,17.0717
28560,16.5737
28561,16.8595
28562,16.1046
28563,16.6870
28564,16.6433
28565,16.6380
28566,16.8016
28567,16.7013
28568,16.5686
28569,17.1838
28570,16.4564
28571,16.6605
28572,16.3148
28573,17.0320
28574,16.3749
28575,17.1530
28576,16.1096
28577,16.9323
28578,16.4596
28579,16.6114
28580,16.6734
28581,16.8614
28582,16.5539
28583,16.6692
28584,16.6391
28585,16.7003
28586,17.6433
28587,15.5903
28588,17.3594
28589,15.9820
28590,16.6746
28591,16.8553
28592,17.0671
28593,16.4615
28594,16.4595
28595,16.5572
28596,16.6071
28597,16.7519
28598,18.0393
28599,15.2288
28600,16.7268
28601,16.6474
28602,17.3434
28603,15.9765
28604,17.5253
28605,15.9378
28606,17.4141
28607,16.0532
28608,20.1225
28609,13.3181
28610,17.2786
28611,16.0453
28612,16.8005
28613,17.5666
28614,15.3187
28615,16.6760
28616,16.5956
28617,16.8804
28618,16.5133
28619,17.4226
28620,15.8727
28621,16.6489
28622,16.6822
28623,16.6053
28624,16.6820
28625,16.6457
28626,16.6857
28627,16.6760
28628,16.7385
28629,16.8061
28630,16.4082
28631,16.7748
28632,16.8066
28633,16.5306
28634,16.6844
28635,16.6316
28636,16.6123
28637,16.8179
28638,17.2191
28639,15.9017
28640,16.6736
28641,17.0906
28642,18.3443
28643,14.5857
28644,16.6755
28645,16.7035
28646,16.6710
28647,16.7254
28648,16.5894
28649,16.5607
28650,16.7989
28651,16.8095
28652,16.5651
28653,16.6494
28654,16.7182
28655,16.5758
28656,16.7004
28657,16.6619
28658,16.6056
28659,16.6407
28660,17.3177
28661,16.0424
28662,16.6561
28663,16.6930
28664,16.6835
28665,16.5806
28666,16.7494
28667,16.6452
28668,16.6685
28669,16.7592
28670,16.6015
28671,16.5079
28672,16.7696
28673,16.7446
28674,16.6180
28675,16.5891
28676,16.6626
28677,16.6719
28678,16.7029
28679,16.6497
28680,16.7848
28681,16.5377
28682,16.6390
28683,16.7391
28684,17.1313
28685,16.1442
28686,16.6548
28687,16.7382
28688,16.6477
28689,16.5597
28690,17.5037
28691,15.9284
28692,16.9405
28693,16.3124
28694,16.7083
28695,16.6960
28696,16.6343
28697,16.8519
28698,16.4337
28699,16.8141
28700,16.7056
28701,16.5347
28702,16.6424
28703,17.1264
28704,17.0271
28705,15.8829
28706,16.6171
28707,16.6703
28708,16.6710
28709,16.6984
28710,16.6545
28711,16.7629
28712,16.6156
28713,16.7768
28714,16.6125
28715,17.1124
28716,16.8894
28717,16.0013
28718,16.5756
28719,16.6228
28720,16.7003
28721,17.0804
28722,16.2902
28723,16.6600
28724,16.7183
28725,16.6417
28726,16.6024
28727,16.6775
28728,16.6999
28729,16.6560
28730,16.7510
28731,16.6006
28732,17.0099
28733,18.3284
28734,14.7951
28735,16.6106
28736,16.5786
28737,17.5502
28738,15.7705
28739,17.2310
28740,16.6395
28741,16.1679
28742,16.7523
28743,16.6066
28744,16.7376
28745,16.5253
28746,16.6736
28747,16.7184
28748,16.7569
28749,16.6863
28750,16.5631
28751,17.1891
28752,16.0802
28753,16.7236
28754,18.3342
28755,15.5154
28756,16.2232
28757,16.9653
28758,16.4104
28759,16.5574
28760,16.5952
28761,17.2136
28762,16.6373
28763,17.3933
28764,15.5359
28765,16.6076
28766,16.6541
28767,16.6427
28768,16.5933
28769,16.7745
28770,16.5757
28771,16.7595
28772,16.5798
28773,16.7644
28774,16.6130
28775,16.6747
28776,17.1575
28777,16.2767
28778,18.1735
28779,15.0687
28780,16.5916
28781,16.8066
28782,16.5213
28783,16.7956
28784,16.6220
28785,16.7081
28786,17.1869
28787,16.2908
28788,17.9646
28789,16.8259
28790,14.9495
28791,16.8165
28792,16.4531
28793,16.6614
28794,16.7215
28795,16.7908
28796,16.7096
28797,16.4623
28798,16.7206
28799,17.5499
28800,18.8178
28801,13.6365
28802,16.6617
28803,17.2018
28804,16.1430
28805,16.6152
28806,16.7213
28807,16.5906
28808,16.7232
28809,16.6019
28810,17.4704
28811,16.9228
28812,15.5684
28813,16.6583
28814,16.9175
28815,16.4854
28816,16.6268
28817,16.7418
28818,16.7221
28819,16.6782
28820,16.6352
28821,16.8535
28822,16.4380
28823,16.8820
28824,18.3008
28825,15.5847
28826,15.8214
28827,16.9358
28828,16.4374
28829,64.1001
28830,2.4427
28831,16.8849
28832,16.5958
28833,16.7276
28834,16.6312
28835,18.8247
28836,15.9515
28837,16.4375
28838,16.8548
28839,17.9185
28840,14.9124
28841,16.9692
28842,16.0192
28843,16.5080
28844,17.8527
28845,15.0038
28846,16.7448
28847,16.8114
28848,16.5737
28849,18.4091
28850,14.9386
28851,16.4895
28852,16.7442
28853,16.5880
28854,16.7662
28855,17.1951
28856,16.1882
28857,17.7705
28858,17.6412
28859,14.5259
28860,17.3248
28861,15.9394
28862,16.7640
28863,16.5592
28864,16.6582
28865,16.8445
28866,16.5963
28867,16.5898
28868,16.7759
28869,18.4562
28870,15.3937
28871,16.0623
28872,17.3643
28873,15.9566
28874,16.6717
28875,16.5927
28876,16.6794
28877,17.6841
28878,15.6688
28879,16.7708
28880,17.4643
28881,15.8745
28882,16.5762
28883,16.7246
28884,17.8489
28885,15.4575
28886,16.8039
28887,16.4845
28888,16.6164
28889,16.7574
28890,16.6554
28891,16.6684
28892,16.6455
28893,17.6829
28894,16.7954
28895,15.4707
28896,16.7248
28897,16.8118
28898,16.4586
28899,16.7058
28900,16.6555
28901,16.6603
28902,16.7191
28903,16.6832
28904,16.6149
28905,18.1146
28906,18.0581
28907,13.8557
28908,17.2255
28909,16.1019
28910,17.4958
28911,17.4873
28912,14.9402
28913,16.6895
28914,16.7778
28915,16.5495
28916,16.7657
28917,17.7576
28918,17.5783
28919,14.6919
28920,16.5902
28921,17.0703
28922,16.2602
28923,16.7242
28924,16.7709
28925,17.2961
28926,16.0312
28927,17.8202
28928,15.3747
28929,16.6256
28930,16.7572
28931,17.0035
28932,16.3808
28933,20.0295
28934,14.0138
28935,15.9491
28936,16.6894
28937,17.8132
28938,15.4425
28939,16.6402
28940,16.7570
28941,16.6442
28942,16.5843
28943,16.7560
28944,16.5865
28945,16.7238
28946,16.5852
28947,16.6205
28948,18.5893
28949,16.0989
28950,16.2959
28951,16.5475
28952,16.9878
28953,16.1168
28954,17.2234
28955,15.5052
28956,16.6777
28957,16.6648
28958,16.6941
28959,16.6993
28960,16.6477
28961,16.6244
28962,16.6265
28963,16.8269
28964,16.5906
28965,16.6942
28966,16.6278
28967,16.8890
28968,16.4189
28969,16.8459
28970,16.4676
28971,16.8837
28972,16.4310
28973,18.5851
28974,16.2183
28975,15.1632
28976,16.6649
28977,17.3743
28978,16.0047
28979,16.8027
28980,16.6779
28981,16.5226
28982,16.7448
28983,16.6055
28984,16.7480
28985,16.5245
28986,18.2711
28987,17.6409
28988,14.1406
28989,16.6261
28990,16.7376
28991,17.1378
28992,16.2452
28993,16.5611
28994,16.6636
28995,18.3105
28996,15.0666
28997,16.8566
28998,16.4482
28999,16.8052
29000,16.9710
29001,16.9872
29002,17.3221
29003,15.2796
29004,16.5346
29005,17.9544
29006,15.4131
29007,16.6346
29008,16.7937
29009,16.5651
29010,16.6882
29011,16.7604
29012,17.2354
29013,16.8136
29014,16.9926
29015,16.5778
29016,15.6857
29017,16.5700
29018,17.2298
29019,16.0743
29020,16.6998
29021,16.6480
29022,17.1764
29023,16.1717
29024,17.6048
29025,16.5730
29026,16.8658
29027,15.6080
29028,16.7651
29029,16.5942
29030,16.9340
29031,17.1881
29032,15.8486
29033,16.6745
29034,16.8471
29035,16.5407
29036,17.5489
29037,16.7260
29038,16.3000
29039,16.2587
29040,16.4749
29041,16.7761
29042,16.5931
29043,16.6304
29044,16.7706
29045,16.4777
29046,16.7400
29047,17.7603
29048,15.5312
29049,16.6334
29050,16.7082
29051,16.7560
29052,16.7918
29053,16.6230
29054,16.5085
29055,16.6913
29056,16.7363
29057,16.6236
29058,16.6215
29059,16.7055
29060,16.8718
29061,17.2158
29062,15.9914
29063,16.6482
29064,16.6171
29065,16.6184
29066,16.6534
29067,16.6320
29068,16.6776
29069,17.2369
29070,16.1056
29071,16.6743
29072,16.6222
29073,17.1199
29074,16.7123
29075,17.2922
29076,15.7485
29077,16.4941
29078,16.8226
29079,16.4805
29080,17.2259
29081,16.1223
29082,16.7719
29083,16.5470
29084,16.7275
29085,16.6748
29086,19.7483
29087,15.6923
29088,14.4975
29089,18.0515
29090,15.4244
29091,16.6639
29092,16.7313
29093,16.5298
29094,17.8961
29095,15.5535
29096,16.4781
29097,17.2753
29098,16.5428
29099,16.2113
29100,16.6210
29101,16.7750
29102,16.6692
29103,16.9561
29104,16.3781
29105,16.6543
29106,16.5938
29107,16.7669
29108,17.3870
29109,16.3342
29110,16.2714
29111,16.6231
29112,17.0896
29113,16.1408
29114,16.7422
29115,16.6656
29116,16.6147
29117,16.7551
29118,16.5984
29119,16.6929
29120,17.5407
29121,16.6294
29122,15.7775
29123,16.7212
29124,16.7084
29125,16.8685
29126,16.3880
29127,17.0082
29128,16.3986
29129,16.6366
29130,16.6500
29131,17.2400
29132,16.1377
29133,16.7797
29134,16.8383
29135,16.2529
29136,16.7087
29137,16.7199
29138,16.7096
29139,16.9667
29140,16.3687
29141,16.7531
29142,16.7590
29143,16.6907
29144,16.9047
29145,16.3312
29146,17.0326
29147,16.4321
29148,16.3963
29149,16.6783
29150,16.4943
29151,16.8844
29152,16.8708
29153,16.3507
29154,16.7519
29155,16.6448
29156,16.7375
29157,17.1460
29158,16.3737
29159,16.4718
29160,16.6842
29161,16.6248
29162,16.6603
29163,16.6046
29164,16.7268
29165,16.7506
29166,16.7009
29167,16.5849
29168,17.4925
29169,16.3459
29170,16.1359
29171,16.8081
29172,16.3973
29173,16.7686
29174,16.6172
29175,16.6562
29176,16.7447
29177,16.5959
29178,16.6424
29179,16.7265
29180,16.9657
29181,16.5216
29182,16.6345
29183,16.5592
29184,16.5842
29185,17.1087
29186,16.5084
29187,16.4441
29188,16.6436
29189,16.8566
29190,17.3877
29191,15.7346
29192,16.6696
29193,17.0981
29194,16.4960
29195,16.5495
29196,16.5426
29197,16.7110
29198,16.6835
29199,16.5842
29200,16.6364
29201,16.8120
29202,16.5818
29203,16.6663
29204,16.6516
29205,16.6399
29206,16.7305
29207,16.6361
29208,16.5924
29209,16.9061
29210,17.1439
29211,16.3674
29212,16.3209
29213,16.7362
29214,16.5852
29215,16.7265
29216,16.6325
29217,16.7632
29218,17.2275
29219,15.9421
29220,16.6972
29221,16.7044
29222,16.6544
29223,16.5837
29224,16.7983
29225,16.5783
29226,16.7402
29227,16.7200
29228,16.6464
29229,16.9169
29230,16.3172
29231,16.9596
29232,16.3779
29233,16.4946
29234,16.8591
29235,16.6323
29236,16.7368
29237,16.5795
29238,17.4018
29239,16.0577
29240,16.9806
29241,16.6988
29242,16.8306
29243,16.1620
29244,17.2798
29245,17.4058
29246,15.6704
29247,16.7848
29248,16.5831
29249,16.1432
29250,16.5876
29251,16.8977
29252,16.5031
29253,16.6178
29254,17.1798
29255,16.8759
29256,15.9531
29257,16.6121
29258,16.6931
29259,16.5759
29260,16.7908
29261,16.8931
29262,16.3629
29263,17.2898
29264,16.0615
29265,16.6042
29266,16.8158
29267,16.7497
29268,16.5429
29269,16.6115
29270,16.6933
29271,16.8158
29272,16.6584
29273,16.5656
29274,16.7205
29275,16.8194
29276,16.4608
29277,16.6761
29278,16.6933
29279,16.8644
29280,16.3548
29281,16.7142
29282,16.6783
29283,16.6101
29284,16.7562
29285,16.6917
29286,16.6378
29287,16.5428
29288,17.7114
29289,15.7329
29290,16.6359
29291,16.7164
29292,16.5970
29293,16.7391
29294,16.5023
29295,16.7662
29296,16.6635
29297,16.6613
29298,16.6941
29299,16.5956
29300,16.7189
29301,16.5811
29302,17.3825
29303,16.5570
29304,16.1671
29305,16.6859
29306,16.7804
29307,16.4150
29308,16.8232
29309,16.5695
29310,16.6623
29311,16.6971
29312,16.6707
29313,16.6347
29314,17.0902
29315,16.3606
29316,16.5876
29317,16.6057
29318,16.8434
29319,16.5272
29320,16.6734
29321,16.6709
29322,16.7356
29323,16.6118
29324,16.7493
29325,16.4634
29326,18.0555
29327,15.3786
29328,16.6740
29329,16.6030
29330,16.6807
29331,16.6637
29332,16.7085
29333,16.6770
29334,16.9289
29335,16.3660
29336,17.1905
29337,16.1215
29338,16.8562
29339,17.5504
29340,15.5397
29341,16.9643
29342,16.3872
29343,16.7457
29344,16.6720
29345,16.5778
29346,17.4138
29347,15.9662
29348,16.6344
29349,16.7339
29350,16.5538
29351,18.0573
29352,15.9429
29353,16.3138
29354,16.3891
29355,16.6729
29356,16.7502
29357,16.7157
29358,16.6654
29359,16.6719
29360,16.8020
29361,17.0354
29362,17.0215
29363,15.9974
29364,16.6188
29365,16.4264
29366,16.5520
29367,16.7437
29368,16.7695
29369,16.4902
29370,16.7522
29371,16.6629
29372,16.6944
29373,16.5827
29374,16.9645
29375,16.4002
29376,16.8234
29377,16.5008
29378,16.6719
29379,16.7057
29380,16.5904
29381,16.7139
29382,16.8436
29383,16.4401
29384,16.8169
29385,16.5469
29386,18.2060
29387,15.3591
29388,16.3578
29389,16.6873
29390,16.6670
29391,16.6550
29392,16.7734
29393,16.7162
29394,16.5788
29395,17.5753
29396,16.1621
29397,17.0623
29398,16.2274
29399,16.6297
29400,16.3528
29401,16.6528
29402,16.6761
29403,16.6505
29404,16.7220
29405,16.6077
29406,16.6060
29407,16.8888
29408,17.1961
29409,15.9865
29410,16.8236
29411,16.5021
29412,16.6580
29413,16.6901
29414,16.6407
29415,16.6461
29416,16.6395
29417,16.6470
29418,16.7290
29419,16.6238
29420,16.7339
29421,16.6277
29422,17.1497
29423,17.8856
29424,15.6620
29425,16.0275
29426,16.6432
29427,16.7214
29428,16.5182
29429,16.7417
29430,16.6467
29431,16.7290
29432,16.6019
29433,16.5812
29434,17.5245
29435,15.8649
29436,17.3612
29437,16.0594
29438,16.8876
29439,16.4170
29440,16.6414
29441,16.8033
29442,16.4459
29443,16.6946
29444,16.7655
29445,16.6460
29446,16.6436
29447,17.1384
29448,16.2225
29449,16.6531
29450,16.7261
29451,16.5703
29452,17.3501
29453,16.3776
29454,16.2719
29455,16.5929
29456,17.2735
29457,16.1256
29458,16.9787
29459,16.5300
29460,16.4909
29461,16.6961
29462,16.6916
29463,16.6233
29464,16.6837
29465,16.7692
29466,16.7664
29467,17.0793
29468,16.0052
29469,16.7148
29470,16.9360
29471,16.4076
29472,16.5785
29473,16.6407
29474,16.8418
29475,16.5572
29476,17.3192
29477,16.1230
29478,16.4850
29479,17.3625
29480,16.5225
29481,16.6899
29482,17.4654
29483,15.5845
29484,17.0564
29485,18.0558
29486,14.6953
29487,17.9187
29488,15.4192
29489,16.7598
29490,16.6363
29491,16.5710
29492,16.7009
29493,16.6744
29494,16.7960
29495,17.6841
29496,15.5780
29497,16.7951
29498,16.3820
29499,16.7123
29500,16.7291
29501,16.6531
29502,16.6056
29503,16.6586
29504,16.9492
29505,16.3635
29506,17.1555
29507,17.1104
29508,15.9613
29509,16.4905
29510,16.6396
29511,16.6791
29512,16.6687
29513,16.7298
29514,16.6115
29515,16.6853
29516,16.6441
29517,16.8556
29518,16.8353
29519,17.8216
29520,15.1020
29521,16.7135
29522,16.5969
29523,16.6998
29524,16.7114
29525,16.6635
29526,16.6787
29527,16.6785
29528,17.1421
29529,16.5313
29530,16.5452
29531,16.3933
29532,16.6756
29533,16.6851
29534,16.5976
29535,16.6273
29536,16.7924
29537,16.6492
29538,16.6241
29539,16.7802
29540,16.5625
29541,16.6311
29542,17.2102
29543,16.5808
29544,16.2978
29545,16.6363
29546,17.0749
29547,16.2043
29548,16.6439
29549,16.7310
29550,16.7127
29551,16.6687
29552,16.8235
29553,16.7146
29554,16.7433
29555,16.5460
29556,17.0037
29557,16.2860
29558,16.5033
29559,16.6091
29560,16.6805
29561,16.7223
29562,16.8668
29563,16.4527
29564,16.6440
29565,16.6344
29566,16.7566
29567,17.0138
29568,16.2878
29569,16.6461
29570,16.6973
29571,16.6034
29572,16.6590
29573,16.6474
29574,16.8088
29575,16.5370
29576,17.6196
29577,15.7746
29578,17.2655
29579,18.4075
29580,14.2791
29581,16.6661
29582,16.7724
29583,16.5436
29584,16.7288
29585,16.6765
29586,16.5886
29587,16.7736
29588,16.5866
29589,16.6200
29590,17.5762
29591,16.4652
29592,16.0070
29593,16.7182
29594,16.6466
29595,16.6405
29596,16.7098
29597,16.6793
29598,16.5595
29599,16.7847
29600,17.1679
29601,16.4985
29602,16.7595
29603,16.2898
29604,17.0284
29605,16.2499
29606,16.6108
29607,16.6316
29608,16.6156
29609,16.7837
29610,16.6536
29611,16.6059
29612,16.7866
29613,16.6611
29614,16.7999
29615,17.0978
29616,16.1466
29617,16.5415
29618,16.9207
29619,16.3459
29620,17.3911
29621,15.9553
29622,16.6715
29623,16.7132
29624,16.8458
29625,16.6510
29626,16.7658
29627,16.6195
29628,16.4761
29629,16.7316
29630,16.6238
29631,16.6289
29632,17.5490
29633,16.1494
29634,17.0573
29635,16.0286
29636,16.5997
29637,16.8405
29638,16.8117
29639,18.1091
29640,16.0923
29641,15.4122
29642,17.0641
29643,16.2965
29644,16.6219
29645,19.0604
29646,14.8337
29647,16.0643
29648,16.7028
29649,16.6130
29650,17.1844
29651,16.5486
29652,16.6659
29653,16.3159
29654,16.6378
29655,16.7064
29656,16.5889
29657,16.7260
29658,16.6854
29659,16.5649
29660,16.7716
29661,16.6158
29662,17.6146
29663,16.0840
29664,16.9174
29665,16.0337
29666,16.7272
29667,16.6159
29668,16.7299
29669,16.6985
29670,16.7474
29671,16.4579
29672,16.7348
29673,16.6876
29674,16.9669
29675,16.7269
29676,16.2019
29677,16.7044
29678,16.6572
29679,16.7048
29680,16.7496
29681,16.5089
29682,16.7776
29683,16.6922
29684,16.6754
29685,16.6408
29686,17.2318
29687,16.9409
29688,15.9164
29689,16.4722
29690,16.6531
29691,16.7023
29692,16.6544
29693,16.6342
29694,16.6997
29695,16.7096
29696,16.7303
29697,17.4571
29698,16.3858
29699,16.5459
29700,16.5928
29701,16.3785
29702,16.5815
29703,16.7602
29704,16.6576
29705,16.6406
29706,16.6296
29707,16.6169
29708,17.6205
29709,15.7894
29710,16.5554
29711,16.7361
29712,16.6853
29713,16.6650
29714,16.6296
29715,16.6426
29716,16.7593
29717,16.5573
29718,16.7389
29719,16.5816
29720,16.9600
29721,16.7217
29722,16.3567
29723,16.7091
29724,17.7516
29725,15.5719
29726,16.6668
29727,16.6700
29728,16.7019
29729,16.8180
29730,16.5159
29731,16.5990
29732,16.8907
29733,16.5511
29734,16.8562
29735,16.5709
29736,16.5007
29737,16.6973
29738,18.6358
29739,15.2451
29740,15.9146
29741,16.8274
29742,16.7352
29743,16.5535
29744,16.8405
29745,16.4716
29746,16.6442
29747,16.7297
29748,16.6534
29749,16.6053
29750,17.5326
29751,16.3899
29752,16.2435
29753,16.5723
29754,16.6874
29755,16.6305
29756,16.7811
29757,16.6300
29758,16.6148
29759,16.6649
29760,16.6445
29761,16.9422
29762,16.6138
29763,16.4794
29764,16.7242
29765,16.5853
29766,17.1232
29767,16.2595
29768,17.1959
29769,16.4935
29770,16.2815
29771,17.1616
29772,16.3380
29773,16.5242
29774,16.5633
29775,16.6957
29776,16.7418
29777,16.6585
29778,17.0095
29779,16.2456
29780,16.7514
29781,16.6355
29782,16.7163
29783,16.6401
29784,16.6021
29785,16.5797
29786,16.8478
29787,16.9322
29788,16.4818
29789,16.6198
29790,16.5554
29791,16.7096
29792,16.5790
29793,16.9157
29794,16.4808
29795,16.6724
29796,16.6371
29797,16.7098
29798,16.6529
29799,16.8285
29800,16.3960
29801,16.7545
29802,16.6469
29803,16.7989
29804,16.5416
29805,16.6086
29806,16.7473
29807,16.6556
29808,16.6660
29809,16.6798
29810,16.6482
29811,16.6390
29812,16.7851
29813,16.5312
29814,17.0237
29815,16.4244
29816,16.7889
29817,17.2483
29818,15.9106
29819,16.7014
29820,16.5609
29821,16.6952
29822,16.9117
29823,16.5687
29824,16.5643
29825,16.6449
29826,16.8173
29827,16.5755
29828,17.5818
29829,15.7105
29830,16.6716
29831,16.6264
29832,16.6682
29833,16.6626
29834,16.6787
29835,16.5494
29836,16.6809
29837,16.8737
29838,16.5968
29839,16.7992
29840,17.6278
29841,15.8834
29842,16.2416
29843,16.7098
29844,16.6324
29845,16.6734
29846,16.6412
29847,16.7434
29848,16.6639
29849,16.6187
29850,16.6646
29851,16.6661
29852,16.7136
29853,16.5908
29854,16.7762
29855,16.6010
29856,16.6442
29857,16.7795
29858,16.6467
29859,16.9096
29860,16.4455
29861,16.6832
29862,16.6363
29863,16.8378
29864,16.4737
29865,17.0659
29866,16.8852
29867,15.9637
29868,16.6620
29869,16.6671
29870,16.6137
29871,16.7261
29872,16.7041
29873,16.9907
29874,16.5570
29875,16.4328
29876,16.8169
29877,17.4219
29878,16.1579
29879,16.2793
29880,16.7007
29881,16.6610
29882,16.6544
29883,16.8098
29884,16.4017
29885,16.7977
29886,16.7988
29887,16.4974
29888,16.7747
29889,17.7026
29890,16.0067
29891,16.1557
29892,16.6470
29893,16.7457
29894,16.5821
29895,16.6115
29896,16.8244
29897,16.5155
29898,16.7703
29899,16.5711
29900,16.7089
29901,16.7312
29902,16.7386
29903,16.9726
29904,16.9998
29905,15.9059
29906,16.6834
29907,16.6371
29908,16.6812
29909,16.6601
29910,16.6338
29911,16.7981
29912,16.7055
29913,16.4006
29914,16.9651
29915,16.5791
29916,16.7107
29917,16.6673
29918,19.2946
29919,14.4573
29920,16.0894
29921,16.7987
29922,16.6744
29923,16.5941
29924,16.5989
29925,16.6509
29926,16.7466
29927,16.7270
29928,16.6147
29929,16.5743
29930,16.6772
29931,17.4571
29932,16.3511
29933,16.1085
29934,16.6837
29935,16.7908
29936,16.6703
29937,16.6138
29938,16.7053
29939,16.6241
29940,16.6464
29941,16.5866
29942,16.7815
29943,17.1995
29944,16.2190
29945,16.5905
29946,16.6878
29947,16.6084
29948,16.7291
29949,16.5852
29950,16.7442
29951,16.6358
29952,16.9040
29953,16.3859
29954,16.8504
29955,16.7985
29956,16.5492
29957,18.8007
29958,14.4199
29959,16.7786
29960,16.4595
29961,18.3903
29962,15.9188
29963,16.7996
29964,16.0853
29965,16.1535
29966,16.6415
29967,16.6384
29968,16.8805
29969,16.4425
29970,16.7733
29971,16.6074
29972,16.8073
29973,16.5065
29974,16.7253
29975,16.6628
29976,16.6614
29977,16.6899
29978,16.5961
29979,16.7311
29980,16.7078
29981,16.6941
29982,16.6283
29983,16.7244
29984,16.4671
29985,17.6491
29986,16.5426
29987,15.8764
29988,16.6508
29989,16.6959
29990,16.6557
29991,16.6421
29992,16.7014
29993,16.7951
29994,16.6020
29995,16.5971
29996,16.9298
29997,16.4141
29998,16.7777
29999,17.3312
30000,15.8918
30001,16.7016
30002,16.5800
30003,16.7143
30004,16.8638
30005,16.4038
30006,16.6455
30007,16.7756
30008,16.5637
30009,18.0506
30010,16.1162
30011,15.9039
30012,16.6686
30013,16.7057
30014,16.6191
30015,16.6227
30016,16.6091
30017,16.7731
30018,16.5969
30019,16.7064
30020,16.7000
30021,16.5908
30022,16.8373
30023,16.5425
30024,16.8311
30025,16.5648
30026,16.7156
30027,17.6861
30028,16.2487
30029,15.9040
30030,16.8039
30031,16.6146
30032,16.6020
30033,16.6874
30034,17.2278
30035,16.2071
30036,16.8427
30037,16.5127
30038,16.5252
30039,16.6614
30040,16.7000
30041,16.6175
30042,16.8074
30043,17.0305
30044,16.6471
30045,16.2587
30046,18.7309
30047,14.5451
30048,16.6925
30049,16.8966
30050,16.5196
30051,16.4816
30052,16.9229
30053,16.6434
30054,16.6330
30055,16.5063
30056,17.2754
30057,16.0718
30058,16.6249
30059,16.6615
30060,16.7424
30061,16.6909
30062,16.5749
30063,16.7090
30064,16.6749
30065,16.9361
30066,16.4854
30067,16.6540
30068,16.9276
30069,16.2646
30070,17.7035
30071,16.3264
30072,16.0887
30073,16.6683
30074,16.5835
30075,16.7139
30076,16.6584
30077,16.8321
30078,16.5016
30079,16.6232
30080,16.6430
30081,16.8566
30082,16.6559
30083,17.3698
30084,16.2150
30085,16.2474
30086,16.6973
30087,16.6174
30088,16.7423
30089,16.6507
30090,16.6497
30091,16.8750
30092,16.4609
30093,16.5954
30094,16.9861
30095,16.6040
30096,17.0402
30097,16.0844
30098,16.7260
30099,16.5105
30100,16.8608
30101,16.4872
30102,16.7525
30103,16.6716
30104,16.7871
30105,16.5214
30106,16.6991
30107,16.6349
30108,16.6760
30109,16.8465
30110,16.4500
30111,16.7341
30112,16.7594
30113,16.5071
30114,16.8004
30115,16.6159
30116,16.6090
30117,16.7094
30118,16.6748
30119,16.7123
30120,16.6531
30121,16.5124
30122,16.8094
30123,16.6935
30124,16.8333
30125,16.4150
30126,16.7271
30127,16.6674
30128,16.6191
30129,17.2659
30130,16.7536
30131,16.6112
30132,16.7103
30133,15.9613
30134,16.6291
30135,16.7969
30136,16.9349
30137,16.3282
30138,16.5843
30139,16.7275
30140,16.6218
30141,16.6239
30142,16.7405
30143,16.6230
30144,16.6984
30145,16.6526
30146,16.7160
30147,17.0566
30148,16.3479
30149,16.8935
30150,16.4824
30151,16.5400
30152,19.6600
30153,13.7711
30154,18.6877
30155,14.8647
30156,16.3263
30157,16.6428
30158,16.9065
30159,16.4962
30160,16.6737
30161,16.8682
30162,16.3441
30163,16.6829
30164,16.8845
30165,16.6332
30166,16.9271
30167,16.5459
30168,16.4271
30169,17.6230
30170,15.6525
30171,17.2671
30172,16.1213
30173,16.5585
30174,16.8219
30175,16.6037
30176,16.8463
30177,16.3498
30178,17.2184
30179,16.2099
30180,18.0343
30181,15.4516
30182,16.5124
30183,16.7266
30184,16.6278
30185,16.6577
30186,16.8423
30187,16.4610
30188,16.6501
30189,16.7236
30190,16.6664
30191,17.5809
30192,16.6299
30193,15.7219
30194,16.7493
30195,16.5947
30196,16.7512
30197,17.0118
30198,16.6508
30199,16.4653
30200,16.5406
30201,17.7046
30202,15.9359
30203,16.3166
30204,16.6167
30205,16.7374
30206,16.5923
30207,16.7586
30208,16.5269
30209,17.0379
30210,16.4005
30211,16.7934
30212,16.5504
30213,16.9380
30214,16.3244
30215,16.9223
30216,16.3466
30217,16.6943
30218,17.1404
30219,16.3676
30220,16.6382
30221,16.5668
30222,16.7358
30223,16.6256
30224,16.8298
30225,17.5861
30226,15.9298
30227,17.0782
30228,16.3850
30229,16.2002
30230,16.6758
30231,16.6083
30232,16.7237
30233,16.6530
30234,16.7608
30235,16.6329
30236,16.6811
30237,16.5723
30238,17.1469
30239,16.2706
30240,16.6076
30241,16.6875
30242,16.5579
30243,16.6434
30244,16.8041
30245,16.6648
30246,16.6831
30247,16.7510
30248,16.5748
30249,16.6942
30250,17.3572
30251,15.8873
30252,16.6770
30253,16.6212
30254,16.6578
30255,16.6212
30256,16.7405
30257,16.6679
30258,16.7964
30259,16.5238
30260,16.7793
30261,16.6876
30262,16.7999
30263,17.2277
30264,15.8808
30265,16.6752
30266,16.6405
30267,16.6106
30268,16.8042
30269,16.5879
30270,16.6915
30271,16.7024
30272,16.6721
30273,16.8131
30274,17.6595
30275,15.4557
30276,17.2381
30277,16.7943
30278,16.9027
30279,16.4924
30280,15.9164
30281,16.6390
30282,16.6661
30283,16.6413
30284,17.0108
30285,16.4213
30286,16.5988
30287,16.6328
30288,16.6859
30289,17.2106
30290,16.8073
30291,15.9746
30292,16.7010
30293,16.6149
30294,16.6154
30295,16.7656
30296,16.6708
30297,16.6974
30298,16.9857
30299,16.6743
30300,16.2883
30301,16.6733
30302,16.6495
30303,17.1663
30304,16.1233
30305,16.7466
30306,16.5458
30307,16.7881
30308,16.7570
30309,16.5601
30310,16.6421
30311,16.8488
30312,17.1206
30313,16.0553
30314,16.6314
30315,16.8482
30316,16.8051
30317,16.3625
30318,16.6645
30319,16.6501
30320,16.6565
30321,16.6404
30322,16.7268
30323,17.3717
30324,16.2964
30325,16.3403
30326,16.5607
30327,17.1974
30328,16.1609
30329,17.1841
30330,16.1916
30331,16.7394
30332,16.6505
30333,16.6023
30334,16.6424
30335,17.5629
30336,16.4898
30337,16.0915
30338,16.4767
30339,16.9506
30340,16.5541
30341,16.6499
30342,16.6775
30343,17.2149
30344,16.4969
30345,16.1420
30346,16.7148
30347,16.6834
30348,16.6151
30349,16.7125
30350,16.6498
30351,16.6624
30352,16.6405
30353,16.8055
30354,16.7215
30355,16.6142
30356,16.5656
30357,17.5779
30358,16.1357
30359,16.9558
30360,15.9547
30361,16.7028
30362,17.4142
30363,15.8556
30364,16.6295
30365,16.8365
30366,16.5549
30367,16.7601
30368,17.0465
30369,16.3591
30370,16.8928
30371,16.3770
30372,16.5178
30373,16.7481
30374,16.6752
30375,16.5799
30376,16.7877
30377,16.6063
30378,16.6938
30379,17.2960
30380,16.1310
30381,16.7091
30382,16.8470
30383,16.4787
30384,17.3739
30385,16.7400
30386,16.1759
30387,16.2589
30388,16.6130
30389,16.6454
30390,16.6915
30391,16.6755
30392,16.6874
30393,16.6084
30394,16.6665
30395,16.8175
30396,16.5498
30397,16.5775
30398,16.9695
30399,16.5005
30400,17.2873
30401,16.0104
30402,16.6260
30403,16.7461
30404,16.5603
30405,16.7270
30406,16.6295
30407,16.7576
30408,16.5899
30409,16.7774
30410,16.5982
30411,16.6789
30412,16.7802
30413,16.4060
30414,16.9735
30415,16.4825
30416,16.5759
30417,16.7665
30418,16.5281
30419,16.7589
30420,16.6660
30421,16.9468
30422,16.3631
30423,16.9360
30424,16.6585
30425,16.5813
30426,16.5740
30427,16.5927
30428,16.6831
30429,16.8100
30430,16.5507
30431,16.6607
30432,16.5808
30433,16.8292
30434,16.6065
30435,16.6239
30436,16.6989
30437,16.7213
30438,16.7029
30439,16.4814
30440,16.7399
30441,16.8620
30442,16.3686
30443,16.8977
30444,16.4750
30445,16.7695
30446,16.5737
30447,16.6620
30448,16.7213
30449,16.6118
30450,16.8271
30451,16.5959
30452,16.7055
30453,16.5740
30454,16.6758
30455,16.6329
30456,16.6882
30457,16.6976
30458,16.5443
30459,16.6639
30460,16.8003
30461,16.8034
30462,16.5162
30463,16.5303
30464,16.9199
30465,17.4648
30466,16.0915
30467,17.5084
30468,15.6125
30469,17.1416
30470,16.0520
30471,16.6791
30472,16.6002
30473,16.6332
30474,16.7150
30475,16.6632
30476,16.5857
30477,16.7682
30478,16.6105
30479,16.7734
30480,16.6789
30481,16.5893
30482,16.8492
30483,16.4267
30484,16.6510
30485,17.5047
30486,15.7991
30487,16.7959
30488,16.5041
30489,17.0379
30490,17.2302
30491,16.0979
30492,16.4254
30493,16.6584
30494,16.6294
30495,16.6734
30496,16.7283
30497,16.8868
30498,16.3767
30499,16.6961
30500,16.6575
30501,16.6405
30502,16.6988
30503,16.6504
30504,16.6374
30505,16.7502
30506,16.6309
30507,16.6482
30508,16.6880
30509,16.7262
30510,16.7605
30511,16.8521
30512,16.3348
30513,16.6292
30514,16.8087
30515,16.4248
30516,16.7371
30517,17.0763
30518,16.2775
30519,16.7173
30520,16.6712
30521,16.6686
30522,16.6238
30523,16.7680
30524,17.3304
30525,15.9370
30526,16.7018
30527,16.7276
30528,16.5148
30529,16.6624
30530,16.5890
30531,16.9037
30532,16.4495
30533,16.7321
30534,16.9078
30535,16.5382
30536,16.9060
30537,16.7868
30538,16.8833
30539,15.9863
30540,16.7248
30541,16.7777
30542,16.4988
30543,16.6610
30544,16.6372
30545,16.7619
30546,16.6045
30547,16.6291
30548,16.6189
30549,17.2453
30550,16.9630
30551,16.1447
30552,17.1127
30553,15.9293
30554,17.0352
30555,16.5886
30556,17.1324
30557,15.8868
30558,16.6814
30559,16.6932
30560,16.6028
30561,16.7011
30562,16.8775
30563,17.0237
30564,16.1042
30565,16.6350
30566,16.5790
30567,17.3680
30568,16.1345
30569,16.8826
30570,16.3646
30571,16.6630
30572,16.7065
30573,16.6692
30574,16.6444
30575,16.7272
30576,16.7301
30577,16.5246
30578,16.7158
30579,17.0566
30580,16.2245
30581,16.7442
30582,16.6651
30583,16.6794
30584,16.5900
30585,16.8439
30586,16.6127
30587,17.6859
30588,16.1084
30589,16.0979
30590,16.6902
30591,16.5796
30592,16.8687
30593,16.5886
30594,16.4571
30595,16.8538
30596,16.9397
30597,16.4701
30598,16.5792
30599,17.4389
30600,15.9116
30601,16.5538
30602,16.7720
30603,16.6176
30604,16.6527
30605,16.6795
30606,16.7129
30607,16.6364
30608,16.6597
30609,16.7206
30610,17.8068
30611,16.2490
30612,16.9845
30613,15.5212
30614,16.6777
30615,16.5909
30616,16.7549
30617,16.6708
30618,16.6121
30619,16.8039
30620,16.5471
30621,16.7496
30622,16.5807
30623,16.6333
30624,16.7639
30625,16.6156
30626,17.2462
30627,16.0791
30628,16.6713
30629,16.6825
30630,16.5829
30631,16.6756
30632,16.7524
30633,16.6471
30634,16.7315
30635,17.0833
30636,16.7066
30637,16.0921
30638,16.8933
30639,16.5131
30640,16.5772
30641,16.8973
30642,16.4019
30643,16.7895
30644,16.6635
30645,16.6703
30646,16.7006
30647,16.5375
30648,16.7669
30649,16.7830
30650,16.4895
30651,16.6999
30652,16.6883
30653,17.2718
30654,16.0352
30655,17.1351
30656,16.2060
30657,16.6056
30658,16.7092
30659,17.1612
30660,16.5744
30661,16.2202
30662,16.7972
30663,16.6104
30664,17.6576
30665,15.6112
30666,16.6809
30667,17.3094
30668,16.7175
30669,15.9381
30670,16.7275
30671,17.1016
30672,16.7565
30673,16.0892
30674,16.7189
30675,16.6127
30676,16.8727
30677,16.4238
30678,16.9593
30679,16.3729
30680,16.7536
30681,17.8735
30682,16.0238
30683,17.3105
30684,15.7222
30685,16.5840
30686,16.7589
30687,16.3145
30688,16.7104
30689,16.6690
30690,16.6005
30691,16.7350
30692,16.8250
30693,16.5707
30694,16.6100
30695,16.6136
30696,16.7055
30697,16.6530
30698,16.5699
30699,16.8265
30700,16.6166
30701,16.6765
30702,16.7200
30703,16.8917
30704,16.4124
30705,16.5731
30706,17.8341
30707,15.6561
30708,16.5896
30709,16.6184
30710,16.7001
30711,16.6327
30712,16.6725
30713,16.7637
30714,16.5943
30715,16.6801
30716,16.6444
30717,16.6847
30718,18.0746
30719,16.5021
30720,21.0313
30721,12.6379
30722,15.8492
30723,15.9343
30724,17.6993
30725,15.6107
30726,17.2961
30727,16.0579
30728,17.2337
30729,16.1106
30730,17.3633
30731,16.7717
30732,16.1931
30733,16.2751
30734,16.6581
30735,16.6561
30736,16.6806
30737,16.6164
30738,16.7890
30739,16.5485
30740,16.6971
30741,17.1534
30742,16.1683
30743,16.8074
30744,17.1442
30745,16.0487
30746,16.7131
30747,16.5521
30748,16.6970
30749,16.7178
30750,16.6649
30751,16.6963
30752,17.0088
30753,16.2548
30754,16.9223
30755,16.9114
30756,16.6041
30757,16.2756
30758,16.7145
30759,17.8034
30760,16.0292
30761,16.8277
30762,16.0201
30763,16.6799
30764,16.5565
30765,17.0704
30766,16.3154
30767,16.9159
30768,16.8236
30769,16.7874
30770,16.1215
30771,16.6720
30772,16.6121
30773,16.7114
30774,16.6765
30775,16.5488
30776,16.7405
30777,16.7295
30778,17.4081
30779,15.9487
30780,17.2764
30781,19.0097
30782,14.3759
30783,15.9014
30784,16.7463
30785,17.1303
30786,16.1618
30787,16.6229
30788,17.1666
30789,16.1293
30790,16.7567
30791,16.6853
30792,17.7650
30793,15.4926
30794,17.3023
30795,16.6413
30796,16.1037
30797,16.5460
30798,17.6121
30799,15.8221
30800,16.6795
30801,16.7034
30802,16.6394
30803,17.1555
30804,18.2337
30805,16.1347
30806,15.6355
30807,16.1711
30808,16.6963
30809,17.0521
30810,16.9938
30811,15.9352
30812,16.5724
30813,16.8567
30814,16.5167
30815,16.8991
30816,16.9021
30817,16.1870
30818,16.7397
30819,16.5898
30820,16.7059
30821,16.5488
30822,16.8188
30823,16.5992
30824,16.6829
30825,16.6174
30826,16.6928
30827,16.7670
30828,16.6728
30829,16.5559
30830,16.6974
30831,16.7942
30832,17.9713
30833,15.1901
30834,16.7022
30835,16.9422
30836,16.4612
30837,16.8886
30838,16.3429
30839,16.7135
30840,16.5954
30841,16.6995
30842,16.7226
30843,16.6153
30844,16.6780
30845,16.6002
30846,16.7332
30847,17.0336
30848,17.6102
30849,15.3858
30850,16.6195
30851,16.7000
30852,16.6787
30853,16.8439
30854,16.4189
30855,16.5991
30856,16.8354
30857,16.5950
30858,16.6129
30859,17.1757
30860,16.1780
30861,17.0411
30862,16.9475
30863,16.0495
30864,16.6447
30865,16.7155
30866,16.6911
30867,16.6597
30868,16.5717
30869,16.9479
30870,16.5090
30871,16.6902
30872,16.7960
30873,16.5193
30874,17.1277
30875,16.1881
30876,16.5782
30877,16.6823
30878,16.7085
30879,16.5941
30880,16.6302
30881,16.7609
30882,16.5553
30883,16.7141
30884,16.6667
30885,16.7160
30886,17.2265
30887,16.1283
30888,16.6504
30889,16.5911
30890,16.7344
30891,16.5525
30892,16.6588
30893,16.7731
30894,16.7447
30895,16.5188
30896,17.0021
30897,16.4482
30898,16.8205
30899,17.4726
30900,16.7497
30901,15.7304
30902,16.4897
30903,16.6167
30904,16.7620
30905,16.6317
30906,16.6135
30907,16.7200
30908,16.7342
30909,16.5348
30910,16.7795
30911,16.7774
30912,16.4989
30913,17.4464
30914,16.1981
30915,16.4426
30916,16.6472
30917,16.7261
30918,16.6104
30919,16.6693
30920,16.7724
30921,16.5746
30922,17.8560
30923,16.1471
30924,16.5496
30925,15.9819
30926,17.7260
30927,15.6108
30928,16.8077
30929,16.5805
30930,16.6647
30931,16.5805
30932,16.6797
30933,16.7724
30934,16.5654
30935,16.7681
30936,17.1122
30937,16.1578
30938,17.0333
30939,16.4348
30940,16.6599
30941,17.2862
30942,16.0972
30943,16.5183
30944,16.5893
30945,16.7024
30946,16.6186
30947,16.7315
30948,17.2050
30949,16.5034
30950,16.3309
30951,16.5817
30952,16.7204
30953,16.6783
30954,16.6666
30955,16.7405
30956,17.2032
30957,15.9959
30958,16.6100
30959,17.0901
30960,16.3285
30961,16.7107
30962,16.5579
30963,17.4727
30964,16.0321
30965,16.6702
30966,16.6567
30967,16.7036
30968,16.6735
30969,18.2636
30970,16.4605
30971,15.6679
30972,17.7470
30973,15.2239
30974,16.8829
30975,16.3348
30976,16.7424
30977,16.6015
30978,16.5956
30979,16.7109
30980,16.8437
30981,16.7101
30982,17.4020
30983,16.4093
30984,16.4475
30985,16.1432
30986,16.6807
30987,16.5061
30988,16.8205
30989,16.6933
30990,16.5829
30991,16.8384
30992,16.5101
30993,16.7502
30994,16.6319
30995,16.7653
30996,16.7028
30997,16.9355
30998,17.2975
30999,15.4819
31000,18.1815
31001,15.2413
31002,16.7081
31003,16.6224
31004,16.5823
31005,16.9609
31006,16.4721
31007,16.7925
31008,16.4223
31009,16.8741
31010,16.7716
31011,16.4444
31012,16.7317
31013,16.6858
31014,16.5598
31015,16.7531
31016,16.6253
31017,16.6308
31018,17.0057
31019,16.8537
31020,16.7465
31021,16.0454
31022,16.8987
31023,16.5143
31024,16.6382
31025,16.7025
31026,16.5725
31027,16.7236
31028,16.6655
31029,16.5937
31030,16.8542
31031,16.8025
31032,16.4392
31033,16.7155
31034,16.6441
31035,17.5102
31036,16.3759
31037,16.0432
31038,16.6526
31039,16.6928
31040,16.6656
31041,16.6682
31042,17.1460
31043,16.7382
31044,16.1091
31045,17.3807
31046,16.0171
31047,16.7679
31048,16.6882
31049,16.5865
31050,16.5024
31051,16.7198
31052,16.6165
31053,16.6394
31054,16.7933
31055,16.6193
31056,16.6511
31057,16.6478
31058,16.6975
31059,16.5556
31060,16.7769
31061,16.6899
31062,16.7031
31063,16.5880
31064,16.6379
31065,16.6229
31066,16.6782
31067,16.7044
31068,17.3335
31069,16.0463
31070,16.6316
31071,16.6834
31072,16.6543
31073,16.5977
31074,16.7172
31075,16.5514
31076,16.7285
31077,16.7183
31078,16.6681
31079,17.1266
31080,16.4782
31081,17.0940
31082,15.9770
31083,16.6863
31084,16.7375
31085,16.6042
31086,16.7849
31087,16.5197
31088,16.6158
31089,17.3305
31090,16.5956
31091,16.1137
31092,16.6652
31093,17.3374
31094,15.9718
31095,16.7112
31096,16.8141
31097,16.5215
31098,16.6103
31099,16.7381
31100,16.7456
31101,16.5438
31102,16.9056
31103,16.4796
31104,16.4973
31105,17.5906
31106,15.8837
31107,16.5964
31108,16.6951
31109,16.9095
31110,16.4024
31111,16.7017
31112,16.8050
31113,16.4777
31114,16.7663
31115,16.5629
31116,16.7057
31117,16.6883
31118,17.4096
31119,15.9516
31120,16.4910
31121,16.7073
31122,16.7139
31123,16.6680
31124,16.6761
31125,16.6148
31126,16.7702
31127,16.7235
31128,16.5251
31129,16.9111
31130,16.4631
31131,16.6597
31132,16.6526
31133,16.6478
31134,16.6423
31135,16.7430
31136,16.6555
31137,16.7053
31138,17.1225
31139,16.6319
31140,16.7124
31141,16.5803
31142,16.0720
31143,16.7497
31144,17.4014
31145,15.9845
31146,16.7609
31147,16.6478
31148,16.6162
31149,16.6414
31150,16.7014
31151,16.6309
31152,17.3612
31153,16.3356
31154,16.5051
31155,16.9748
31156,16.2071
31157,16.7979
31158,16.4612
31159,16.7407
31160,16.6231
31161,16.6731
31162,16.9765
31163,16.6813
31164,16.8247
31165,16.4528
31166,16.9395
31167,16.0937
31168,16.6818
31169,16.6675
31170,16.6437
31171,17.0270
31172,16.3300
31173,16.6700
31174,16.6339
31175,16.7218
31176,16.9953
31177,16.9718
31178,16.3160
31179,16.3725
31180,16.6372
31181,16.6783
31182,16.7071
31183,16.6491
31184,16.6989
31185,16.6165
31186,16.8729
31187,16.5233
31188,16.8018
31189,16.4470
31190,16.6449
31191,16.6936
31192,16.6419
31193,16.6817
31194,16.6938
31195,16.7227
31196,16.7246
31197,16.5649
31198,16.6944
31199,16.7730
31200,16.8881
31201,16.6210
31202,16.3140
31203,16.6065
31204,16.7318
31205,16.6732
31206,16.6707
31207,16.7269
31208,16.7302
31209,16.8030
31210,16.5609
31211,17.0877
31212,16.1156
31213,16.6568
31214,16.6721
31215,16.6429
31216,16.6737
31217,16.6476
31218,16.7600
31219,16.7024
31220,16.5238
31221,16.7770
31222,16.5902
31223,16.9815
31224,17.0100
31225,16.4374
31226,16.2596
31227,16.5636
31228,16.7011
31229,16.6996
31230,16.6044
31231,16.8160
31232,16.5369
31233,16.8905
31234,16.4171
31235,16.6881
31236,16.8516
31237,16.7033
31238,16.6655
31239,16.4908
31240,16.6769
31241,16.6078
31242,16.6965
31243,16.6760
31244,16.6277
31245,16.6887
31246,16.6888
31247,16.5987
31248,16.6313
31249,16.6985
31250,16.7450
31251,16.6323
31252,17.1440
31253,16.9381
31254,15.9458
31255,16.6578
31256,16.7908
31257,16.5930
31258,16.6203
31259,16.6379
31260,17.1822
31261,16.4775
31262,16.5957
31263,16.4450
31264,16.5524
31265,17.1363
31266,16.1533
31267,16.7432
31268,16.7878
31269,16.6068
31270,16.6768
31271,16.6567
31272,17.0479
31273,16.3080
31274,17.4137
31275,15.9680
31276,17.0883
31277,16.1975
31278,16.8294
31279,16.4812
31280,16.7763
31281,16.4939
31282,16.7156
31283,17.0477
31284,16.2339
31285,17.2229
31286,16.5298
31287,16.3160
31288,16.6365
31289,16.7391
31290,16.6692
31291,16.6008
31292,16.8940
31293,16.7478
31294,16.6583
31295,16.4510
31296,16.5955
31297,16.6982
31298,16.6830
31299,16.6062
31300,16.6877
31301,16.6249
31302,16.7196
31303,16.6954
31304,16.8690
31305,16.7642
31306,16.4192
31307,17.2943
31308,16.2242
31309,16.3365
31310,16.7431
31311,16.7575
31312,16.4686
31313,16.7416
31314,16.6764
31315,16.6426
31316,16.8779
31317,16.3829
31318,16.8789
31319,16.4800
31320,17.0283
31321,16.4292
31322,16.5236
31323,16.9747
31324,16.7615
31325,16.3455
31326,16.6070
31327,16.6237
31328,16.7427
31329,16.6020
31330,16.7261
31331,16.8707
31332,17.1107
31333,16.8625
31334,16.0589
31335,16.5158
31336,16.9544
31337,16.2723
31338,16.7479
31339,16.7653
31340,16.3642
31341,16.7441
31342,16.5728
31343,16.7452
31344,16.9295
31345,16.5113
31346,16.9581
31347,16.3044
31348,16.8186
31349,16.5736
31350,17.7133
31351,15.5607
31352,17.1729
31353,16.4890
31354,16.3660
31355,16.5891
31356,16.6966
31357,16.6512
31358,16.7402
31359,16.6936
31360,16.5534
31361,16.5944
31362,16.7185
31363,16.8910
31364,16.4353
31365,16.7013
31366,16.6916
31367,16.6699
31368,16.6278
31369,16.7114
31370,16.6057
31371,16.7016
31372,16.6793
31373,16.7145
31374,16.6388
31375,16.5613
31376,16.8798
31377,17.5813
31378,16.0823
31379,16.1143
31380,16.8005
31381,16.6745
31382,16.6437
31383,16.5970
31384,16.6975
31385,16.6923
31386,16.6421
31387,16.6897
31388,16.6383
31389,16.6011
31390,16.7788
31391,17.6575
31392,17.1000
31393,15.2176
31394,16.6942
31395,16.6085
31396,16.6472
31397,16.7437
31398,16.6726
31399,16.5539
31400,17.0000
31401,16.4116
31402,16.6905
31403,17.1863
31404,16.7361
31405,16.8757
31406,16.1463
31407,16.2862
31408,16.7343
31409,16.6279
31410,16.5769
31411,16.8252
31412,16.6159
31413,16.6479
31414,16.7225
31415,16.5993
31416,16.7901
31417,16.7204
31418,16.5777
31419,16.7386
31420,16.5546
31421,17.1918
31422,16.0699
31423,16.8323
31424,16.4986
31425,16.6453
31426,16.9531
31427,16.3666
31428,16.7566
31429,16.5894
31430,17.0732
31431,16.2565
31432,17.8974
31433,15.9293
31434,17.6542
31435,18.1510
31436,14.8070
31437,16.8349
31438,17.0119
31439,15.2027
31440,17.9068
31441,15.5877
31442,16.5521
31443,17.0914
31444,16.2690
31445,16.6309
31446,18.3983
31447,15.1978
31448,16.3126
31449,16.6725
31450,16.8345
31451,17.8201
31452,15.3290
31453,16.5262
31454,16.8053
31455,16.7261
31456,16.8853
31457,16.4916
31458,16.4524
31459,16.7769
31460,16.6259
31461,16.8322
31462,16.4353
31463,16.7733
31464,16.6702
31465,16.6256
31466,16.6457
31467,16.6375
31468,17.3422
31469,16.0745
31470,16.6489
31471,16.7012
31472,16.7633
31473,16.4869
31474,16.9419
31475,16.4815
31476,17.1041
31477,16.5105
31478,16.8806
31479,16.0237
31480,16.7713
31481,16.7859
31482,16.4187
31483,16.6661
31484,16.7228
31485,16.6458
31486,16.7364
31487,16.6303
31488,17.0067
31489,16.8085
31490,16.7776
31491,16.0985
31492,16.6121
31493,16.7121
31494,16.7207
31495,16.5888
31496,16.7282
31497,16.6059
31498,16.6884
31499,16.6219
31500,16.9685
31501,16.6743
31502,16.4231
31503,16.9456
31504,16.3740
31505,16.5772
31506,16.7530
31507,16.6093
31508,16.7618
31509,16.5559
31510,16.8147
31511,16.5393
31512,16.9049
31513,17.0203
31514,16.4935
31515,16.2881
31516,16.8511
31517,16.6978
31518,16.5053
31519,16.5889
31520,16.8134
31521,16.5258
31522,16.8592
31523,17.0118
31524,17.1799
31525,15.6106
31526,17.1473
31527,16.2242
31528,16.8267
31529,16.5105
31530,16.6156
31531,16.7321
31532,16.6459
31533,16.5507
31534,16.7240
31535,16.6533
31536,16.7013
31537,16.7484
31538,16.6503
31539,16.7262
31540,16.6123
31541,17.1410
31542,16.1069
31543,18.2619
31544,15.1727
31545,16.5584
31546,16.7611
31547,16.7010
31548,16.9905
31549,16.2236
31550,16.7371
31551,16.8069
31552,16.5742
31553,16.6129
31554,16.6667
31555,17.3039
31556,16.5945
31557,15.9767
31558,16.7429
31559,17.0823
31560,16.9175
31561,16.4963
31562,16.7623
31563,16.0228
31564,19.8977
31565,13.4961
31566,16.7221
31567,16.5899
31568,16.7313
31569,17.1717
31570,17.3035
31571,15.6944
31572,16.7521
31573,16.9418
31574,16.9378
31575,15.7163
31576,16.7833
31577,16.6053
31578,16.7475
31579,16.6239
31580,16.6066
31581,16.6821
31582,16.7169
31583,16.8290
31584,16.4754
31585,17.4447
31586,16.1888
31587,16.3215
31588,16.7462
31589,16.5736
31590,16.6928
31591,16.6747
31592,16.6869
31593,16.6396
31594,16.8272
31595,16.4174
31596,16.9675
31597,16.7339
31598,16.4439
31599,16.8706
31600,17.0646
31601,16.5077
31602,16.1526
31603,16.7276
31604,16.6634
31605,16.6508
31606,16.6017
31607,16.6550
31608,16.7641
31609,16.6822
31610,16.5619
31611,16.8515
31612,16.7757
31613,16.3192
31614,17.9379
31615,16.0710
31616,16.1110
31617,16.6623
31618,16.6408
31619,16.8198
31620,16.5518
31621,16.6468
31622,16.6431
31623,16.7198
31624,16.9254
31625,16.4015
31626,16.6426
31627,16.6024
31628,17.6107
31629,15.7261
31630,16.6979
31631,16.6785
31632,16.6944
31633,16.6742
31634,16.5671
31635,16.6876
31636,16.6022
31637,16.6838
31638,16.7113
31639,16.5987
31640,16.8146
31641,16.7702
31642,17.1443
31643,16.5163
31644,16.1280
31645,17.1016
31646,16.6802
31647,16.2884
31648,16.5874
31649,16.8669
31650,16.3952
31651,16.7071
31652,16.6969
31653,16.6312
31654,16.7495
31655,16.6832
31656,16.6334
31657,16.6966
31658,16.6908
31659,16.5493
31660,16.7639
31661,16.5985
31662,16.7794
31663,16.6790
31664,16.5066
31665,17.0232
31666,16.3945
31667,17.1088
31668,17.1634
31669,15.7372
31670,16.6256
31671,16.6903
31672,16.6654
31673,16.6694
31674,16.6804
31675,16.9376
31676,16.3802
31677,16.7158
31678,16.7401
31679,16.5655
31680,16.6283
31681,16.8049
31682,17.0788
31683,16.0763
31684,16.7050
31685,17.0482
31686,16.3016
31687,16.5892
31688,16.7219
31689,16.6835
31690,16.6773
31691,17.4621
31692,17.1144
31693,15.3007
31694,16.7635
31695,16.6685
31696,16.7326
31697,16.5491
31698,16.8026
31699,16.7477
31700,16.4445
31701,16.5758
31702,16.7532
31703,16.6877
31704,16.8883
31705,16.5747
31706,16.5156
31707,16.7047
31708,16.8750
31709,16.5946
31710,16.5300
31711,16.9709
31712,17.3722
31713,15.6672
31714,17.8733
31715,15.5338
31716,16.5847
31717,16.5507
31718,16.8827
31719,16.5235
31720,16.6855
31721,16.6147
31722,16.7275
31723,16.6712
31724,16.5783
31725,16.7993
31726,16.6460
31727,16.6584
31728,16.6543
31729,16.5885
31730,16.7451
31731,16.6267
31732,16.5964
31733,16.9844
31734,16.4246
31735,16.7630
31736,16.6553
31737,17.6637
31738,15.5884
31739,16.9602
31740,16.3286
31741,17.2530
31742,16.3968
31743,16.3388
31744,16.7729
31745,16.6116
31746,16.5413
31747,16.7983
31748,16.6658
31749,16.6869
31750,16.8601
31751,17.4414
31752,15.6136
31753,16.7567
31754,16.6749
31755,16.5577
31756,16.7808
31757,16.9195
31758,16.3768
31759,16.6449
31760,16.6575
31761,16.6256
31762,16.8186
31763,17.4264
31764,17.0743
31765,15.9395
31766,16.9474
31767,15.8015
31768,16.6810
31769,16.6925
31770,16.6184
31771,16.6835
31772,16.6112
31773,16.7571
31774,16.6890
31775,16.6264
31776,16.7156
31777,16.9896
31778,16.3162
31779,16.6467
31780,16.6249
31781,16.6778
31782,16.6952
31783,16.6961
31784,16.6217
31785,16.6838
31786,16.6878
31787,17.0258
31788,16.3562
31789,17.2722
31790,16.4038
31791,16.2136
31792,16.7017
31793,16.6373
31794,16.6414
31795,16.6989
31796,16.7368
31797,16.6514
31798,17.3298
31799,15.9640
31800,17.1773
31801,16.1782
31802,17.0444
31803,16.8838
31804,15.9396
31805,16.7600
31806,16.6087
31807,16.6528
31808,16.7392
31809,16.5720
31810,16.7603
31811,17.0621
31812,16.8549
31813,16.4235
31814,16.9755
31815,15.8935
31816,16.7333
31817,16.6019
31818,16.9879
31819,16.6145
31820,16.4558
31821,16.6230
31822,16.7826
31823,16.6469
31824,16.5893
31825,17.1968
31826,16.6014
31827,16.6919
31828,16.1999
31829,16.7355
31830,16.5192
31831,17.2766
31832,16.0970
31833,16.7431
31834,16.6423
31835,16.9027
31836,16.4336
31837,16.6275
31838,16.7793
31839,16.5174
31840,16.7072
31841,16.6968
31842,16.6466
31843,16.6453
31844,16.7437
31845,17.0721
31846,16.2806
31847,16.6752
31848,16.6140
31849,17.0522
31850,16.3235
31851,16.6151
31852,16.6719
31853,16.6673
31854,16.7116
31855,16.7613
31856,16.5417
31857,16.6534
31858,16.8837
31859,16.6593
31860,16.4765
31861,16.6086
31862,16.6846
31863,16.7624
31864,16.5675
31865,16.7170
31866,16.6807
31867,16.5339
31868,16.7787
31869,16.6435
31870,16.8435
31871,16.5136
31872,17.1705
31873,17.1059
31874,16.0201
31875,16.2491
31876,16.6956
31877,16.6849
31878,16.7000
31879,16.6971
31880,16.6944
31881,16.6074
31882,16.7012
31883,16.5710
31884,17.4574
31885,16.9033
31886,16.2110
31887,16.0649
31888,16.8237
31889,16.6065
31890,16.6634
31891,16.5927
31892,16.7576
31893,16.6462
31894,16.6677
31895,16.5832
31896,16.8000
31897,16.6252
31898,17.4003
31899,16.3982
31900,16.7350
31901,16.0615
31902,16.6699
31903,16.7422
31904,16.6291
31905,16.6184
31906,16.7464
31907,16.7802
31908,16.6271
31909,16.9457
31910,16.5044
31911,16.3822
31912,16.6889
31913,16.6534
31914,16.7449
31915,16.6704
31916,16.5921
31917,16.6760
31918,16.8476
31919,16.6038
31920,16.6770
31921,16.7047
31922,16.6800
31923,16.4361
31924,16.8358
31925,16.6574
31926,16.7802
31927,16.3822
31928,16.9192
31929,16.6258
31930,16.4972
31931,17.0344
31932,16.3106
31933,16.6538
31934,16.7244
31935,16.5834
31936,16.7741
31937,16.5970
31938,16.5821
31939,16.8050
31940,16.6664
31941,16.6048
31942,16.7292
31943,16.5938
31944,16.6166
31945,16.6557
31946,16.8904
31947,16.5675
31948,16.6335
31949,16.6773
31950,16.7677
31951,16.6406
31952,17.3775
31953,15.7860
31954,16.7227
31955,16.7868
31956,17.5124
31957,16.1187
31958,16.5973
31959,16.6834
31960,16.5035
31961,16.4897
31962,16.6779
31963,16.6391
31964,16.6755
31965,16.6506
31966,16.6374
31967,16.7254
31968,16.6509
31969,17.0252
31970,16.7842
31971,16.1535
31972,16.6506
31973,16.6503
31974,16.7295
31975,16.6686
31976,16.7128
31977,16.5169
31978,16.7883
31979,17.1657
31980,16.1806
31981,17.2070
31982,16.3147
31983,16.4597
31984,16.5966
31985,16.7075
31986,16.6748
31987,16.7450
31988,16.5685
31989,16.6543
31990,16.6361
31991,16.7625
31992,16.5766
31993,16.7396
31994,16.5492
31995,16.7486
31996,17.2777
31997,16.4454
31998,16.2716
31999,16.6665
32000,16.6869
32001,16.6613
32002,16.6775
32003,17.1488
32004,16.5052
32005,16.2401
32006,16.6892
32007,16.8080
32008,16.7739
32009,16.4349
32010,16.6870
32011,16.6741
32012,16.7126
32013,16.5609
32014,16.7180
32015,16.6905
32016,16.6643
32017,17.1232
32018,16.6322
32019,16.6635
32020,16.3641
32021,16.4502
32022,16.8452
32023,16.5838
32024,16.6572
32025,16.7345
32026,16.6246
32027,16.6121
32028,16.7121
32029,16.6369
32030,16.6654
32031,16.5936
32032,17.7172
32033,15.7085
32034,16.8091
32035,16.5415
32036,16.6003
32037,16.6440
32038,16.8010
32039,16.5654
32040,16.7123
32041,16.6895
32042,16.5710
32043,17.8082
32044,15.6263
32045,16.5803
32046,16.6407
32047,16.7101
32048,16.6564
32049,16.7038
32050,16.6743
32051,17.0356
32052,16.8265
32053,16.4810
32054,16.9828
32055,16.3056
32056,16.6568
32057,16.3595
32058,16.6520
32059,16.8905
32060,17.3002
32061,15.8270
32062,16.6236
32063,16.6826
32064,17.4197
32065,16.2352
32066,16.9776
32067,16.0122
32068,16.9929
32069,16.3417
32070,16.6607
32071,16.7110
32072,16.7049
32073,16.7339
32074,16.5291
32075,17.1559
32076,16.2541
32077,16.9795
32078,17.4847
32079,15.5610
32080,17.1121
32081,16.1138
32082,16.6580
32083,16.6966
32084,16.6708
32085,16.6318
32086,16.6398
32087,16.7723
32088,16.8008
32089,16.7494
32090,16.8598
32091,16.5666
32092,16.3053
32093,16.6523
32094,16.6999
32095,16.6062
32096,16.6868
32097,17.4451
32098,16.5792
32099,16.3882
32100,16.6904
32101,18.2939
32102,15.1531
32103,18.7718
32104,14.4252
32105,16.3912
32106,16.5761
32107,16.6638
32108,16.7175
32109,16.5870
32110,16.8129
32111,18.1801
32112,15.9150
32113,16.3015
32114,16.7498
32115,16.6962
32116,16.3042
32117,16.5036
32118,16.8213
32119,16.5903
32120,16.5782
32121,16.5057
32122,17.2908
32123,17.3906
32124,15.3965
32125,16.9867
32126,17.1986
32127,16.3414
32128,16.2176
32129,16.7085
32130,16.5650
32131,16.6079
32132,16.7601
32133,16.6188
32134,17.1715
32135,16.2572
32136,16.5453
32137,16.6762
32138,16.7451
32139,16.6593
32140,16.9371
32141,16.3010
32142,17.5920
32143,15.9390
32144,16.4573
32145,16.6261
32146,16.6679
32147,17.4405
32148,16.4547
32149,16.2966
32150,16.4906
32151,16.6889
32152,16.7001
32153,16.9772
32154,18.1440
32155,15.0824
32156,16.3895
32157,16.6866
32158,16.6582
32159,16.7682
32160,16.8635
32161,16.4117
32162,17.1626
32163,16.3203
32164,16.5294
32165,16.7020
32166,16.7912
32167,16.7217
32168,16.4511
32169,16.5969
32170,16.8191
32171,16.5940
32172,16.9516
32173,16.7722
32174,16.2613
32175,17.1649
32176,16.4792
32177,16.6986
32178,16.3588
32179,16.6167
32180,16.6738
32181,16.6820
32182,16.6817
32183,16.6709
32184,16.6287
32185,17.1575
32186,16.0869
32187,16.7261
32188,17.1579
32189,16.1666
32190,17.0840
32191,16.8867
32192,17.6156
32193,16.1924
32194,17.1540
32195,15.9089
32196,15.9419
32197,16.5870
32198,17.8580
32199,15.4787
32200,17.7467
32201,15.6077
32202,16.6528
32203,16.7195
32204,16.5308
32205,16.7660
32206,16.5214
32207,16.7224
32208,16.6379
32209,16.7030
32210,16.6455
32211,16.6609
32212,16.6870
32213,16.7313
32214,16.6198
32215,16.7150
32216,16.6593
32217,16.7697
32218,17.4508
32219,16.0582
32220,17.0464
32221,15.9495
32222,16.6696
32223,16.6482
32224,16.7052
32225,16.6277
32226,16.6838
32227,16.7158
32228,16.6022
32229,16.6996
32230,16.6339
32231,16.6606
32232,16.7511
32233,16.5983
32234,16.6306
32235,16.7430
32236,16.5830
32237,17.6444
32238,16.5764
32239,15.8138
32240,16.6718
32241,16.7428
32242,16.6098
32243,16.8484
32244,17.2544
32245,17.1629
32246,15.3754
32247,16.6158
32248,17.6150
32249,15.7870
32250,16.5522
32251,17.0063
32252,16.4182
32253,16.5273
32254,16.8844
32255,16.6896
32256,16.6020
32257,16.6083
32258,19.5053
32259,13.9505
32260,16.5590
32261,16.7036
32262,16.5038
32263,16.7945
32264,16.5978
32265,16.7695
32266,16.6186
32267,16.6393
32268,16.5984
32269,17.6895
32270,16.5465
32271,15.8133
32272,17.4000
32273,15.9289
32274,16.7232
32275,16.6295
32276,16.6463
32277,16.5988
32278,16.6912
32279,16.8183
32280,16.6152
32281,16.6617
32282,16.8196
32283,16.3535
32284,17.1602
32285,17.3570
32286,15.7687
32287,16.5355
32288,16.6324
32289,16.5645
32290,16.8022
32291,16.5901
32292,17.4937
32293,15.8745
32294,17.1273
32295,16.1566
32296,16.8352
32297,16.5036
32298,16.6904
32299,16.7493
32300,16.4962
32301,16.7921
32302,16.7192
32303,16.6801
32304,16.6761
32305,16.8452
32306,16.4059
32307,16.6240
32308,16.6179
32309,16.7812
32310,16.7818
32311,16.7735
32312,16.5734
32313,16.5494
32314,16.6571
32315,16.6061
32316,16.6826
32317,16.7868
32318,16.6227
32319,16.6139
32320,18.3790
32321,14.9753
32322,16.5488
32323,16.7592
32324,16.6392
32325,16.6337
32326,16.7125
32327,17.9338
32328,15.3737
32329,16.6892
32330,16.6475
32331,16.8721
32332,16.5162
32333,16.6614
32334,16.5683
32335,16.7776
32336,16.8169
32337,16.3840
32338,16.9048
32339,16.4128
32340,17.2733
32341,16.1394
32342,16.9792
32343,16.2904
32344,17.1571
32345,16.2666
32346,16.6136
32347,17.2682
32348,16.0836
32349,16.6413
32350,16.8364
32351,17.2803
32352,15.9034
32353,16.7107
32354,17.2451
32355,16.6669
32356,16.0983
32357,16.6165
32358,16.7331
32359,16.6847
32360,16.6638
32361,16.5954
32362,17.7544
32363,15.6064
32364,17.0630
32365,16.6979
32366,16.9138
32367,15.9435
32368,16.5647
32369,16.6813
32370,16.7407
32371,16.7533
32372,16.7862
32373,16.4875
32374,16.6296
32375,16.7174
32376,16.7513
32377,16.8037
32378,16.8444
32379,16.2261
32380,16.7366
32381,16.6497
32382,16.6898
32383,16.6237
32384,16.8845
32385,16.3810
32386,16.7141
32387,16.6448
32388,17.4279
32389,15.8457
32390,16.8165
32391,16.5417
32392,16.6609
32393,16.7374
32394,16.7167
32395,16.5530
32396,16.7665
32397,17.4018
32398,15.9397
32399,17.1032
32400,16.1801
32401,16.8786
32402,16.4447
32403,16.6997
32404,16.6470
32405,16.6676
32406,16.7411
32407,17.0996
32408,17.1971
32409,15.6555
32410,16.7652
32411,16.5358
32412,17.5921
32413,16.6034
32414,15.7585
32415,16.6165
32416,17.0241
32417,16.4029
32418,16.6481
32419,16.6146
32420,16.8223
32421,16.4924
32422,16.7363
32423,16.6401
32424,16.7151
32425,16.8736
32426,16.6781
32427,17.3904
32428,16.4748
32429,16.5475
32430,15.9925
32431,16.6391
32432,16.6826
32433,16.7500
32434,16.6362
32435,16.6250
32436,16.5624
32437,16.8232
32438,17.3467
32439,15.9899
32440,18.4463
32441,15.4459
32442,16.1013
32443,16.5618
32444,16.6777
32445,16.6863
32446,16.7149
32447,16.6158
32448,16.7360
32449,16.6628
32450,16.6042
32451,16.5842
32452,16.7188
32453,16.7520
32454,16.6626
32455,16.7086
32456,17.6034
32457,16.2126
32458,16.0844
32459,16.6809
32460,16.8261
32461,16.6989
32462,16.4698
32463,16.6345
32464,16.7790
32465,16.6516
32466,16.8469
32467,16.5515
32468,16.5871
32469,16.9327
32470,16.3837
32471,16.6563
32472,16.5912
32473,16.7026
32474,16.8498
32475,16.5360
32476,16.6393
32477,16.7495
32478,16.5471
32479,16.6759
32480,16.6886
32481,16.7352
32482,16.9766
32483,16.2631
32484,18.1811
32485,15.8431
32486,16.5996
32487,16.1760
32488,16.5569
32489,16.6392
32490,16.7110
32491,16.9458
32492,16.2942
32493,16.7128
32494,16.8103
32495,16.6103
32496,16.6125
32497,16.5692
32498,17.2681
32499,16.5074
32500,16.2818
32501,16.7217
32502,16.5853
32503,16.6484
32504,16.6775
32505,16.6613
32506,16.7219
32507,17.7093
32508,15.8145
32509,16.5164
32510,17.2009
32511,16.0153
32512,16.7188
32513,16.6889
32514,16.6132
32515,16.6732
32516,16.7168
32517,16.6521
32518,16.7740
32519,17.2961
32520,16.0274
32521,16.6569
32522,16.6782
32523,16.5396
32524,16.7544
32525,16.5719
32526,16.6989
32527,16.6007
32528,16.6790
32529,17.1504
32530,16.1711
32531,17.2046
32532,17.0883
32533,15.7174
32534,17.3653
32535,16.0601
32536,16.5969
32537,16.7599
32538,16.5700
32539,16.6898
32540,16.7417
32541,16.6833
32542,16.7292
32543,16.6810
32544,16.5055
32545,17.7817
32546,15.5160
32547,16.5745
32548,16.9549
32549,16.4090
32550,16.7387
32551,16.6382
32552,16.7219
32553,16.5976
32554,16.6836
32555,16.8089
32556,16.5215
32557,16.6554
32558,17.0972
32559,16.2359
32560,16.6301
32561,16.7052
32562,16.7307
32563,16.6697
32564,16.5958
32565,16.6775
32566,16.7265
32567,16.6438
32568,16.6399
32569,16.8013
32570,17.2332
32571,15.9240
32572,16.7072
32573,16.7065
32574,16.5634
32575,16.7138
32576,16.6401
32577,16.7792
32578,16.6027
32579,16.7518
32580,17.0243
32581,16.2712
32582,17.1370
32583,16.9187
32584,16.1313
32585,16.4447
32586,16.6786
32587,16.5884
32588,16.6781
32589,16.7320
32590,16.6054
32591,16.7252
32592,16.6288
32593,16.7623
32594,16.9431
32595,16.4293
32596,16.7583
32597,17.5274
32598,15.5216
32599,16.7824
32600,16.5032
32601,16.7577
32602,16.7519
32603,16.6188
32604,16.9659
32605,16.2970
32606,16.9788
32607,16.7747
32608,16.3253
32609,16.6412
32610,16.6771
32611,16.6751
32612,16.5946
32613,16.7508
32614,16.5581
32615,16.6960
32616,16.8105
32617,16.6664
32618,16.5029
32619,16.7582
32620,16.8095
32621,16.5126
32622,16.6144
32623,17.2552
32624,16.0006
32625,16.7382
32626,16.6437
32627,16.7570
32628,16.5184
32629,16.7691
32630,16.6713
32631,16.6647
32632,16.7161
32633,16.6025
32634,16.7070
32635,17.1845
32636,16.9627
32637,16.4848
32638,16.3977
32639,16.3468
32640,16.5472
32641,16.7029
32642,16.9708
32643,18.1672
32644,14.8085
32645,16.6544
32646,16.6543
32647,16.7924
32648,17.2446
32649,16.3402
32650,16.3672
32651,16.6298
32652,16.6333
32653,16.7185
32654,16.7620
32655,16.5696
32656,16.6649
32657,16.7441
32658,16.5536
32659,16.6713
32660,17.5421
32661,15.7247
32662,16.6997
32663,16.7467
32664,16.6846
32665,16.6482
32666,16.7694
32667,16.5679
32668,16.5844
32669,17.2023
32670,16.0560
32671,16.7794
32672,16.7058
32673,16.8928
32674,16.3958
32675,16.6687
32676,16.6771
32677,16.8097
32678,16.8286
32679,16.9282
32680,16.0673
32681,16.7016
32682,16.6492
32683,16.7157
32684,16.6040
32685,16.6611
32686,16.6948
32687,16.6592
32688,17.2478
32689,16.2037
32690,17.1122
32691,17.4866
32692,15.2563
32693,16.6622
32694,16.7036
32695,16.6948
32696,16.7248
32697,16.5730
32698,16.7335
32699,17.2788
32700,17.3925
32701,16.1426
32702,16.4538
32703,17.5912
32704,15.9590
32705,16.5916
32706,16.2907
32707,16.3296
32708,16.6092
32709,16.7544
32710,17.2479
32711,16.1288
32712,16.4973
32713,16.6098
32714,17.7301
32715,16.7471
32716,15.5952
32717,16.7769
32718,16.5348
32719,16.5913
32720,16.6533
32721,16.8480
32722,16.5255
32723,17.5586
32724,15.7684
32725,17.4681
32726,16.6761
32727,16.7988
32728,15.7825
32729,17.4088
32730,16.4380
32731,16.2304
32732,16.6277
32733,16.5596
32734,16.8914
32735,16.4912
32736,16.7023
32737,17.7253
32738,17.6191
32739,14.9406
32740,18.3945
32741,15.6454
32742,15.7071
32743,16.5430
32744,16.8628
32745,16.5254
32746,16.6933
32747,16.6003
32748,16.6259
32749,17.1184
32750,16.2430
32751,16.6907
32752,16.8865
32753,16.6512
32754,16.5895
32755,16.5442
32756,16.5872
32757,16.7575
32758,16.6196
32759,16.6972
32760,16.6921
32761,16.5656
32762,16.6935
32763,16.9110
32764,16.3949
32765,16.7758
32766,16.7258
32767,16.5385
32768,16.8232
32769,16.5558
32770,16.6900
32771,16.5863
32772,17.2142
32773,16.1148
32774,17.0985
32775,16.4503
32776,16.4925
32777,16.8036
32778,16.5441
32779,17.3179
32780,15.9971
32781,16.6296
32782,16.6542
32783,16.7507
32784,16.6213
32785,16.6946
32786,17.2367
32787,16.2741
32788,17.0203
32789,16.5569
32790,16.1503
32791,16.7356
32792,16.6187
32793,16.9932
32794,16.3800
32795,16.7850
32796,16.5579
32797,16.6277
32798,16.8452
32799,16.5212
32800,16.6596
32801,16.6402
32802,16.8084
32803,16.5216
32804,16.7218
32805,16.6472
32806,17.3798
32807,16.0313
32808,16.7590
32809,16.4347
32810,16.8346
32811,16.8658
32812,16.3442
32813,16.6488
32814,16.6180
32815,16.8027
32816,16.5724
32817,16.7336
32818,16.6047
32819,16.6487
32820,16.8038
32821,17.1347
32822,16.3228
32823,16.7372
32824,16.3136
32825,16.7814
32826,16.6702
32827,16.6114
32828,16.5497
32829,16.7793
32830,16.8133
32831,16.5232
32832,16.6818
32833,16.7879
32834,16.4878
32835,17.5444
32836,16.3106
32837,17.7245
32838,15.1039
32839,16.7219
32840,16.6423
32841,16.6532
32842,16.7308
32843,16.6058
32844,17.6938
32845,16.1315
32846,17.0011
32847,16.7648
32848,19.1699
32849,14.9190
32850,16.1751
32851,17.3329
32852,15.2884
32853,16.3243
32854,16.6325
32855,16.7165
32856,16.4761
32857,16.7067
32858,16.8375
32859,16.5799
32860,16.6371
32861,17.4606
32862,15.7629
32863,16.9096
32864,16.3645
32865,16.7448
32866,16.7063
32867,16.6550
32868,16.7651
32869,16.4834
32870,17.1662
32871,16.5172
32872,16.3226
32873,16.6691
32874,16.7261
32875,17.1685
32876,16.6568
32877,18.9723
32878,16.5435
32879,14.5230
32880,16.0865
32881,16.7757
32882,16.7837
32883,16.7731
32884,16.2556
32885,16.7321
32886,16.8843
32887,16.5925
32888,16.4833
32889,16.7015
32890,16.6349
32891,16.7304
32892,16.8119
32893,17.2238
32894,16.2006
32895,16.5757
32896,16.6724
32897,16.4649
32898,16.6776
32899,16.7236
32900,16.6606
32901,16.6625
32902,16.6495
32903,16.6321
32904,16.8447
32905,16.5438
32906,16.6276
32907,16.6495
32908,16.7325
32909,16.7074
32910,16.4666
32911,16.8374
32912,16.5102
32913,17.5934
32914,15.8057
32915,16.7237
32916,16.7126
32917,16.7990
32918,17.0380
32919,16.5026
32920,16.2790
32921,16.6326
32922,16.6368
32923,16.6751
32924,16.7515
32925,16.6340
32926,19.2089
32927,15.5317
32928,20.1441
32929,11.9492
32930,16.4860
32931,16.7818
32932,16.6925
32933,16.5128
32934,16.7876
32935,16.4891
32936,16.7395
32937,16.6472
32938,16.6288
32939,16.5808
32940,17.0371
32941,16.3903
32942,16.9308
32943,16.9456
32944,16.0119
32945,16.7553
32946,16.6183
32947,16.6981
32948,16.6996
32949,16.7587
32950,16.5668
32951,16.7675
32952,16.7053
32953,16.5739
32954,16.8204
32955,16.5260
32956,16.6785
32957,17.1589
32958,17.6771
32959,15.4402
32960,16.5714
32961,16.4779
32962,16.6704
32963,16.5571
32964,16.7114
32965,17.5938
32966,15.9615
32967,16.8059
32968,16.3169
32969,16.5986
32970,16.8285
32971,16.5352
32972,16.6292
32973,16.7459
32974,16.6570
32975,16.8224
32976,16.5641
32977,16.5662
32978,16.9218
32979,17.0186
32980,16.4430
32981,17.1430
32982,15.7703
32983,16.7264
32984,16.6340
32985,16.7321
32986,16.6466
32987,16.6374
32988,16.8933
32989,16.5284
32990,17.2346
32991,16.0197
32992,16.7270
32993,16.6710
32994,16.6174
32995,19.6487
32996,13.6896
32997,17.1231
32998,16.2803
32999,16.5850
33000,16.8318
33001,16.9571
33002,16.3529
33003,21.0320
33004,13.7157
33005,15.1931
33006,16.9055
33007,16.2416
33008,16.7876
33009,16.5762
33010,16.7659
33011,16.8115
33012,17.8771
33013,15.3148
33014,17.1809
33015,16.5183
33016,16.1679
33017,16.7203
33018,16.6364
33019,16.7523
33020,16.6094
33021,16.6870
33022,16.6493
33023,16.7095
33024,17.5929
33025,16.0442
33026,16.9406
33027,16.4818
33028,16.2454
33029,16.5536
33030,16.7816
33031,16.6986
33032,16.6389
33033,16.6832
33034,16.5780
33035,16.8031
33036,16.7284
33037,18.0347
33038,15.2381
33039,17.3265
33040,15.9484
33041,16.7397
33042,16.5535
33043,16.6922
33044,16.5972
33045,16.7119
33046,16.6774
33047,16.6702
33048,16.6806
33049,16.5882
33050,16.9255
33051,16.4532
33052,16.7437
33053,17.2912
33054,15.9903
33055,16.7867
33056,16.9935
33057,16.1819
33058,16.6031
33059,16.7771
33060,16.5990
33061,16.6689
33062,17.0184
33063,16.3049
33064,16.6681
33065,16.9644
33066,16.4633
33067,16.7424
33068,16.4543
33069,16.7861
33070,16.5818
33071,16.7498
33072,16.6273
33073,16.6464
33074,16.6700
33075,16.5730
33076,16.8445
33077,16.6572
33078,16.5704
33079,16.7374
33080,16.5901
33081,16.8198
33082,16.4605
33083,16.8471
33084,16.4829
33085,18.7103
33086,15.0560
33087,17.1293
33088,15.8817
33089,16.8304
33090,16.5104
33091,16.6339
33092,16.6769
33093,16.6320
33094,16.7289
33095,16.6073
33096,16.7072
33097,16.6732
33098,17.0637
33099,16.7129
33100,16.9313
33101,16.2632
33102,16.2911
33103,16.8234
33104,16.4565
33105,16.8445
33106,16.4817
33107,17.6456
33108,16.5276
33109,16.0112
33110,17.3508
33111,16.1286
33112,16.3237
33113,16.8182
33114,16.5928
33115,16.6978
33116,16.5908
33117,16.7265
33118,16.6465
33119,16.6880
33120,16.6609
33121,16.6976
33122,16.9634
33123,16.7423
33124,16.1962
33125,16.7819
33126,16.5645
33127,16.7229
33128,16.6669
33129,16.6057
33130,16.7650
33131,16.6872
33132,16.6190
33133,16.8131
33134,16.8459
33135,16.7714
33136,16.1445
33137,16.7358
33138,16.6757
33139,16.8695
33140,16.3667
33141,16.8017
33142,16.6676
33143,16.6586
33144,16.6627
33145,16.6739
33146,17.0159
33147,17.0099
33148,16.3867
33149,16.5277
33150,16.3464
33151,16.6710
33152,16.5157
33153,16.7015
33154,16.7850
33155,16.5988
33156,16.7025
33157,16.6975
33158,17.0928
33159,17.0578
33160,16.6851
33161,15.7958
33162,16.6710
33163,16.6257
33164,17.3858
33165,15.9129
33166,16.7914
33167,16.6636
33168,16.5713
33169,16.7494
33170,17.1138
33171,16.6142
33172,17.0975
33173,15.7999
33174,16.6554
33175,17.2834
33176,16.1461
33177,17.7525
33178,15.5432
33179,16.6987
33180,16.5777
33181,18.8317
33182,14.8611
33183,16.3702
33184,16.6201
33185,16.9277
33186,19.3000
33187,14.2451
33188,16.5704
33189,16.2966
33190,19.2531
33191,15.7133
33192,15.4787
33193,16.2785
33194,16.5800
33195,16.6634
33196,16.7094
33197,16.6751
33198,16.6145
33199,16.7686
33200,16.5686
33201,16.7000
33202,16.7000
33203,16.9653
33204,16.4576
33205,16.5532
33206,16.9532
33207,16.3158
33208,17.0373
33209,16.2775
33210,16.7239
33211,16.6288
33212,16.6345
33213,16.7154
33214,16.6947
33215,16.7238
33216,17.0573
33217,16.2533
33218,16.5799
33219,16.6914
33220,16.6752
33221,16.7218
33222,16.6128
33223,16.5982
33224,16.6680
33225,16.6734
33226,16.7073
33227,16.6390
33228,16.7154
33229,17.2180
33230,16.4411
33231,16.8374
33232,16.0677
33233,16.6921
33234,16.6708
33235,16.6223
33236,16.6878
33237,16.6823
33238,16.6911
33239,16.7784
33240,16.5914
33241,17.4448
33242,15.8794
33243,16.6547
33244,17.8802
33245,15.5216
33246,16.7088
33247,16.5790
33248,16.6203
33249,18.5744
33250,15.3768
33251,16.1253
33252,16.6509
33253,16.6759
33254,17.9883
33255,16.2276
33256,16.1170
33257,16.3018
33258,17.2739
33259,16.1159
33260,16.6394
33261,16.5867
33262,16.6561
33263,16.6907
33264,17.2415
33265,16.0996
33266,18.2243
33267,15.4812
33268,18.9815
33269,14.3467
33270,16.3241
33271,16.6107
33272,16.6537
33273,16.7577
33274,16.6091
33275,16.6656
33276,16.6078
33277,16.6801
33278,17.3832
33279,16.4980
33280,16.6465
33281,16.1664
33282,16.8647
33283,16.4894
33284,16.6554
33285,16.5539
33286,16.7831
33287,16.7012
33288,16.6757
33289,16.6004
33290,16.6422
33291,16.7189
33292,16.6570
33293,16.6094
33294,16.8364
33295,16.7630
33296,17.4032
33297,15.8943
33298,16.4708
33299,16.7074
33300,16.6498
33301,16.6636
33302,16.5632
33303,16.6337
33304,16.8190
33305,16.5693
33306,16.9186
33307,16.4797
33308,16.7529
33309,16.4703
33310,16.7301
33311,16.7186
33312,16.9351
33313,16.2970
33314,16.7859
33315,16.6434
33316,16.6543
33317,16.8525
33318,16.8236
33319,16.7896
33320,16.2498
33321,16.6519
33322,16.6280
33323,16.6602
33324,16.6837
33325,16.6270
33326,17.4914
33327,15.9681
33328,16.7318
33329,16.5229
33330,16.7800
33331,16.5449
33332,16.7792
33333,18.7453
33334,14.4153
33335,16.8495
33336,16.6357
33337,16.5851
33338,16.6206
33339,16.6950
33340,16.6974
33341,16.6608
33342,16.8608
33343,16.4128
33344,16.7164
33345,17.1994
33346,16.1582
33347,16.6251
33348,16.7251
33349,16.6382
33350,16.7347
33351,16.6868
33352,16.6329
33353,16.6875
33354,16.5761
33355,16.8069
33356,16.5175
33357,16.6865
33358,16.6758
33359,17.5035
33360,15.8071
33361,16.6888
33362,16.5984
33363,17.0263
33364,16.5922
33365,16.4755
33366,16.6760
33367,17.5075
33368,16.0150
33369,16.7659
33370,16.3857
33371,17.4308
33372,16.1000
33373,16.3837
33374,17.2102
33375,16.5200
33376,16.4191
33377,16.5510
33378,16.5922
33379,16.6889
33380,16.6952
33381,16.6578
33382,16.7242
33383,16.7340
33384,17.0762
33385,16.0996
33386,16.6867
33387,16.6847
33388,17.0755
33389,16.5179
33390,16.4446
33391,17.1012
33392,16.2986
33393,16.5293
33394,18.3775
33395,18.9295
33396,14.7266
33397,14.7748
33398,17.3797
33399,16.4214
33400,17.3961
33401,15.5282
33402,16.5492
33403,16.6939
33404,17.2044
33405,16.7091
33406,16.1738
33407,16.5766
33408,16.5957
33409,16.7027
33410,16.5688
33411,17.1483
33412,16.3831
33413,16.4680
33414,16.7083
33415,16.7074
33416,16.5591
33417,16.7640
33418,18.3598
33419,14.8840
33420,16.7074
33421,16.7164
33422,17.5215
33423,16.1911
33424,16.3176
33425,17.0061
33426,16.3044
33427,16.5744
33428,16.9210
33429,16.4944
33430,16.8251
33431,16.5188
33432,16.6722
33433,17.6866
33434,15.9386
33435,16.4045
33436,16.5795
33437,16.7127
33438,16.6034
33439,16.6779
33440,16.6476
33441,16.6579
33442,16.8964
33443,16.4074
33444,16.7725
33445,16.5311
33446,18.4386
33447,15.1061
33448,16.9122
33449,19.1409
33450,14.2384
33451,16.9779
33452,15.9280
33453,16.6136
33454,16.6591
33455,16.5885
33456,16.7871
33457,16.8080
33458,16.7448
33459,16.4586
33460,17.2059
33461,16.6040
33462,16.2015
33463,16.5795
33464,16.7671
33465,16.5937
33466,16.6718
33467,16.6380
33468,16.7004
33469,16.7503
33470,16.5614
33471,16.6648
33472,16.8534
33473,16.6011
33474,16.5444
33475,17.6571
33476,15.9579
33477,16.4055
33478,16.6262
33479,16.5633
33480,16.8337
33481,16.5105
33482,16.7175
33483,16.7522
33484,16.6809
33485,16.7886
33486,16.4054
33487,16.8229
33488,16.6627
33489,16.6372
33490,16.6880
33491,16.6218
33492,16.6714
33493,16.6650
33494,17.4567
33495,15.7492
33496,16.8268
33497,16.6733
33498,16.6898
33499,16.6691
33500,16.6412
33501,16.7846
33502,16.4325
33503,16.9271
33504,16.5256
33505,17.0677
33506,16.2656
33507,16.7663
33508,16.5104
33509,16.7131
33510,16.5473
33511,16.7567
33512,16.7117
33513,16.6849
33514,16.5303
33515,17.0413
33516,16.3618
33517,16.7176
33518,16.5617
33519,16.9227
33520,16.8526
33521,16.2592
33522,16.6468
33523,16.7319
33524,16.7754
33525,16.5601
33526,17.1318
33527,16.5025
33528,16.3942
33529,16.8099
33530,16.8710
33531,16.3413
33532,16.8899
33533,16.9085
33534,16.1340
33535,16.7141
33536,16.6288
33537,16.6797
33538,16.5753
33539,16.6965
33540,16.6832
33541,16.6693
33542,17.0474
33543,17.1676
33544,15.7479
33545,16.7757
33546,16.5581
33547,16.8742
33548,17.1836
33549,16.0804
33550,16.5326
33551,16.6682
33552,16.7199
33553,16.5656
33554,16.8407
33555,16.5312
33556,16.7007
33557,16.6722
33558,16.7433
33559,16.5510
33560,16.7892
33561,16.5514
33562,16.7997
33563,16.5322
33564,16.6283
33565,17.0509
33566,16.8032
33567,16.2992
33568,16.5080
33569,16.7334
33570,16.7079
33571,16.6846
33572,16.6197
33573,16.6419
33574,16.6722
33575,16.7166
33576,16.5529
33577,16.7430
33578,16.5886
33579,16.6643
33580,16.7755
33581,16.6919
33582,16.5973
33583,16.5923
33584,16.6688
33585,16.9370
33586,16.4573
33587,16.7959
33588,16.5571
33589,17.1847
33590,16.4575
33591,16.4212
33592,16.5401
33593,16.7836
33594,16.6202
33595,16.6199
33596,16.7106
33597,16.6406
33598,16.6806
33599,16.6310
33600,16.7554
33601,16.6597
33602,16.6430
33603,16.6788
33604,16.6796
33605,16.6313
33606,16.5874
33607,16.7401
33608,16.5850
33609,16.6939
33610,16.7390
33611,16.8692
33612,16.4172
33613,17.0601
33614,16.5365
33615,16.3774
33616,16.7707
33617,16.5029
33618,16.6695
33619,16.6827
33620,16.6864
33621,16.6636
33622,16.6997
33623,16.6303
33624,16.7131
33625,16.6189
33626,16.7615
33627,16.9102
33628,16.8455
33629,16.8122
33630,16.1587
33631,16.4839
33632,16.6914
33633,16.6298
33634,16.7349
33635,16.6439
33636,16.6955
33637,16.5479
33638,17.4242
33639,16.8614
33640,16.1079
33641,16.2480
33642,16.7692
33643,16.6810
33644,16.6879
33645,16.5694
33646,17.0371
33647,16.3442
33648,16.6906
33649,16.7142
33650,16.6397
33651,17.0191
33652,16.5465
33653,16.2726
33654,16.7866
33655,17.4066
33656,16.4910
33657,16.1867
33658,16.5688
33659,16.6682
33660,16.7048
33661,16.7219
33662,16.6445
33663,16.5893
33664,16.6034
33665,16.6745
33666,16.7509
33667,16.6271
33668,16.9321
33669,16.4204
33670,16.8361
33671,17.1528
33672,16.4287
33673,16.3072
33674,17.0861
33675,16.1283
33676,16.7471
33677,16.6115
33678,17.2078
33679,17.4945
33680,16.1899
33681,16.5006
33682,16.6483
33683,16.0707
33684,16.6348
33685,18.1632
33686,15.5924
33687,16.2242
33688,16.6747
33689,16.7634
33690,17.1220
33691,16.0653
33692,16.6752
33693,17.1189
33694,16.2581
33695,16.6524
33696,16.6381
33697,16.7099
33698,16.6320
33699,16.6722
33700,16.5888
33701,16.6301
33702,16.8527
33703,16.5834
33704,16.6617
33705,16.6830
33706,17.0139
33707,16.4275
33708,16.7939
33709,16.4675
33710,16.7341
33711,17.3265
33712,16.7205
33713,17.0174
33714,15.5577
33715,16.6362
33716,16.4933
33717,16.7740
33718,16.6678
33719,16.7222
33720,16.5972
33721,17.9001
33722,15.4538
33723,17.5492
33724,17.7674
33725,14.6732
33726,16.6470
33727,16.7613
33728,16.6014
33729,16.6696
33730,16.7782
33731,16.4484
33732,16.7196
33733,16.6926
33734,16.8734
33735,17.6738
33736,16.8333
33737,16.1554
33738,15.8669
33739,17.3460
33740,16.6362
33741,16.0291
33742,17.1389
33743,16.5469
33744,16.2089
33745,16.7578
33746,18.8705
33747,15.8751
33748,15.1902
33749,16.6679
33750,16.7999
33751,16.5610
33752,16.9230
33753,16.6004
33754,16.5782
33755,17.3151
33756,16.3355
33757,16.2011
33758,16.5860
33759,16.7496
33760,17.0746
33761,16.7707
33762,16.0436
33763,16.7620
33764,16.6429
33765,16.6689
33766,16.6448
33767,16.8530
33768,16.8600
33769,16.2891
33770,16.7245
33771,17.0809
33772,16.7844
33773,16.0264
33774,16.7741
33775,16.6380
33776,16.6794
33777,16.6771
33778,16.6288
33779,16.6589
33780,16.9188
33781,16.3974
33782,16.6817
33783,17.5060
33784,16.3750
33785,16.0965
33786,16.7202
33787,16.6732
33788,16.9065
33789,16.3440
33790,16.6608
33791,16.7044
33792,16.7370
33793,16.8170
33794,16.4810
33795,17.1451
33796,17.1389
33797,16.1719
33798,16.5424
33799,16.6420
33800,16.3052
33801,16.6486
33802,16.7417
33803,16.6221
33804,16.7171
33805,17.0731
33806,16.6447
33807,16.4538
33808,17.4639
33809,15.6172
33810,16.7260
33811,16.6523
33812,16.5561
33813,17.2116
33814,16.1470
33815,16.8414
33816,16.5795
33817,16.6054
33818,16.7606
33819,17.0103
33820,16.6746
33821,16.3599
33822,17.1446
33823,16.0757
33824,16.6498
33825,17.4127
33826,15.9366
33827,16.6972
33828,16.8430
33829,16.5335
33830,16.5922
33831,17.1746
33832,16.8921
33833,15.8893
33834,16.7252
33835,16.5738
33836,16.8926
33837,16.5620
33838,16.6805
33839,17.0856
33840,16.2138
33841,16.7018
33842,16.6507
33843,16.6365
33844,17.1812
33845,16.1206
33846,16.6726
33847,16.7285
33848,16.6287
33849,16.7001
33850,16.5759
33851,17.4083
33852,16.0289
33853,16.6097
33854,16.7121
33855,16.8021
33856,17.2570
33857,15.9430
33858,16.5329
33859,16.6859
33860,16.7122
33861,16.6849
33862,16.6474
33863,16.6181
33864,17.3568
33865,15.9849
33866,16.6980
33867,16.6449
33868,16.7057
33869,16.6414
33870,16.6565
33871,16.7515
33872,16.6652
33873,16.6813
33874,16.7202
33875,16.6934
33876,17.2267
33877,15.8851
33878,16.7602
33879,16.9569
33880,16.2808
33881,16.6714
33882,16.7468
33883,16.7379
33884,16.6307
33885,16.5568
33886,16.6535
33887,16.6751
33888,16.6970
33889,16.8285
33890,16.5358
33891,17.0268
33892,17.0421
33893,16.5841
33894,16.0557
33895,17.2356
33896,15.9803
33897,16.6610
33898,17.2712
33899,16.0886
33900,16.6182
33901,16.7533
33902,16.8311
33903,16.5170
33904,19.6840
33905,14.0980
33906,17.3496
33907,16.3487
33908,17.2311
33909,16.6509
33910,15.9759
33911,16.6649
33912,16.2378
33913,16.4563
33914,18.0261
33915,15.3613
33916,16.6768
33917,16.6185
33918,16.7089
33919,16.7243
33920,16.6673
33921,17.0732
33922,16.0805
33923,17.2843
33924,16.1314
33925,16.6947
33926,17.5136
33927,16.0430
33928,16.7535
33929,18.1082
33930,14.8551
33931,16.6117
33932,16.8363
33933,16.5297
33934,16.7867
33935,16.6657
33936,16.5543
33937,17.6435
33938,18.0112
33939,14.3413
33940,17.0192
33941,16.5688
33942,16.5102
33943,16.5934
33944,16.6783
33945,16.6392
33946,16.6821
33947,16.6830
33948,16.6647
33949,16.8438
33950,16.6472
33951,17.4517
33952,16.3830
33953,16.0705
33954,16.6435
33955,16.6706
33956,16.7715
33957,16.4455
33958,16.7577
33959,16.5829
33960,16.7342
33961,18.4851
33962,14.7456
33963,17.1136
33964,17.4314
33965,15.5501
33966,16.6907
33967,16.5892
33968,16.5990
33969,16.7381
33970,16.6901
33971,16.5913
33972,16.7348
33973,16.6302
33974,16.8995
33975,16.9421
33976,17.8832
33977,15.0669
33978,16.5157
33979,16.6273
33980,16.9820
33981,16.4614
33982,16.7070
33983,16.5527
33984,16.7311
33985,16.7995
33986,16.5362
33987,17.4471
33988,16.0891
33989,16.7047
33990,16.3387
33991,16.8261
33992,16.5011
33993,16.8474
33994,16.5540
33995,16.6790
33996,16.6769
33997,17.5896
33998,15.7799
33999,18.3407
34000,15.8210
34001,16.0437
34002,16.7198
34003,16.2798
34004,16.6095
34005,16.6917
34006,16.7418
34007,16.6494
34008,16.6081
34009,17.6840
34010,15.6214
34011,17.1888
34012,17.0533
34013,15.7198
34014,16.7066
34015,16.7057
34016,16.6516
34017,16.6679
34018,16.6418
34019,16.5996
34020,16.6920
34021,16.8696
34022,16.9537
34023,16.3149
34024,16.8940
34025,16.4123
34026,16.5837
34027,16.7697
34028,16.6255
34029,16.5801
34030,16.6964
34031,16.7138
34032,16.6374
34033,16.7810
34034,16.8098
34035,16.3829
34036,16.8576
34037,18.3049
34038,16.7435
34039,14.9088
34040,16.5141
34041,16.7936
34042,16.6443
34043,16.6187
34044,16.6876
34045,16.6970
34046,17.7842
34047,15.5511
34048,16.8039
34049,16.6657
34050,17.2957
34051,15.8592
34052,16.5658
34053,16.6883
34054,16.7038
34055,16.6039
34056,16.7446
34057,16.6507
34058,16.7209
34059,16.6893
34060,17.1380
34061,16.7022
34062,16.8289
34063,15.9685
34064,16.6380
34065,16.9220
34066,16.3797
34067,16.7155
34068,16.6157
34069,16.7282
34070,16.7454
34071,17.2054
34072,17.0495
34073,15.5895
34074,16.6259
34075,16.8257
34076,17.3929
34077,15.8933
34078,16.6001
34079,16.9125
34080,16.3482
34081,16.7147
34082,16.6854
34083,16.7167
34084,16.9823
34085,17.3063
34086,15.6923
34087,16.7774
34088,16.5121
34089,16.7794
34090,16.9907
34091,16.3304
34092,16.5886
34093,18.3278
34094,16.0251
34095,17.0004
34096,15.3644
34097,17.0440
34098,16.8307
34099,16.2528
34100,16.4821
34101,16.7527
34102,16.6223
34103,16.6866
34104,17.4734
34105,16.4492
34106,16.0334
34107,16.7568
34108,17.0905
34109,16.1643
34110,16.6313
34111,16.6643
34112,16.6848
34113,16.6499
34114,16.6924
34115,16.6031
34116,16.7536
34117,16.9383
34118,16.5433
34119,17.1108
34120,16.5900
34121,16.0326
34122,16.6304
34123,16.7615
34124,16.6637
34125,16.6689
34126,16.7117
34127,16.6484
34128,17.3288
34129,15.9897
34130,16.6790
34131,16.8922
34132,16.9873
34133,16.0650
34134,16.6619
34135,16.6837
34136,16.6608
34137,17.3491
34138,16.1009
34139,18.1748
34140,15.1247
34141,17.9256
34142,17.2790
34143,15.6775
34144,15.7210
34145,16.6495
34146,16.7000
34147,17.2784
34148,17.1771
34149,16.2299
34150,16.0555
34151,18.4400
34152,14.8754
34153,16.6484
34154,16.5770
34155,16.9044
34156,17.0992
34157,16.0060
34158,17.2585
34159,16.0525
34160,16.6083
34161,16.8343
34162,16.6727
34163,16.7203
34164,16.9446
34165,16.2252
34166,16.7308
34167,17.1742
34168,16.5749
34169,16.7082
34170,16.6325
34171,16.0852
34172,16.7891
34173,16.6810
34174,16.6967
34175,16.5701
34176,16.7600
34177,16.5771
34178,16.6981
34179,16.7792
34180,17.0902
34181,16.7218
34182,16.0160
34183,16.6614
34184,16.6163
34185,16.8021
34186,16.6233
34187,16.6284
34188,16.6263
34189,16.7545
34190,16.7886
34191,16.4316
34192,17.2810
34193,16.4888
34194,16.3246
34195,16.7453
34196,16.5724
34197,16.6605
34198,16.7075
34199,16.6532
34200,16.6521
34201,16.8054
34202,16.5537
34203,16.6262
34204,17.1640
34205,16.9203
34206,15.8911
34207,16.7255
34208,16.6105
34209,16.8260
34210,16.5751
34211,16.7009
34212,16.5908
34213,17.7407
34214,16.6437
34215,15.6924
34216,16.5270
34217,16.6949
34218,16.7251
34219,16.6172
34220,17.0712
34221,16.4486
34222,18.0423
34223,16.2989
34224,18.0159
34225,15.2806
34226,15.6117
34227,17.2596
34228,18.1738
34229,14.8894
34230,16.2609
34231,16.6880
34232,16.6762
34233,16.6589
34234,16.7582
34235,16.5599
34236,16.7168
34237,16.6028
34238,17.4356
34239,16.3264
34240,16.6765
34241,16.1619
34242,16.7642
34243,16.6076
34244,16.5951
34245,16.7329
34246,16.6459
34247,16.7740
34248,16.5475
34249,16.7686
34250,16.6972
34251,16.7949
34252,16.4850
34253,16.7478
34254,16.5817
34255,16.6559
34256,16.5595
34257,16.7699
34258,16.6953
34259,16.6882
34260,16.6497
34261,16.6436
34262,16.6226
34263,17.0364
34264,17.1179
34265,16.7449
34266,15.7448
34267,16.7377
34268,16.6355
34269,16.5715
34270,16.7816
34271,16.6253
34272,16.6624
34273,16.6909
34274,16.9632
34275,16.2874
34276,17.1341
34277,16.1930
34278,16.7461
34279,16.5658
34280,16.7577
34281,16.6402
34282,16.6217
34283,16.8573
34284,16.5058
34285,16.7159
34286,16.6857
34287,16.6548
34288,17.1008
34289,16.5319
34290,16.3898
34291,16.6740
34292,16.5760
34293,16.6385
34294,16.7706
34295,16.6250
34296,16.6613
34297,16.6409
34298,16.7726
34299,16.6304
34300,17.4582
34301,16.5891
34302,15.8851
34303,16.6574
34304,16.6664
34305,16.7082
34306,16.6712
34307,16.6274
34308,16.7330
34309,16.6191
34310,16.6625
34311,17.0422
34312,16.8285
34313,16.1151
34314,16.8651
34315,16.8778
34316,16.1543
34317,17.6295
34318,15.8983
34319,16.5791
34320,16.6915
34321,16.6328
34322,16.6847
34323,16.8861
34324,16.9448
34325,18.1348
34326,15.8605
34327,15.5316
34328,16.6399
34329,16.6178
34330,16.6829
34331,16.6606
34332,16.7020
34333,16.5802
34334,17.5337
34335,17.3714
34336,15.8405
34337,15.9904
34338,17.0365
34339,16.3141
34340,16.6309
34341,16.6759
34342,16.6787
34343,16.6091
34344,16.7516
34345,16.6444
34346,16.8699
34347,16.3909
34348,17.2392
34349,16.6810
34350,16.9216
34351,15.8300
34352,16.6566
34353,16.7252
34354,16.6354
34355,16.7273
34356,16.6596
34357,16.5704
34358,16.7134
34359,17.5569
34360,16.5358
34361,15.9399
34362,16.7603
34363,16.5620
34364,17.5648
34365,15.8206
34366,16.5910
34367,16.8191
34368,16.5440
34369,16.6510
34370,19.6571
34371,13.9035
34372,18.2017
34373,17.5450
34374,15.4607
34375,15.2496
34376,16.7182
34377,16.7046
34378,18.4357
34379,18.2980
34380,13.3059
34381,16.6563
34382,17.2807
34383,16.0482
34384,16.5891
34385,16.6922
34386,16.8494
34387,16.6486
34388,16.4749
34389,16.8371
34390,16.4934
34391,16.7235
34392,16.9615
34393,16.2635
34394,16.7052
34395,16.6185
34396,16.6090
34397,16.7183
34398,16.6189
34399,16.7510
34400,16.6224
34401,16.6499
34402,16.6877
34403,16.7540
34404,16.5853
34405,16.7380
34406,17.8379
34407,16.2886
34408,15.7734
34409,17.2135
34410,16.1333
34411,16.7126
34412,16.5869
34413,16.7414
34414,16.6585
34415,16.6316
34416,16.8200
34417,16.4447
34418,16.7293
34419,16.8215
34420,17.2335
34421,16.0692
34422,16.7903
34423,16.4448
34424,16.5768
34425,16.6622
34426,16.7717
34427,16.7287
34428,16.5200
34429,16.7266
34430,16.6694
34431,17.0356
34432,16.3381
34433,16.7344
34434,16.5490
34435,17.5959
34436,15.7618
34437,16.6510
34438,16.6740
34439,16.5712
34440,16.6552
34441,16.6865
34442,16.6843
34443,16.6584
34444,16.7962
34445,16.8383
34446,16.4052
34447,16.8305
34448,16.4679
34449,16.7434
34450,17.2265
34451,16.1690
34452,16.5598
34453,16.5551
34454,17.2021
34455,16.1842
34456,16.7240
34457,16.6724
34458,16.6345
34459,16.6725
34460,17.0012
34461,16.3995
34462,16.6577
34463,16.6017
34464,16.7260
34465,16.6319
34466,16.6384
34467,16.6545
34468,17.8950
34469,16.2403
34470,16.0820
34471,16.4628
34472,16.7585
34473,16.5395
34474,16.7987
34475,16.5411
34476,16.6357
34477,16.7548
34478,16.5938
34479,16.7452
34480,16.6305
34481,16.7705
34482,17.1507
34483,16.0776
34484,16.7065
34485,16.7477
34486,16.5908
34487,16.5865
34488,18.5741
34489,14.8663
34490,19.8134
34491,19.4966
34492,11.9565
34493,15.2895
34494,16.7715
34495,17.0353
34496,16.4473
34497,16.4292
34498,17.4645
34499,15.9730
34500,16.9632
34501,16.3179
34502,17.0326
34503,16.6618
34504,16.2724
34505,18.1378
34506,15.1751
34507,16.7699
34508,16.4694
34509,17.3744
34510,16.1803
34511,16.5767
34512,16.8372
34513,16.5145
34514,16.8922
34515,16.9642
34516,17.8097
34517,14.9069
34518,16.5949
34519,16.7585
34520,16.6526
34521,16.7016
34522,16.6020
34523,16.7716
34524,16.5907
34525,16.7237
34526,17.6707
34527,15.9316
34528,16.3097
34529,16.6720
34530,16.8041
34531,16.5571
34532,16.6796
34533,16.7143
34534,16.6782
34535,16.6615
34536,16.6672
34537,16.6623
34538,16.5666
34539,17.7744
34540,15.8409
34541,16.5245
34542,16.7419
34543,16.4238
34544,16.7293
34545,16.5993
34546,16.7578
34547,16.6888
34548,16.5473
34549,16.7921
34550,16.6064
34551,16.7635
34552,16.6865
34553,16.6768
34554,16.5386
34555,17.9414
34556,15.2668
34557,17.0039
34558,16.4926
34559,16.6385
34560,16.7106
34561,16.5884
34562,16.7216
34563,16.8602
34564,16.4465
34565,16.9723
34566,16.4893
34567,16.6324
34568,16.6541
34569,16.6661
34570,16.6920
34571,16.6418
34572,16.7290
34573,16.4926
34574,16.7722
34575,16.6115
34576,17.2663
34577,16.0999
34578,16.7679
34579,16.4872
34580,16.7847
34581,16.8108
34582,16.4317
34583,16.6703
34584,16.6794
34585,16.7001
34586,16.5679
34587,16.7744
34588,16.6408
34589,16.8679
34590,16.5103
34591,16.6579
34592,16.6591
34593,16.7434
34594,17.2766
34595,16.6339
34596,15.9676
34597,17.0089
34598,16.4959
34599,16.5905
34600,17.4080
34601,15.7465
34602,16.7275
34603,16.6420
34604,16.9466
34605,16.5042
34606,16.5237
34607,16.7917
34608,16.6237
34609,16.5690
34610,17.4401
34611,15.9677
34612,16.6768
34613,16.5390
34614,16.7545
34615,16.6911
34616,16.6841
34617,16.6540
34618,16.8317
34619,16.6193
34620,16.4563
34621,17.0117
34622,16.9941
34623,16.0220
34624,16.6735
34625,16.6812
34626,16.6554
34627,16.6385
34628,16.8689
34629,16.5741
34630,16.6218
34631,16.6481
34632,16.7459
34633,16.6693
34634,16.9890
34635,16.2993
34636,16.6084
34637,16.7189
34638,16.6588
34639,16.5656
34640,16.7153
34641,16.7429
34642,16.6644
34643,16.7207
34644,16.5748
34645,16.8345
34646,16.4214
34647,16.9343
34648,16.8742
34649,16.1507
34650,16.8103
34651,16.6861
34652,16.5424
34653,16.7355
34654,16.5730
34655,16.7091
34656,16.6901
34657,16.7051
34658,16.7303
34659,16.6347
34660,16.5798
34661,16.7635
34662,17.0576
34663,16.1461
34664,16.7189
34665,16.6950
34666,16.6719
34667,16.6609
34668,16.7128
34669,16.6270
34670,16.5417
34671,17.0042
34672,16.5756
34673,16.6758
34674,16.5019
34675,16.7268
34676,16.6666
34677,17.1204
34678,16.4766
34679,16.3454
34680,16.6483
34681,16.7015
34682,16.6221
34683,16.7162
34684,16.6845
34685,16.6506
34686,16.7585
34687,16.6399
34688,16.6997
34689,16.5459
34690,17.7827
34691,15.5776
34692,16.5483
34693,16.7650
34694,16.6503
34695,16.6237
34696,16.6354
34697,16.7806
34698,16.5404
34699,16.7307
34700,16.6753
34701,16.7676
34702,16.5882
34703,16.8557
34704,16.3887
34705,16.6546
34706,16.7345
34707,16.6620
34708,16.6437
34709,16.6409
34710,16.7301
34711,16.6371
34712,16.8014
34713,16.7222
34714,16.4322
34715,16.7978
34716,16.6991
34717,16.5187
34718,17.6605
34719,15.7097
34720,18.5473
34721,14.7324
34722,16.7692
34723,16.5306
34724,16.6519
34725,16.7090
34726,16.7037
34727,16.8475
34728,16.4996
34729,16.7714
34730,16.5916
34731,16.7938
34732,16.5842
34733,16.5932
34734,17.3654
34735,16.5177
34736,16.0415
34737,16.9623
34738,16.4690
34739,16.8152
34740,16.5797
34741,16.8799
34742,17.6347
34743,16.1962
34744,16.3039
34745,17.2315
34746,15.8061
34747,16.6269
34748,16.4766
34749,16.7924
34750,16.6944
34751,16.9655
34752,16.5421
34753,16.4442
34754,16.8355
34755,16.5513
34756,16.9691
34757,16.5276
34758,16.4651
34759,18.8253
34760,14.5195
34761,16.7042
34762,16.5439
34763,16.7310
34764,16.5569
34765,16.7143
34766,16.7367
34767,16.5815
34768,16.7103
34769,17.7876
34770,15.5633
34771,16.8596
34772,16.4427
34773,16.6513
34774,16.7960
34775,16.4492
34776,16.7449
34777,16.7347
34778,16.6081
34779,16.6433
34780,16.8665
34781,16.5584
34782,16.6457
34783,16.6265
34784,16.7156
34785,16.7124
34786,16.5506
34787,17.2390
34788,16.6481
34789,16.1963
34790,16.5578
34791,16.6472
34792,16.7493
34793,16.6313
34794,16.7741
34795,16.5305
34796,16.7055
34797,16.6267
34798,16.7117
34799,16.9820
34800,16.3886
34801,16.6701
34802,16.5338
34803,17.0157
34804,16.7560
34805,16.8087
34806,16.1338
34807,16.7102
34808,16.6290
34809,16.7132
34810,16.5523
34811,16.7695
34812,16.6505
34813,16.6065
34814,16.6377
34815,16.7711
34816,17.0477
34817,16.6172
34818,16.8982
34819,16.0933
34820,16.6196
34821,17.0089
34822,16.3211
34823,16.6009
34824,16.8213
34825,16.6813
34826,16.6654
34827,16.6341
34828,17.4779
34829,18.8621
34830,14.2396
34831,16.0591
34832,16.7238
34833,17.8774
34834,15.9409
34835,16.1764
34836,16.5966
34837,16.6379
34838,16.7100
34839,16.6005
34840,17.1661
34841,16.2337
34842,16.7562
34843,16.6887
34844,16.9054
34845,16.4319
34846,16.5118
34847,16.6490
34848,16.6621
34849,16.7137
34850,16.5919
34851,16.6931
34852,16.9981
34853,16.3872
34854,16.6791
34855,16.6242
34856,16.6432
34857,16.7768
34858,16.5657
34859,17.3278
34860,16.6469
34861,16.0508
34862,16.7474
34863,16.5661
34864,16.6967
34865,16.7364
34866,16.5636
34867,16.6912
34868,16.5576
34869,16.8710
34870,16.5224
34871,16.8546
34872,16.4946
34873,17.6950
34874,16.1454
34875,16.1655
34876,16.7341
34877,16.6145
34878,16.6228
34879,16.7191
34880,16.6054
34881,16.6872
34882,16.6997
34883,16.6095
34884,16.7303
34885,16.6322
34886,16.6466
34887,17.2966
34888,16.4031
34889,16.2718
34890,16.6853
34891,16.6870
34892,16.7321
34893,16.6691
34894,16.7460
34895,16.5273
34896,16.6909
34897,16.6564
34898,17.5003
34899,15.7337
34900,16.8716
34901,17.0128
34902,16.7708
34903,16.0166
34904,16.7999
34905,16.5821
34906,16.7452
34907,16.6437
34908,16.6773
34909,16.6951
34910,16.6016
34911,17.0229
34912,19.2124
34913,13.7920
34914,17.0714
34915,16.8208
34916,15.9831
34917,16.7849
34918,16.6282
34919,16.6534
34920,16.7237
34921,16.5637
34922,16.6776
34923,16.7339
34924,16.6728
34925,16.6634
34926,17.4568
34927,15.8592
34928,16.7922
34929,16.6329
34930,16.4976
34931,16.6967
34932,16.7590
34933,16.6395
34934,17.0459
34935,17.9516
34936,16.2389
34937,16.0218
34938,16.5647
34939,16.0756
34940,17.4447
34941,15.9416
34942,16.7435
34943,16.4919
34944,16.7299
34945,16.7328
34946,16.6445
34947,17.4021
34948,16.4063
34949,16.2976
34950,19.5448
34951,13.7639
34952,16.5962
34953,17.5788
34954,15.8415
34955,16.5660
34956,17.0749
34957,16.5895
34958,16.5717
34959,16.9759
34960,16.6502
34961,16.1664
34962,16.6468
34963,16.6610
34964,16.6476
34965,16.9654
34966,17.3053
34967,15.8956
34968,17.8895
34969,15.2962
34970,16.7145
34971,16.6396
34972,16.6196
34973,17.9075
34974,17.3075
34975,15.0486
34976,16.4831
34977,16.7076
34978,16.5863
34979,16.6269
34980,16.6188
34981,16.8627
34982,17.6564
34983,15.6226
34984,17.0846
34985,16.4921
34986,16.3016
34987,17.3540
34988,15.9505
34989,16.7522
34990,16.5957
34991,16.6875
34992,16.6379
34993,16.7098
34994,16.6397
34995,16.7104
34996,16.7881
34997,16.6223
34998,16.5462
34999,16.6861
35000,18.9335
35001,14.9002
35002,16.6765
35003,16.1741
35004,16.6296
35005,16.7410
35006,16.6165
35007,16.6449
35008,17.1215
35009,16.9408
35010,16.4806
35011,16.2659
35012,16.5337
35013,16.7584
35014,17.2511
35015,15.9971
35016,16.6371
35017,16.6836
35018,16.7246
35019,16.5915
35020,16.6440
35021,16.6848
35022,16.6234
35023,16.7630
35024,16.5771
35025,18.0885
35026,16.0577
35027,15.9813
35028,16.6316
35029,16.7272
35030,16.6313
35031,17.6632
35032,15.6234
35033,16.7078
35034,16.9050
35035,17.2563
35036,16.0150
35037,16.4300
35038,16.7300
35039,16.5498
35040,16.6660
35041,17.5816
35042,15.7747
35043,16.6254
35044,16.6915
35045,17.2002
35046,16.1458
35047,16.6894
35048,16.7027
35049,16.7735
35050,16.7216
35051,16.9254
35052,16.1500
35053,17.7310
35054,15.6179
35055,16.8494
35056,16.5243
35057,19.9928
35058,13.3177
35059,16.6290
35060,16.9037
35061,16.5336
35062,16.5932
35063,16.8840
35064,16.6219
35065,17.2402
35066,16.1250
35067,16.4027
35068,16.7191
35069,17.2103
35070,16.6548
35071,16.4604
35072,16.3132
35073,16.7595
35074,16.8357
35075,16.5127
35076,16.8151
35077,16.4739
35078,16.7551
35079,16.4970
35080,17.1543
35081,16.5481
35082,16.5484
35083,16.4321
35084,16.6291
35085,16.7412
35086,17.4300
35087,16.2011
35088,16.5061
35089,16.6602
35090,16.6492
35091,17.2292
35092,16.1152
35093,16.9402
35094,16.3925
35095,16.5328
35096,16.6689
35097,19.5158
35098,13.9735
35099,16.5464
35100,16.6494
35101,16.7650
35102,16.7617
35103,16.4828
35104,17.5695
35105,16.3129
35106,17.5287
35107,15.6800
35108,16.2346
35109,16.7106
35110,16.6400
35111,16.6415
35112,16.6342
35113,16.8141
35114,16.5882
35115,16.6525
35116,16.6173
35117,16.6822
35118,16.6436
35119,17.3029
35120,16.1000
35121,16.6169
35122,16.6709
35123,16.6209
35124,16.6414
35125,16.7803
35126,16.6074
35127,18.0283
35128,16.0575
35129,16.1720
35130,16.3837
35131,16.7627
35132,16.8176
35133,16.4474
35134,16.9795
35135,16.3651
35136,16.5998
35137,16.7196
35138,16.6238
35139,16.7623
35140,16.6169
35141,17.5129
35142,15.7965
35143,16.7444
35144,16.5649
35145,17.6022
35146,16.7304
35147,16.1152
35148,16.2121
35149,16.7065
35150,16.6473
35151,16.5975
35152,16.7285
35153,16.6801
35154,16.6745
35155,16.7229
35156,16.5649
35157,16.7202
35158,16.8124
35159,16.5329
35160,16.7197
35161,16.5501
35162,16.7453
35163,16.7057
35164,16.5195
35165,16.7176
35166,16.6945
35167,16.5729
35168,16.6802
35169,16.7566
35170,16.5420
35171,16.7530
35172,17.7194
35173,15.6943
35174,16.6115
35175,16.6707
35176,17.0858
35177,16.5351
35178,16.6972
35179,16.2648
35180,16.6545
35181,16.6655
35182,16.7603
35183,16.6147
35184,16.6184
35185,16.8273
35186,16.5100
35187,16.6750
35188,16.8229
35189,17.0376
35190,17.4434
35191,15.7279
35192,17.6775
35193,15.2536
35194,17.4038
35195,16.0339
35196,16.5975
35197,16.7131
35198,16.6344
35199,16.6539
35200,17.2213
35201,16.3677
35202,16.4478
35203,16.6578
35204,16.7033
35205,16.6047
35206,16.6453
35207,16.6698
35208,16.7366
35209,17.0353
35210,16.4843
35211,16.4257
35212,17.1275
35213,16.6242
35214,16.1877
35215,16.7769
35216,16.6561
35217,16.6763
35218,16.8439
35219,16.3502
35220,16.7933
35221,17.4561
35222,15.8157
35223,16.6805
35224,16.8207
35225,16.5920
35226,16.5283
35227,16.6899
35228,16.6569
35229,16.7072
35230,16.7306
35231,16.6149
35232,17.5415
35233,17.0139
35234,15.3676
35235,16.7168
35236,16.9363
35237,16.9493
35238,18.5593
35239,14.2548
35240,16.5950
35241,16.6968
35242,16.6598
35243,16.6637
35244,16.7023
35245,17.0286
35246,17.3306
35247,15.7708
35248,17.7840
35249,17.5185
35250,14.5580
35251,17.3273
35252,16.0665
35253,16.6131
35254,17.1115
35255,16.3430
35256,16.7175
35257,16.5359
35258,16.7017
35259,16.7894
35260,16.4652
35261,17.2253
35262,16.5237
35263,16.6484
35264,16.6342
35265,16.2486
35266,16.7290
35267,16.6876
35268,16.5799
35269,16.7557
35270,16.8518
35271,17.8580
35272,15.8664
35273,17.7840
35274,15.3211
35275,16.6139
35276,16.3648
35277,16.6740
35278,16.5966
35279,16.6513
35280,16.7020
35281,16.6891
35282,16.6347
35283,17.8340
35284,15.9910
35285,17.8888
35286,15.5566
35287,16.7491
35288,15.9517
35289,16.7782
35290,16.5650
35291,16.5941
35292,16.7673
35293,16.5838
35294,16.9029
35295,16.4702
35296,17.0976
35297,16.6050
35298,17.6274
35299,15.4974
35300,17.0737
35301,16.2078
35302,17.1944
35303,15.9950
35304,16.6488
35305,17.0464
35306,16.3652
35307,16.6363
35308,16.6899
35309,17.5800
35310,18.8063
35311,14.7055
35312,15.4996
35313,17.2618
35314,16.1120
35315,16.6555
35316,16.7091
35317,16.7294
35318,16.5988
35319,16.7603
35320,17.3134
35321,16.8551
35322,16.9725
35323,15.4065
35324,16.5793
35325,16.9711
35326,17.2018
35327,15.9487
35328,16.6873
35329,16.6124
35330,16.7577
35331,16.6321
35332,16.7072
35333,16.5853
35334,17.1719
35335,16.0435
35336,16.8109
35337,16.6084
35338,16.7139
35339,16.6737
35340,17.5033
35341,15.9981
35342,16.5002
35343,16.7482
35344,18.0002
35345,15.2546
35346,16.6253
35347,16.7342
35348,17.8515
35349,15.4939
35350,16.9558
35351,16.3499
35352,17.6598
35353,15.6089
35354,16.6982
35355,16.6265
35356,16.6962
35357,17.0213
35358,16.2183
35359,17.1775
35360,16.1850
35361,16.6803
35362,17.3969
35363,15.9012
35364,16.7729
35365,17.0915
35366,16.1712
35367,16.6792
35368,16.5596
35369,17.0827
35370,16.9509
35371,15.9938
35372,16.6313
35373,16.6964
35374,16.8010
35375,16.6825
35376,16.5120
35377,16.8754
35378,16.8973
35379,16.2643
35380,16.6337
35381,17.0073
35382,16.9875
35383,16.3496
35384,16.3835
35385,16.7398
35386,16.9762
35387,16.2553
35388,16.7413
35389,16.6121
35390,16.6577
35391,18.1917
35392,15.6284
35393,17.6134
35394,15.2049
35395,16.6720
35396,16.7185
35397,16.6399
35398,16.6375
35399,16.6157
35400,16.7266
35401,16.9776
35402,16.3434
35403,17.1956
35404,16.3268
35405,16.6367
35406,16.6970
35407,16.5955
35408,16.5441
35409,16.7795
35410,16.5999
35411,16.6873
35412,16.6417
35413,16.7541
35414,16.5244
35415,16.8751
35416,16.8494
35417,16.2754
35418,16.8402
35419,16.4994
35420,16.7066
35421,16.5997
35422,16.7426
35423,16.7014
35424,16.6694
35425,16.6385
35426,16.6449
35427,16.5944
35428,16.7663
35429,16.8796
35430,16.6803
35431,17.2943
35432,15.7966
35433,16.5826
35434,17.0206
35435,16.4195
35436,16.5825
35437,16.6951
35438,16.6637
35439,16.7971
35440,17.0322
35441,16.4143
35442,16.9473
35443,16.1569
35444,16.7130
35445,16.6284
35446,16.6826
35447,16.6719
35448,16.6654
35449,16.7943
35450,16.5219
35451,16.6889
35452,16.6041
35453,16.6364
35454,16.7323
35455,16.6878
35456,16.5659
35457,16.7384
35458,16.6880
35459,16.6022
35460,16.6965
35461,16.7987
35462,16.7621
35463,16.4134
35464,16.6740
35465,17.2701
35466,16.4931
35467,16.1663
35468,16.6632
35469,16.7225
35470,16.7056
35471,16.6542
35472,16.7016
35473,16.6615
35474,17.3010
35475,16.7922
35476,16.8814
35477,15.6991
35478,16.6382
35479,16.5831
35480,16.7650
35481,16.6481
35482,16.6719
35483,16.6628
35484,16.6482
35485,16.6411
35486,16.6657
35487,16.7955
35488,17.6012
35489,16.0796
35490,16.7083
35491,16.2273
35492,16.5817
35493,16.7044
35494,16.6838
35495,16.5790
35496,16.6769
35497,16.7533
35498,16.5397
35499,16.7172
35500,16.6982
35501,17.0028
35502,16.7877
35503,16.5930
35504,16.7353
35505,16.1422
35506,16.6783
35507,16.6922
35508,16.5900
35509,16.7180
35510,16.6526
35511,16.8841
35512,16.4009
35513,17.0353
35514,16.6223
35515,16.4126
35516,16.6732
35517,17.2422
35518,16.1049
35519,16.5628
35520,17.0240
35521,16.4018
35522,16.6705
35523,16.7220
35524,16.5645
35525,17.0097
35526,16.9888
35527,16.9843
35528,17.4467
35529,15.0055
35530,16.7737
35531,16.4588
35532,19.2688
35533,14.0645
35534,16.6967
35535,16.6487
35536,16.7004
35537,16.6573
35538,17.4367
35539,15.9306
35540,16.6007
35541,16.7461
35542,16.5712
35543,16.9498
35544,16.3390
35545,16.7725
35546,16.6261
35547,16.9551
35548,16.4216
35549,17.1296
35550,17.0601
35551,16.5078
35552,16.2713
35553,16.3680
35554,16.6226
35555,16.5479
35556,16.7524
35557,16.7394
35558,16.5817
35559,16.6900
35560,16.6659
35561,16.9952
35562,17.2393
35563,15.9676
35564,16.4658
35565,16.6275
35566,16.7458
35567,16.6567
35568,16.6501
35569,16.7582
35570,16.5909
35571,16.6535
35572,16.5567
35573,17.1428
35574,16.5514
35575,16.3875
35576,16.6492
35577,16.7413
35578,16.5667
35579,16.6943
35580,16.7088
35581,16.6464
35582,16.6295
35583,16.7668
35584,16.5963
35585,17.1642
35586,17.0826
35587,16.2275
35588,17.0454
35589,16.2196
35590,16.2246
35591,16.7164
35592,16.6273
35593,16.7337
35594,16.6624
35595,16.6851
35596,16.6366
35597,17.5536
35598,16.4265
35599,16.0276
35600,16.6476
35601,16.7495
35602,16.5520
35603,16.6044
35604,16.8131
35605,16.5377
35606,16.7958
35607,16.5542
35608,17.6282
35609,17.1080
35610,15.5962
35611,16.4359
35612,16.5542
35613,16.7643
35614,16.6297
35615,16.7364
35616,16.5596
35617,16.7196
35618,16.6202
35619,16.6925
35620,16.6834
35621,16.5872
35622,16.8822
35623,17.1820
35624,16.3526
35625,16.8843
35626,16.0436
35627,16.7240
35628,16.6447
35629,16.6585
35630,16.6822
35631,16.7695
35632,16.5079
35633,16.7013
35634,16.7124
35635,16.6731
35636,16.7527
35637,16.5816
35638,16.6952
35639,17.0994
35640,16.0699
35641,16.7814
35642,16.6031
35643,16.7376
35644,16.5787
35645,16.6373
35646,16.7485
35647,16.8139
35648,16.4966
35649,16.7437
35650,16.5725
35651,16.6626
35652,17.5279
35653,15.8277
35654,16.6310
35655,16.7111
35656,16.5870
35657,16.7564
35658,16.5819
35659,16.6626
35660,16.8101
35661,16.6748
35662,16.6017
35663,16.8977
35664,16.5965
35665,16.9571
35666,16.9985
35667,15.8757
35668,16.5690
35669,16.8020
35670,16.5775
35671,16.7318
35672,16.5754
35673,16.7005
35674,16.7371
35675,16.5513
35676,16.7413
35677,16.6663
35678,16.6709
35679,16.7626
35680,17.5622
35681,16.3360
35682,16.0149
35683,16.6090
35684,17.0811
35685,16.2907
35686,16.6119
35687,16.6222
35688,16.7051
35689,16.7494
35690,16.6396
35691,16.6123
35692,16.7304
35693,16.6438
35694,16.6652
35695,16.6494
35696,17.4683
35697,17.1572
35698,15.3781
35699,16.6504
35700,16.7018
35701,16.6133
35702,16.6838
35703,16.6513
35704,16.6880
35705,16.5925
35706,16.7388
35707,16.8312
35708,16.5873
35709,16.7268
35710,17.2255
35711,16.0326
35712,16.6024
35713,16.6478
35714,16.7129
35715,16.5633
35716,16.7316
35717,16.6781
35718,16.8385
35719,16.4690
35720,16.8733
35721,16.5241
35722,17.1220
35723,16.7281
35724,16.1673
35725,16.5762
35726,16.6562
35727,16.6897
35728,17.4404
35729,16.4850
35730,16.0741
35731,16.6936
35732,16.7631
35733,16.4867
35734,16.6947
35735,16.9600
35736,16.5199
35737,16.7865
35738,16.4396
35739,16.6948
35740,16.6411
35741,16.6624
35742,17.1903
35743,17.1826
35744,15.8640
35745,16.3796
35746,16.7088
35747,16.6461
35748,16.5817
35749,16.7996
35750,16.8972
35751,16.3275
35752,16.7630
35753,16.8646
35754,17.3129
35755,16.3495
35756,16.1503
35757,16.6036
35758,16.6910
35759,16.7922
35760,16.4785
35761,16.7862
35762,16.7031
35763,16.5885
35764,16.7053
35765,16.7792
35766,16.8726
35767,16.6199
35768,16.9694
35769,16.8761
35770,15.8894
35771,20.9691
35772,15.2061
35773,14.5633
35774,15.9221
35775,18.7853
35776,15.0081
35777,18.0038
35778,14.8916
35779,16.6204
35780,16.6870
35781,16.6512
35782,16.6968
35783,17.0005
35784,16.3871
35785,16.6525
35786,17.4069
35787,16.2085
35788,16.2979
35789,16.6516
35790,16.5920
35791,16.7707
35792,16.6748
35793,16.6969
35794,16.8420
35795,16.3491
35796,16.9293
35797,16.6924
35798,16.8487
35799,16.3013
35800,17.4339
35801,16.4051
35802,16.9812
35803,15.8475
35804,16.6225
35805,16.8538
35806,16.5353
35807,16.6636
35808,16.5689
35809,16.6545
35810,16.6825
